/****************************************************************************
** Resource object code
**
** Created by: The Resource Compiler for Qt version 6.11.1
**
** WARNING! All changes made in this file will be lost!
*****************************************************************************/

#ifdef _MSC_VER
// disable informational message "function ... selected for automatic inline expansion"
#pragma warning (disable: 4711)
#endif

static const unsigned char qt_resource_data[] = {
  // tutorial_en.html
  0x0,0x0,0xe,0xd9,
  0x28,
  0xb5,0x2f,0xfd,0x60,0xe2,0x31,0x7d,0x76,0x0,0xda,0x8a,0x74,0x17,0x2f,0xd0,0xac,
  0x68,0xdb,0x8,0x71,0x1b,0x3b,0x93,0x42,0x49,0x4d,0xbc,0xec,0xee,0x24,0x1a,0x70,
  0x1,0xbb,0xaa,0xb0,0xf1,0x62,0x3c,0xb3,0x1e,0x89,0xa1,0x60,0xc1,0x73,0x8e,0xa1,
  0x6f,0xf6,0x8d,0x4b,0x68,0x71,0xbe,0xf0,0x82,0xc3,0xa9,0x78,0x82,0x90,0x1,0x69,
  0x1,0x5a,0x1,0x8e,0x95,0xe5,0xb4,0x1d,0x87,0xb1,0x81,0x32,0x50,0xad,0xac,0xd9,
  0x97,0x79,0xb4,0x6e,0x23,0x84,0xd6,0x42,0x13,0x3e,0x6e,0x9d,0xf4,0xf,0x9b,0x1d,
  0x94,0x24,0x13,0x61,0xc,0xbd,0x46,0xb8,0xd6,0x71,0xff,0xd2,0xa6,0x6a,0x52,0x27,
  0x69,0x2c,0xe,0x10,0x7,0xf,0x10,0xe,0x18,0x87,0x3d,0xc6,0xd1,0xa6,0x99,0x6e,
  0x96,0xa7,0x79,0xc9,0xb5,0xbe,0x4e,0xe3,0xcb,0x34,0x4d,0xc,0x13,0xd1,0x90,0x70,
  0xb4,0x21,0xcc,0x8,0x26,0xbe,0xab,0xc4,0x15,0xf4,0x89,0x5b,0xae,0x6d,0xef,0x25,
  0xfa,0x42,0x19,0x6a,0x69,0x90,0x81,0x31,0x81,0x1,0xa2,0x42,0x8f,0xfc,0xa8,0x11,
  0xaf,0xa6,0x1a,0x5c,0x3e,0x8f,0x48,0x9e,0xa4,0x61,0x22,0xca,0x56,0x52,0x40,0x7d,
  0xe7,0xfb,0x64,0xad,0xb4,0x80,0xa4,0x89,0xfc,0x83,0x70,0xc0,0x88,0x7,0xc4,0x4,
  0xeb,0x11,0xde,0xb1,0xf3,0x1c,0x24,0xcb,0x44,0x5a,0x9d,0x94,0x81,0xec,0x72,0x31,
  0xb0,0xf2,0xb8,0xdf,0x4d,0x90,0x6c,0x44,0xd2,0x68,0x75,0xcf,0xb6,0xc4,0x6,0x86,
  0xc,0xf,0xa7,0xe,0xef,0xb4,0xf3,0x3d,0x46,0x30,0x27,0x71,0x3f,0x93,0x95,0xd,
  0x36,0xfa,0x5b,0x43,0xa2,0x97,0x61,0xa3,0x21,0x81,0x8d,0x9,0x15,0xf,0x65,0xd,
  0x89,0x86,0x15,0xc6,0x4d,0x84,0x61,0x22,0xe,0x50,0x5,0x8,0x59,0x80,0x11,0xcd,
  0x8d,0x2,0x7c,0xc8,0x1e,0x80,0x86,0xfb,0x42,0x6d,0x95,0x77,0x8,0x90,0x7,0xc8,
  0x3,0x4,0x8,0x10,0xcb,0x83,0x7,0x11,0x6,0x40,0x22,0x1e,0x38,0x64,0x40,0x1e,
  0x1e,0x5,0x40,0x1e,0xf,0x1c,0x20,0xf,0x8f,0x4b,0x28,0x2,0x2,0x61,0xfa,0xa9,
  0xbd,0x1a,0x48,0x20,0xb9,0xbd,0x60,0x80,0xf,0x4b,0x1,0x8b,0x3,0x5d,0xeb,0x38,
  0x17,0xb4,0x9b,0xbd,0x68,0xfe,0x6c,0x75,0xfa,0x34,0x24,0x34,0x4a,0xc7,0x44,0x24,
  0xda,0x7e,0x9f,0x69,0x44,0x78,0x38,0x2f,0x49,0xbc,0x7a,0x27,0xb4,0x50,0x2,0xf3,
  0x12,0xe8,0x37,0x24,0xb0,0xa1,0xaf,0xf2,0x8f,0x77,0xfa,0x8e,0x57,0x43,0x82,0xb2,
  0x52,0x4,0xfa,0x78,0xff,0x10,0xe6,0x6b,0x14,0x1,0x40,0x49,0x58,0x6a,0x8b,0x1e,
  0x8a,0x28,0x49,0xc3,0xc2,0x4,0x86,0x69,0xe9,0x78,0x7f,0xdd,0x65,0x67,0x20,0x64,
  0x81,0xa8,0xc8,0xa8,0x60,0x18,0xa,0x7,0x1a,0x18,0xe6,0xd1,0x40,0xa,0x8b,0xb,
  0x4,0x32,0x60,0xe0,0x45,0x85,0xc,0xa,0x38,0x1,0xe3,0x81,0xc,0x8a,0xb,0x15,
  0x1,0x44,0x2,0x4d,0x8a,0x90,0x35,0x89,0x21,0x57,0x89,0xcf,0xe,0x99,0x39,0x16,
  0x3f,0x59,0xa,0x2d,0xe4,0xc7,0x26,0x39,0xad,0xed,0xa4,0x20,0xac,0x74,0xa2,0x4b,
  0xac,0xb4,0x77,0x1,0x59,0x2a,0x85,0x85,0x3e,0xb1,0x6d,0x3a,0x15,0xf5,0x52,0x83,
  0xae,0xcf,0xd4,0x25,0xd4,0x6,0x2b,0x19,0x7d,0x67,0xe4,0xae,0xbe,0xad,0xd4,0x38,
  0xb,0x5c,0xf8,0xb9,0x76,0xa7,0xba,0x85,0x7e,0xa7,0x56,0x77,0xca,0x9c,0xfa,0xb2,
  0x7b,0x4c,0xdc,0x30,0x35,0xd2,0x46,0xd5,0x80,0x4b,0xe5,0xb7,0xa5,0x14,0x1,0x32,
  0xe6,0x27,0xc2,0x96,0xae,0x55,0x31,0x55,0x87,0xa8,0x9f,0xad,0x8f,0x91,0x33,0xb8,
  0xd7,0x56,0xc0,0xc5,0xd5,0x31,0xf4,0x94,0xb6,0x6d,0x9c,0x52,0xd4,0x97,0xfa,0xc7,
  0xff,0xb2,0xa9,0x77,0x8e,0xd0,0x31,0xba,0x93,0x1a,0x95,0x42,0x2d,0xa3,0x7e,0xe8,
  0x59,0x9d,0x5e,0x7a,0x11,0x53,0x20,0x73,0x89,0xae,0xbd,0x4a,0x3b,0x27,0xd6,0x49,
  0x41,0xd2,0x8d,0xb3,0xad,0xfe,0x70,0x97,0x8e,0x8e,0x8a,0xcb,0xa6,0x4d,0xac,0x74,
  0x54,0xe4,0x1,0xc2,0x49,0x4f,0xf1,0xd9,0xa4,0xd5,0x72,0x31,0xd0,0x18,0xfc,0xe9,
  0x3b,0xbe,0xf7,0x3a,0xb,0x20,0xfa,0x42,0x7d,0xdb,0x82,0xa,0xf,0xe,0x58,0xd9,
  0x36,0xd0,0x5a,0xbe,0xbb,0x5d,0xf0,0xc0,0x4,0x15,0x8,0xca,0x43,0x6,0x8,0x10,
  0xc8,0x92,0xa0,0x1c,0x0,0xad,0xcf,0x89,0x89,0x78,0x2d,0xda,0x48,0xef,0xec,0x99,
  0x46,0x23,0xa6,0xd0,0x34,0x9a,0x97,0xb2,0x7,0x4,0xfa,0xd8,0x40,0x9,0xd1,0x72,
  0x58,0x1e,0x6e,0x9f,0xce,0xe8,0x45,0xb,0x82,0x11,0x28,0x41,0x1d,0x3b,0x8c,0x10,
  0xe0,0xc1,0x3,0x7b,0xfc,0x14,0xec,0x27,0x0,0x2,0x42,0x3,0xb2,0x22,0x2c,0x63,
  0xf9,0x5a,0xd3,0x85,0xd,0x1,0x20,0x10,0x87,0x86,0x4,0xf4,0x6c,0xa7,0x26,0x3f,
  0xa2,0xfa,0x2d,0x4a,0x92,0x2e,0x39,0x85,0xa0,0xa5,0xe4,0x32,0x62,0xde,0x69,0x24,
  0x2d,0xae,0x60,0xd6,0xb6,0x46,0xc2,0x60,0x5c,0x57,0x4b,0xec,0xca,0x0,0xf3,0x8f,
  0x85,0x25,0x37,0x37,0xb1,0xa7,0xb6,0x17,0xb9,0x45,0xa6,0x6d,0xf3,0x95,0x25,0x80,
  0xb,0x53,0xf5,0xaf,0xcf,0x83,0xdf,0xc,0x39,0xe2,0x92,0x2f,0xae,0xa0,0x95,0xea,
  0x4c,0xfc,0x2f,0xa4,0x6b,0xa7,0x57,0xab,0x35,0xeb,0xce,0xef,0x17,0x1d,0xda,0x1a,
  0xed,0x57,0xee,0xd9,0x2c,0xcf,0xa2,0xe8,0x58,0x13,0x77,0x27,0xe2,0xab,0xc7,0x6d,
  0x62,0x2a,0xdb,0xa5,0xdf,0xf,0x26,0x6a,0x94,0xce,0xd0,0x52,0x74,0x74,0xbb,0x79,
  0x98,0xb6,0x89,0xdd,0x64,0xa5,0x5a,0x92,0x63,0xa2,0x72,0x9a,0x10,0xe6,0x27,0xfb,
  0xcd,0xa9,0x53,0xdf,0xcb,0xc6,0x4d,0x54,0x51,0xac,0xed,0x3b,0xe9,0xe9,0xb6,0xc6,
  0x44,0x4f,0xf4,0x96,0x1b,0x49,0x4a,0xd5,0x95,0xc2,0xcd,0x4,0x2e,0xee,0x51,0xbe,
  0xc8,0xd4,0x5d,0xfb,0x39,0x8e,0x36,0xe8,0xad,0x2d,0x3e,0x56,0x13,0x1c,0xc0,0xf1,
  0x0,0xee,0xf9,0x9c,0x46,0xdc,0xce,0x7b,0x23,0xb9,0xd2,0xc9,0x36,0x6,0xb5,0x38,
  0x34,0x89,0xf1,0x75,0x9f,0xf0,0x8f,0x1f,0xc8,0x6c,0x6b,0x52,0x84,0xb6,0xc4,0x74,
  0x29,0xb7,0x19,0x69,0x43,0xdf,0xbc,0x5c,0x5d,0x11,0x98,0xc8,0x70,0xa9,0x19,0x27,
  0x6b,0x9b,0x54,0x69,0x90,0xa9,0xbb,0x5c,0xae,0x6c,0xd5,0x71,0xd6,0x41,0xa7,0x3a,
  0xbd,0x36,0x6a,0xf2,0xce,0xa6,0x31,0x3f,0xbe,0xa3,0xd,0xb5,0xd3,0x5d,0xd9,0x52,
  0xb8,0x9f,0x3,0x5a,0xbf,0xf,0xbf,0x75,0x55,0x9c,0x55,0x8e,0x49,0x2d,0x3c,0xb4,
  0x6d,0x44,0x9d,0x19,0x5a,0xe8,0xd0,0x68,0xbf,0x99,0xbe,0x4b,0x1b,0x58,0x2e,0x7e,
  0x29,0x95,0x6f,0x53,0x8a,0x36,0x7c,0xe9,0xb9,0x55,0xce,0x5a,0x5f,0x23,0xcc,0xd0,
  0x40,0xb6,0xe4,0xa8,0x93,0xac,0xa0,0x9e,0x42,0x25,0xe0,0xe4,0x63,0x92,0xda,0xcd,
  0x3,0x25,0x2c,0xfa,0xe4,0x53,0x15,0xf8,0xeb,0x4b,0xc1,0xc0,0x45,0x31,0xb7,0x1a,
  0xd0,0xd1,0xcc,0x4d,0xa0,0x3,0xc3,0x5,0xb,0x74,0x38,0xf0,0xc0,0x70,0xa1,0x6d,
  0x52,0xd2,0x42,0x31,0x5f,0x4c,0x74,0xb4,0x52,0x74,0x62,0xa,0xb8,0xe8,0x72,0x49,
  0x61,0xc9,0x3a,0xb5,0x92,0xed,0xa9,0xc4,0x5f,0xea,0x58,0x27,0x37,0x15,0x9d,0xa0,
  0x45,0x85,0xc5,0x92,0x4b,0x41,0xe6,0xf4,0x91,0x2d,0x53,0x52,0xb5,0x2e,0xea,0x5a,
  0xca,0x24,0xf5,0x39,0x93,0x38,0x92,0x16,0x3d,0xc4,0x34,0x8b,0xfe,0x7a,0xa3,0xca,
  0x31,0x46,0x2b,0x57,0xab,0xcd,0xe8,0xa1,0x92,0x62,0x4e,0xfd,0x5d,0x29,0x9,0x29,
  0x5c,0x26,0xbe,0x8d,0x6e,0xe2,0x4f,0x8c,0xb2,0x1f,0x5f,0x7d,0x32,0x4a,0x86,0x2e,
  0x31,0xbe,0xb3,0xd9,0xef,0x4e,0x21,0x6d,0xef,0xd4,0x4a,0xa4,0x7c,0xe2,0xb9,0xd0,
  0x63,0xc7,0xa,0xbe,0x5b,0x7e,0x93,0x6d,0x93,0x52,0xd,0xea,0x2,0x43,0x81,0x47,
  0x6,0xb,0x2d,0x7a,0x68,0x69,0xef,0x61,0x5c,0x72,0xcf,0xf4,0xe,0xbb,0x72,0xfa,
  0x98,0x29,0xe4,0xce,0xaf,0xa5,0x87,0xee,0xea,0xb0,0x27,0xb6,0xa6,0x13,0x7a,0x2a,
  0xfd,0xa4,0x6c,0x3f,0x7d,0xda,0x61,0xa5,0xda,0x8e,0xbe,0xb6,0xd6,0x68,0xb3,0x2d,
  0xdf,0xa,0x64,0xd4,0x85,0xf2,0xdf,0x54,0x6e,0x79,0x61,0xe2,0x2b,0x57,0x2d,0xa5,
  0xd2,0x87,0xaa,0xf9,0xf2,0x3e,0x4a,0x1d,0xae,0xf5,0xdb,0xa3,0xd2,0xd2,0x4d,0xa8,
  0xfe,0xfe,0x17,0x2d,0x26,0x67,0x78,0x4e,0xa,0x9d,0x2e,0xb7,0x9e,0x93,0x72,0x8b,
  0xae,0x16,0x7,0xbf,0x74,0xc3,0x6b,0xa,0x51,0x22,0x87,0xc3,0xf8,0x52,0xa7,0xb6,
  0xb5,0xce,0x3b,0x49,0xf1,0xbb,0x64,0x85,0xde,0x55,0x5c,0x4d,0x6c,0x1,0x17,0x6d,
  0x6c,0xde,0xc0,0xee,0x9d,0x6a,0x63,0xd4,0xfc,0xb4,0x54,0xaa,0xee,0x4a,0x69,0x4c,
  0x51,0x9c,0x18,0xc2,0xe6,0x57,0xed,0x36,0x52,0xe,0x56,0x40,0x2d,0xf,0x2e,0xf1,
  0x52,0x1a,0x70,0x69,0xb0,0xf8,0x4,0x6,0x6,0x38,0x69,0x9e,0x94,0x77,0x2e,0x77,
  0x41,0x29,0xf9,0x8b,0xf1,0xf1,0x22,0x53,0x8e,0x8e,0xa5,0x8e,0x8e,0x9f,0x5c,0x86,
  0x2f,0x92,0x36,0x60,0x3e,0x94,0xad,0xbf,0x7f,0x6e,0x4f,0x45,0x9d,0x90,0xdb,0x77,
  0x95,0xec,0xc7,0x51,0x69,0xdb,0xd9,0xef,0x98,0x2,0x97,0x48,0x5f,0x71,0x6a,0x84,
  0xde,0x52,0x6b,0x12,0xf5,0x69,0x8d,0xd4,0x95,0xd2,0xd2,0x42,0x9e,0xa4,0xa,0xa5,
  0xcd,0x31,0x53,0xef,0x77,0xd5,0xd2,0x1f,0x7a,0xe6,0xc8,0x29,0x2f,0x35,0xca,0xd1,
  0x32,0x5a,0x9,0xf8,0x7d,0xb5,0x5b,0xba,0x67,0x3,0x83,0xd9,0xa8,0x12,0x94,0xd2,
  0x39,0xa6,0x4a,0x44,0x24,0x5,0x49,0x92,0xe,0x42,0x10,0x8,0x4,0x82,0xe2,0x71,
  0xac,0x68,0x92,0x3d,0xe2,0xd8,0x40,0xd,0x44,0x90,0x28,0x82,0x8,0x11,0x11,0x11,
  0x19,0x11,0x11,0x91,0x20,0x52,0x50,0x92,0x94,0x24,0x1d,0xfb,0x86,0x22,0x56,0xeb,
  0x5,0x92,0x8f,0xe1,0xb,0x25,0x33,0x72,0xc9,0xfd,0x65,0xff,0xf2,0x80,0xbb,0x7c,
  0xb,0xbd,0xf0,0x78,0x91,0xc6,0x87,0x7e,0x42,0xad,0xa4,0xa6,0x97,0xb,0x7d,0x4a,
  0x36,0x6,0x23,0x2b,0x94,0xeb,0x6,0x85,0x13,0xbc,0x28,0x6e,0x60,0xea,0x3e,0x3f,
  0xf8,0x2d,0xec,0x4e,0x96,0x25,0x68,0x2e,0x38,0xd0,0x1c,0x8,0xe1,0x9,0xc8,0xfc,
  0x73,0x7f,0x7,0x28,0x27,0xe0,0x77,0x1e,0x1,0xca,0xb5,0x48,0x56,0x0,0x1f,0xb2,
  0xe9,0x71,0x32,0xc0,0x49,0xae,0x7e,0x51,0xfd,0xe1,0x1b,0x41,0xcc,0xc8,0x24,0x6f,
  0x9c,0x88,0x8d,0xa6,0x6a,0xce,0x29,0x5c,0xe9,0x8c,0x8c,0xa9,0x11,0xeb,0x4f,0x1b,
  0xc5,0xe9,0xc,0xf0,0xc2,0x26,0x90,0xbf,0x90,0x52,0xe7,0x35,0x83,0x2d,0xa0,0xdc,
  0xc5,0x19,0x71,0xb6,0x2a,0x5f,0x3a,0x3d,0x36,0x80,0x9a,0x36,0xa0,0xa0,0xfe,0x57,
  0x23,0x1a,0x7e,0xa0,0x1a,0xa,0x47,0x2c,0xb7,0xd1,0x99,0xd3,0x2a,0x8c,0xbf,0x6d,
  0x4,0x45,0xa2,0xfc,0xe8,0x46,0x61,0xd7,0xb8,0x91,0x24,0xf0,0x96,0x80,0xea,0x44,
  0xb1,0xf7,0x93,0x50,0x40,0xbd,0xea,0xef,0xe5,0x29,0x5f,0xf5,0xe7,0xb,0x21,0x66,
  0x8e,0x76,0x31,0xf4,0x22,0x2a,0xd5,0x62,0xe8,0x10,0x67,0x94,0xa7,0x97,0x57,0x14,
  0x55,0x6e,0x5b,0x59,0xe2,0x94,0x31,0xa7,0x40,0x4a,0xf3,0xb9,0x16,0xaa,0x72,0xad,
  0x22,0xf1,0x74,0x41,0x4b,0x26,0x3a,0xd5,0x5e,0xcd,0x42,0xed,0x7a,0x4a,0x75,0x72,
  0x20,0x4c,0x56,0xd1,0xb7,0xf5,0xc8,0xa7,0x6f,0x71,0xb9,0x4c,0xba,0xb1,0xa7,0xe8,
  0x6e,0x7,0xf2,0x1a,0x5c,0xe,0x13,0x55,0x6,0x1a,0xec,0x69,0x9f,0xd2,0xa5,0x7a,
  0x6a,0x44,0x23,0x7,0x97,0x6b,0x8b,0x78,0x16,0x32,0x1a,0x76,0xfe,0x27,0xc0,0x4d,
  0x21,0x92,0x81,0x6d,0x3c,0x73,0x12,0x1e,0xb,0x76,0xb1,0x9b,0xa2,0x0,0x66,0xdc,
  0x29,0x12,0x7a,0x7d,0x5b,0xfa,0x64,0x39,0x5c,0xd2,0x8b,0x4b,0xc5,0x0,0x4f,0x4,
  0xa,0xf5,0x47,0x70,0xab,0x50,0xa0,0xe1,0xd8,0xc8,0x4a,0x4c,0xae,0x48,0xeb,0x25,
  0x9c,0xc7,0x3d,0x11,0xc3,0x84,0xcd,0x69,0x81,0x1a,0xc5,0xca,0x67,0xc7,0x52,0x84,
  0xbb,0x70,0x56,0x54,0xcf,0xc2,0xfe,0x84,0x81,0xcb,0x18,0x3d,0xc4,0xe1,0x50,0x17,
  0xef,0x19,0x98,0x10,0x19,0xdc,0x24,0x72,0xbf,0xed,0x83,0xc4,0x54,0x53,0x10,0x2,
  0xa1,0xa7,0xad,0x2,0xbb,0x20,0x23,0xc8,0xa8,0x8,0x77,0x16,0xcf,0xbf,0xd7,0x84,
  0x6b,0xf8,0xfe,0x61,0x87,0x80,0xe9,0x26,0xb9,0x87,0xd8,0x2,0xed,0x18,0xe3,0xad,
  0xdb,0x78,0x7a,0x25,0x4e,0x9f,0xb8,0xa8,0x93,0xfe,0xbd,0x38,0x2,0xf5,0x43,0x72,
  0xa6,0x19,0xe4,0xe0,0x29,0x7c,0x1d,0xaf,0xda,0x94,0xb8,0x70,0x6b,0xe1,0xd0,0xd2,
  0x46,0x13,0x47,0xff,0x1c,0xc4,0x9a,0xa8,0x91,0x58,0x27,0xb8,0xaa,0x2f,0x77,0x81,
  0xf7,0xa2,0x6b,0x27,0xa4,0xe7,0xa3,0xf0,0xa4,0xf0,0xd2,0xcc,0x1f,0x4c,0xbc,0x72,
  0x38,0xd4,0x13,0x2c,0x94,0x3c,0x27,0xad,0x58,0x7a,0x4a,0xc6,0xa9,0x92,0xb2,0x15,
  0x12,0x7d,0x79,0x8e,0xa9,0xd0,0xff,0x8c,0xa8,0xb3,0x79,0x92,0x83,0x7c,0xba,0x6c,
  0xd0,0xa4,0xd1,0x9c,0x1b,0xe8,0x7,0x40,0x3a,0x76,0x9b,0xc4,0xc3,0xfb,0x3,0x52,
  0x8c,0x26,0x14,0xe7,0xe9,0x5c,0x8c,0x3a,0xdd,0x33,0xed,0xd2,0xab,0x74,0x8c,0x49,
  0xe1,0xd8,0xec,0x46,0xc8,0x46,0x64,0xa0,0x65,0x73,0xe7,0xa,0xb0,0xae,0xb9,0x2e,
  0xb6,0xba,0x90,0xf6,0x33,0x86,0xfe,0x1a,0xc1,0x6e,0x85,0x3a,0x9b,0x8d,0x2d,0x98,
  0xde,0x67,0xc5,0x1c,0x77,0x9b,0x24,0x7e,0xd4,0x45,0xa4,0xe3,0x36,0xc3,0xcd,0xb7,
  0xd7,0x5c,0x67,0xaf,0x78,0x48,0xc8,0x47,0x18,0x78,0x9e,0x28,0xe7,0xc7,0xcd,0xdc,
  0x25,0x9b,0x7b,0x88,0x93,0x78,0x15,0x38,0xb7,0x4b,0x9d,0xf6,0xac,0x66,0xf2,0x82,
  0xc5,0x8a,0xca,0xf9,0x9,0x91,0x37,0xe0,0x2e,0xd1,0x37,0xa5,0x12,0x19,0x3b,0xd6,
  0x72,0x98,0xa6,0x3c,0x60,0xa0,0x2b,0xad,0xde,0x32,0xb,0x8b,0x36,0x63,0x68,0x95,
  0x72,0x8b,0xe3,0xc0,0xf0,0xb3,0xec,0x3a,0x8a,0x36,0x6f,0x7b,0xcb,0x69,0xf4,0x90,
  0xf4,0x7d,0xc6,0xad,0x95,0xaa,0xaa,0xeb,0xd1,0xab,0xb1,0xfc,0x93,0x5b,0xfb,0x74,
  0xba,0x5c,0x7d,0x85,0x9f,0xd8,0x84,0x10,0x63,0x22,0xef,0xb2,0x8e,0x2f,0x64,0xb6,
  0x59,0x57,0xb8,0x90,0x5f,0x29,0x76,0x78,0x4,0x64,0xd4,0xaa,0x31,0x66,0x25,0x81,
  0x29,0x12,0x96,0xe5,0xb1,0x8e,0x3c,0x8e,0x9e,0x56,0x2d,0xb9,0xcd,0x16,0x76,0x2,
  0x1e,0xd0,0x40,0x5d,0xeb,0xe2,0x23,0x63,0x40,0x24,0xa6,0xd5,0x43,0x42,0x4a,0x2,
  0x83,0xdf,0x37,0xf3,0x9e,0xf8,0x56,0x79,0x40,0x54,0xf1,0x78,0xdf,0x16,0xfe,0x95,
  0x24,0x72,0xb0,0xb,0x60,0x42,0xe9,0xc6,0xc2,0x77,0x4f,0xef,0x4b,0x53,0xe7,0x14,
  0x80,0x2c,0x1c,0x2,0x3b,0xb7,0x89,0xae,0x15,0xe9,0x2d,0x15,0x5c,0xca,0xcf,0x9,
  0x2f,0x93,0xbd,0xb2,0x9c,0x3,0x80,0x77,0xf2,0xb2,0x3c,0xad,0x47,0x33,0x28,0x28,
  0x9c,0x8c,0x98,0xf6,0x3b,0x21,0x5c,0xdb,0x89,0x56,0x59,0xe5,0x7,0x7e,0x2e,0x67,
  0x76,0x50,0x5e,0x11,0x82,0x75,0xc8,0x2a,0xfb,0x79,0xf8,0x88,0x2c,0x13,0xa5,0x4a,
  0x67,0x8c,0x9c,0x13,0xf5,0x90,0xcf,0x33,0xc0,0x58,0x56,0x6f,0x66,0x25,0x6e,0x26,
  0x83,0xb8,0x55,0x22,0xf6,0x36,0x3,0x8b,0x3b,0x90,0xff,0xd,0x20,0x1,0x6d,0x67,
  0x85,0x73,0x24,0xb8,0x5b,0x63,0xe4,0x55,0xb3,0xf6,0x12,0x3b,0xee,0x46,0x35,0xa6,
  0x24,0xd9,0x69,0xd0,0xdc,0x35,0x39,0xea,0xa0,0x6,0xf8,0x92,0xd9,0x75,0x8f,0xb5,
  0x68,0x48,0x0,0xf0,0x16,0x95,0xa7,0xa8,0xcb,0x7d,0x17,0x58,0x97,0x59,0xb5,0x5,
  0x86,0x9a,0xc6,0x9d,0xc1,0x4,0x52,0xf5,0x90,0xad,0xed,0xbe,0x67,0xde,0xf,0xf4,
  0xf0,0x49,0x3,0x3,0x31,0x7f,0x41,0x95,0xc7,0x31,0x75,0x73,0x89,0xab,0xf6,0x82,
  0xdb,0x75,0x30,0xdd,0x21,0xfc,0xcd,0x2c,0x10,0xdf,0xe0,0x4,0x65,0x63,0x21,0xb8,
  0xdd,0x6f,0x1a,0xb,0xfd,0xcf,0x48,0x18,0x1b,0xd4,0xa3,0xc5,0xcd,0xcd,0x11,0xfd,
  0x64,0x98,0xd9,0x66,0x46,0x6,0x35,0x4e,0x14,0x30,0x62,0xa,0x98,0x43,0xbb,0x76,
  0xfb,0x60,0xb8,0x37,0xa5,0xd0,0xa6,0x7,0x6,0x20,0x1,0x28,0xb,0xc2,0x47,0xea,
  0x76,0xe5,0xea,0xe5,0x67,0x91,0xbd,0x0,0x95,0x2b,0xcb,0xf3,0x6b,0x70,0x80,0x3,
  0xd9,0x53,0x90,0xc0,0x9c,0x4c,0xcf,0xb2,0x5b,0x53,0x44,0x9,0xc4,0x3f,0xa8,0x89,
  0xc,0x82,0x39,0x8c,0x64,0xa6,0xbe,0xb7,0xfc,0xf,0xc5,0x40,0x27,0xa8,0x66,0x12,
  0x4d,0xa1,0x36,0xd0,0xe2,0xc1,0x5,0xe9,0xd7,0x7f,0x2b,0xbf,0x62,0xe9,0x21,0xd,
  0x40,0xdc,0x69,0xd0,0x4f,0x72,0x2c,0x4e,0x65,0x55,0x5b,0xc4,0x74,0xbb,0x3,0x8e,
  0x75,0x63,0xe3,0x72,0xac,0x4c,0x47,0x54,0x4b,0xd7,0xb9,0x40,0x27,0xfd,0x2,0xe5,
  0xd2,0x0,0x26,0x62,0x2d,0x6b,0x1e,0x28,0x5c,0xaa,0x1a,0x81,0x84,0x5b,0x2c,0x82,
  0xe3,0x57,0xd7,0x71,0x77,0x80,0xe4,0x63,0xdc,0x1,0xc6,0xf9,0x29,0x39,0xc2,0x43,
  0x19,0x0,0x6e,0x55,0xbf,0x58,0x23,0x30,0xfa,0xcd,0xca,0xe9,0xba,0xa6,0xdb,0x60,
  0x10,0xab,0x90,0x2a,0x8,0xee,0x9f,0xfe,0xeb,0xac,0x12,0xdd,0x77,0x50,0xa,0x1e,
  0xb,0xdd,0x4b,0xaa,0xed,0xd5,0xc5,0x84,0x31,0x5a,0xac,0x4c,0x8,0xba,0x1a,0xb6,
  0xa2,0x2d,0xc5,0xa7,0xf8,0xa9,0xba,0x7,0x28,0xa0,0x92,0x42,0x90,0xc3,0x13,0xc9,
  0xcf,0xa5,0xb9,0x47,0x29,0x2c,0x84,0x1b,0xf1,0xbc,0xbd,0x42,0xed,0x55,0xb5,0x11,
  0x3d,0x19,0xc1,0xe7,0x66,0x8a,0x70,0x72,0xbb,0x95,0x57,0x7,0xa1,0xb1,0x8f,0x54,
  0x83,0x10,0x8b,0x14,0x63,0x4a,0x66,0x26,0xf0,0xe1,0xed,0x9e,0xc0,0x3a,0x6e,0xd,
  0x8f,0xf0,0x18,0xe,0x28,0xee,0x3,0x88,0xff,0x76,0x90,0x1e,0x55,0x77,0x2a,0xcb,
  0x27,0xf4,0x62,0x3f,0x84,0xbf,0xae,0x0,0x38,0x66,0xbd,0x9d,0x7d,0x11,0xb2,0xd8,
  0xc6,0x15,0x55,0xe5,0x4b,0x82,0x25,0xc,0x70,0x32,0x6d,0xc6,0xce,0x60,0xaf,0x6c,
  0xbe,0x72,0x24,0xd9,0x49,0xab,0x60,0x7f,0xe1,0x47,0x88,0xd,0xb,0xe3,0x5e,0x57,
  0xa5,0xa3,0x16,0xf,0x8,0x1d,0xd9,0xd8,0xfc,0xa8,0xa,0x99,0xf,0x94,0x50,0x24,
  0x78,0x92,0x49,0x7c,0x1c,0xa1,0x31,0xd6,0xa5,0x60,0xcf,0xf2,0x3c,0x5c,0xa6,0x9e,
  0xc6,0x85,0x3f,0x1f,0xc6,0xec,0xaf,0xed,0x6,0x77,0x47,0xc1,0x6c,0xd4,0x8e,0x27,
  0xe5,0x9d,0x21,0x83,0x5c,0xd3,0x70,0x3c,0xec,0x78,0xe6,0x93,0xb2,0x17,0x61,0x3e,
  0x6e,0xa6,0x41,0xda,0xcf,0x23,0xee,0x1b,0xaf,0xda,0x69,0xb8,0x40,0x1a,0x85,0x80,
  0x59,0xbe,0x61,0x3d,0x2b,0xf9,0x6a,0x99,0x72,0xa9,0x10,0x49,0x4c,0xc3,0x6e,0xe,
  0x93,0x4a,0xb0,0xe2,0xe3,0x51,0x35,0xfb,0x1a,0x1a,0x31,0xca,0xa0,0xaa,0x3d,0xf5,
  0xcf,0x2e,0x24,0xdd,0x4b,0x9b,0x2b,0x34,0x2b,0x8e,0x6e,0x6,0xe2,0x8a,0x21,0x8a,
  0x85,0xb6,0x58,0xe2,0xc1,0x3e,0x56,0x12,0x1f,0xa5,0x58,0x40,0xaf,0x34,0xd9,0x89,
  0x3b,0xb9,0x5d,0x28,0xac,0xca,0x90,0xb5,0x3e,0x14,0xcf,0x4c,0x2b,0xd9,0x7d,0x26,
  0x96,0xde,0x86,0x92,0x6f,0xca,0x2b,0x61,0xd6,0x63,0xc5,0x3b,0x21,0xef,0xec,0xd3,
  0x91,0xc3,0xe7,0x19,0x70,0xfd,0xac,0x9,0x8a,0x94,0x16,0x8a,0x16,0xce,0x1f,0x16,
  0x6a,0x3b,0x25,0x3f,0x89,0x25,0x1e,0x7d,0xb4,0xe0,0x6,0x0,0xa2,0xee,0x75,0x88,
  0x4c,0xe4,0x4e,0x2e,0x37,0x9c,0x7d,0x7f,0xdd,0x90,0x53,0xa7,0x76,0x85,0xbb,0xcc,
  0x5d,0xf4,0x2,0xd4,0x32,0x8e,0x1,0x75,0x5c,0xb3,0x16,0x57,0x8b,0x39,0xda,0x26,
  0x51,0xe7,0xc,0x3c,0x20,0xa1,0x71,0x2c,0x4f,0x48,0x42,0x3f,0x34,0xe1,0xff,0x76,
  0xb3,0x76,0x9e,0x70,0x11,0x43,0xdd,0x1,0xeb,0x29,0xd,0xb,0x14,0xc3,0x30,0x65,
  0xa9,0x8c,0xdf,0x48,0x85,0x3a,0xea,0x86,0xf,0xc8,0xf0,0x14,0x44,0xad,0xe4,0x37,
  0x13,0xe4,0xc1,0x13,0xb0,0xce,0xa4,0xe9,0x98,0xe,0x5a,0x8d,0x2e,0xd4,0x98,0xa4,
  0x23,0xc0,0xec,0x5f,0x45,0x69,0xf0,0x11,0x90,0xed,0x85,0xa4,0xb2,0x24,0x53,0xa6,
  0x1c,0xf4,0x8a,0x44,0xeb,0x20,0xd8,0x54,0xe0,0x86,0x6,0x10,0x23,0x80,0x26,0xd6,
  0x97,0xb8,0x69,0x90,0x4b,0x64,0x27,0x5a,0xe6,0xce,0x5d,0x58,0x50,0xe3,0x79,0x6b,
  0x88,0xc8,0xe6,0x17,0xcf,0x9b,0xc,0x2b,0xc,0xf7,0x17,0x19,0xe0,0x31,0xed,0x39,
  0x85,0xa1,0x1f,0x1e,0xdf,0xf3,0x29,0xde,0x2c,0xd8,0x1f,0xa,0x7d,0x38,0x7d,0xad,
  0x59,0xbb,0xd,0xb6,0x35,0xe1,0xd9,0xa9,0xd7,0x8a,0x90,0x1c,0x9a,0x38,0xe4,0xfe,
  0x6c,0x7b,0xd7,0xaa,0xb,0x6d,0xdd,0x7b,0xf,0x54,0xcd,0xe0,0x8f,0x6d,0x6f,0xb0,
  0xf5,0x60,0xac,0xfe,0x2c,0x92,0xe8,0xba,0xea,0xd4,0xa8,0x83,0xda,0x8c,0x0,0x50,
  0xde,0xd,0x9a,0xda,0xed,0x82,0x30,0x45,0x36,0xb9,0x50,0x3a,0xfa,0xce,0x5f,0x0,
  0xe8,0x17,0xd1,0xa,0xa2,0xbf,0xf0,0xe2,0x1b,0xf3,0x95,0xe6,0x31,0x17,0xad,0x1d,
  0x28,0x2d,0x97,0x99,0xe1,0x5c,0x35,0x98,0x1d,0xc5,0x1d,0x84,0x4,0x2,0x27,0x7b,
  0xfa,0xba,0xfb,0x28,0x1d,0xdf,0xfa,0x2,0x27,0x41,0x4b,0xe7,0xa4,0x4a,0xb3,0x1a,
  0x36,0x51,0x62,0xa6,0xb5,0x50,0x4a,0x6b,0x89,0x2,0xe,0x21,0x69,0xff,0xf5,0x7,
  0xba,0x40,0x4d,0xd,0x9a,0xd4,0xe6,0x68,0x4f,0xd4,0x1a,0xa8,0xb2,0x47,0x7c,0x6b,
  0x8,0xfa,0x16,0xfc,0x21,0x96,0x20,0x3d,0xad,0x7,0xd4,0xd0,0x67,0x6a,0x99,0x6b,
  0xe9,0x94,0x81,0x71,0x63,0xb3,0xdf,0xf7,0xa5,0x9b,0xe3,0x8f,0x90,0xe6,0xab,0xc2,
  0x7a,0xf2,0x6e,0x86,0x6a,0x91,0x9c,0xa1,0x51,0x60,0xb1,0x5,0x97,0x6d,0xad,0x4a,
  0x12,0x63,0x7,0x9f,0xba,0x72,0xeb,0x5b,0x75,0x5,0x71,0x8c,0x98,0xd8,0x44,0x32,
  0x4a,0x8e,0x23,0xf4,0xf,0xa3,0xdd,0x91,0x1f,0xf7,0x99,0x18,0x89,0x23,0xbe,0x11,
  0xa8,0xfa,0xd9,0xfb,0x4c,0xd8,0x46,0x6d,0xba,0xd8,0x6a,0x4a,0x13,0x7b,0x3,0x75,
  0xf6,0x93,0xc1,0x4d,0x66,0x71,0x31,0xcb,0x62,0x1e,0x18,0x82,0xd,0x19,0xd9,0x48,
  0x84,0x62,0x33,0x3e,0x44,0xa2,0x3,0xd3,0x5d,0xc9,0xdf,0xc2,0x4,0x71,0x62,0x2e,
  0xc6,0xc0,0xc2,0x13,0xdc,0x93,0xcb,0x85,0x14,0xb1,0x4f,0xca,0x19,0x86,0xee,0x7c,
  0x64,0xd6,0x11,0xe9,0x4f,0x46,0xde,0x41,0x3,0x65,0xc,0xfd,0x74,0x58,0x4,0x2d,
  0xa5,0x59,0x3b,0x45,0xc6,0xd,0x11,0x26,0x82,0xec,0xe9,0x42,0x51,0x84,0x60,0x6a,
  0x3d,0x65,0x93,0x6f,0x15,0x5b,0x0,0x43,0xf,0x8b,0xe3,0xf7,0x22,0xbc,0x49,0xcd,
  0x43,0xe8,0x29,0x78,0x18,0x0,0x15,0xee,0x69,0xec,0x79,0x1,0x55,0x85,0x73,0xf1,
  0x50,0x47,0x96,0x2b,0xe6,0x79,0x35,0xe9,0x41,0x57,0x34,0x83,0x9d,0xf6,0x88,0x6b,
  0x25,0x4c,0x60,0x2d,0x68,0x1a,0xfb,0xf3,0xb4,0xaf,0xb,0xa5,0x23,0x93,0x65,0x5a,
  0xf7,0x6d,0xf9,0xe3,0xd1,0x41,0x18,0x15,0xe0,0xf5,0x73,0x51,0xb8,0xda,0x29,0x61,
  0xcb,0x82,0x33,0xa4,0x44,0xa9,0xf,0x9d,0xa6,0x7,0x2c,0xfd,0x91,0x5,0x18,0xcb,
  0x41,0x61,0xc9,0x53,0x38,0xe5,0x23,0x72,0x44,0x96,0xd8,0x8,0x22,0x30,0x37,0xb0,
  0xc,0x25,0x24,0x4,0xc0,0x7d,0x48,0xe5,0x88,0x4c,0x4d,0xc5,0xb2,0xdd,0x1c,0xf0,
  0xe2,0xfd,0x82,0x73,0x1e,0x1f,0xa7,0x57,0x8e,0xbc,0xc,0x8f,0x92,0x4d,0x4a,0xc8,
  0x41,0xf8,0x16,0xac,0xc6,0xbc,0xc2,0xaa,0xc7,0xa5,0x32,0x52,0x7a,0x39,0xf9,0xc7,
  0xcb,0x40,0xb3,0xb6,0x79,0xa7,0x80,0x4a,0x42,0x3,0xa7,0xc,0x4d,0x4a,0x49,0x15,
  0x96,0xd6,0x3b,0x2a,0x4d,0xa3,0x60,0xbd,0x6f,0x9f,0xe8,0xfb,0xc7,0xaa,0x1c,0x45,
  0xb4,0xd0,0xa7,0x56,0x7c,0x2c,0xb6,0x2,
    // tutorial_zh.html
  0x0,0x0,0xf,0x85,
  0x28,
  0xb5,0x2f,0xfd,0x60,0x1d,0x40,0xdd,0x7b,0x0,0x5a,0x71,0x48,0x19,0x49,0xc0,0xce,
  0xce,0x3,0x68,0xb0,0x89,0xa4,0x15,0xcb,0x22,0x8,0x82,0x20,0x8,0x6,0x5e,0xac,
  0xbe,0xc6,0x6b,0xd8,0xe6,0xab,0x7e,0x66,0x2a,0xf4,0xcb,0x77,0x3d,0x6,0x89,0xfe,
  0xda,0xd9,0xc1,0xb5,0xf8,0x26,0x40,0x6,0xad,0x52,0x8e,0x88,0x9,0x87,0x48,0x61,
  0xd8,0x22,0x7e,0x33,0x2e,0x97,0x80,0x3e,0xe2,0x32,0x21,0xb2,0xcd,0x84,0xb,0xce,
  0x75,0x15,0x45,0x19,0x11,0x9c,0xa,0x89,0x1,0x7c,0x1,0x7d,0x1,0xf0,0xb,0x4a,
  0x55,0x36,0x66,0x53,0xa7,0x18,0x4,0x2,0x2,0x82,0xa2,0x19,0x1e,0x8d,0xd4,0xa,
  0x97,0x3a,0x29,0x56,0xf0,0x23,0x8a,0xb7,0x11,0xf1,0xb9,0xbe,0x4f,0x8c,0x9f,0x66,
  0xe3,0x8b,0x3a,0x5c,0x67,0x77,0x99,0x1e,0x8b,0x96,0x4e,0x90,0x81,0x8e,0xd,0x1c,
  0x5,0x4c,0x6c,0x7,0xf,0x1f,0x77,0xed,0x1c,0x65,0x5d,0xe8,0xf3,0xb7,0xe6,0x77,
  0x91,0xf1,0xac,0x14,0x5b,0x8f,0xd5,0x7c,0x31,0x25,0x17,0xbe,0xfa,0x6f,0xce,0x63,
  0x9a,0x9d,0x1,0x4b,0xa4,0x2a,0xee,0x3a,0x2d,0xa7,0x8f,0x1c,0x7f,0x4d,0xe,0x77,
  0x51,0x91,0xdb,0xc0,0x70,0x93,0x47,0x65,0xc2,0x95,0x59,0xa3,0xd1,0x99,0xf1,0x51,
  0x60,0x82,0x8d,0xdb,0x36,0x9d,0x70,0x76,0x38,0x51,0xec,0xb,0x6f,0xa8,0x69,0xea,
  0x4c,0x95,0x4c,0x1e,0x78,0x75,0x3d,0xd8,0x36,0x85,0x53,0x96,0x7c,0x66,0xa0,0xdc,
  0xd6,0xb,0x7b,0x8c,0x50,0xd3,0x93,0xdc,0x7a,0x34,0x60,0x16,0x75,0x7a,0x4e,0xf,
  0xc7,0xc6,0x67,0x45,0x79,0x34,0xda,0x33,0x4,0xf5,0x9e,0x4a,0x28,0x5a,0x12,0xa9,
  0x50,0x9c,0x21,0x1,0x67,0x6,0xfc,0xb6,0x27,0x4e,0xd6,0x89,0x92,0x1,0x78,0xe2,
  0x58,0x3d,0xd7,0x36,0x44,0x8e,0x47,0xb,0x46,0xb,0x18,0x60,0x2c,0x20,0x89,0x40,
  0xd,0x48,0x19,0x23,0x8c,0xc,0x6,0xa2,0x8e,0x5,0xa2,0x4f,0x83,0xd0,0x27,0x81,
  0x28,0x34,0xf2,0x70,0x33,0x42,0x21,0xd4,0x2a,0xa7,0x2b,0xac,0xa2,0x1e,0x3,0x25,
  0x5a,0x2e,0x7b,0xa1,0xc0,0x39,0x2,0x2d,0x0,0x61,0xac,0x2a,0x9b,0x4a,0x69,0x58,
  0xe1,0x13,0x7b,0x1,0x7e,0xe5,0x14,0x5e,0xdd,0xd5,0xc3,0xa3,0xb1,0xae,0x52,0x17,
  0x2d,0x99,0xd6,0x56,0x66,0x65,0xd4,0xc3,0xe0,0x93,0x92,0x5b,0x1a,0xf2,0x1a,0xc3,
  0xa9,0x4a,0x3d,0x1d,0xa0,0x72,0x89,0x55,0xf6,0x68,0x9c,0x9e,0x95,0x15,0x22,0x7f,
  0x64,0x77,0x95,0xdd,0x57,0xf5,0x68,0x7c,0xb0,0x2d,0x12,0xeb,0x87,0x25,0xcb,0xaa,
  0x33,0x95,0xd7,0x55,0x9,0x40,0xc7,0x84,0x4a,0xd7,0x76,0x25,0xab,0x4a,0x1d,0x93,
  0x27,0x3,0x7,0x8a,0xb6,0xa9,0xfb,0xb2,0x32,0x1b,0xbb,0x29,0xdc,0x71,0x86,0x40,
  0xa4,0x8d,0x8e,0xd,0x14,0x95,0x80,0xf1,0x1,0x45,0x3f,0x9e,0x53,0x82,0x85,0xb,
  0x11,0x3c,0x6c,0x38,0x2f,0x60,0xe8,0xa8,0x70,0x72,0x6c,0x8,0xd1,0x21,0x41,0xc3,
  0x46,0x80,0x52,0x53,0xf9,0x22,0x77,0x89,0xcc,0x77,0x6a,0x78,0x1d,0x25,0x88,0x8b,
  0xe5,0xc5,0x9a,0xaf,0x12,0x93,0xc3,0xe0,0xba,0x6b,0xf8,0x61,0xf6,0x6d,0xd7,0xf7,
  0xed,0x25,0xa7,0xbd,0xfa,0xd0,0xce,0x6b,0xc0,0x9f,0x6b,0x7e,0x92,0xfa,0x46,0xc6,
  0xfe,0x8a,0xe,0x6f,0xfa,0x3c,0x32,0xd9,0x5d,0xb3,0x8b,0x92,0x14,0xdf,0xb6,0xef,
  0x13,0xbf,0x12,0xec,0xc4,0x60,0x2f,0xf6,0xba,0x50,0x79,0x9b,0x3c,0x6d,0xba,0x82,
  0x65,0x95,0x7,0xbb,0x82,0x74,0x32,0xec,0x9e,0x3f,0xa1,0xa5,0xd7,0xcb,0x9f,0xd1,
  0xbd,0xa6,0xa2,0x8b,0xd0,0xf8,0xb9,0x97,0xdf,0x28,0x6f,0x19,0x20,0x6e,0x3a,0x8d,
  0x48,0xac,0x14,0x1a,0x7,0xd2,0xbf,0xa5,0xb6,0xa9,0x8a,0xfc,0xe5,0x27,0x4c,0x98,
  0x46,0xec,0xf3,0x32,0x66,0xad,0x72,0xc,0xb3,0x29,0x1,0x24,0xd8,0x65,0xfc,0x46,
  0x5c,0x5f,0x63,0xb6,0x15,0xe0,0xae,0x30,0xe2,0x97,0x63,0x97,0x15,0x10,0xc2,0x44,
  0x8,0xe9,0x63,0xe4,0x41,0x41,0x28,0xa4,0x6a,0x7c,0x3c,0x50,0xa9,0x72,0xa,0x82,
  0xae,0x5e,0x15,0xb4,0x9e,0x5a,0x72,0xeb,0xd,0x89,0x51,0x32,0x9a,0xda,0x0,0x73,
  0x65,0x7d,0xc3,0xaf,0xba,0xa2,0x3e,0x22,0xd6,0xf3,0x74,0xb0,0x52,0x45,0xa0,0x8f,
  0xcb,0x7a,0xc0,0xe9,0x6a,0xa5,0x86,0xce,0x8c,0xd3,0xc1,0xea,0xbe,0xee,0x8a,0x82,
  0xdf,0x1,0x9,0x46,0x28,0xd6,0x2b,0x7f,0x9c,0xb0,0x7c,0x80,0xa4,0x32,0x60,0x51,
  0xa8,0x94,0xd5,0xb6,0xeb,0x80,0x50,0x48,0xe4,0xd1,0x50,0xc9,0x28,0x16,0xe4,0x94,
  0xca,0xa5,0xe,0xac,0xaa,0xc1,0x3a,0x6d,0xe6,0x71,0x64,0x2a,0x13,0x22,0xda,0xb4,
  0xe5,0xa6,0x2b,0x34,0x5d,0xb5,0xd4,0x77,0x3,0x55,0xd9,0xf6,0xd4,0xda,0x80,0xc6,
  0xab,0xa,0xb7,0xde,0x78,0xe5,0x80,0xb6,0xe4,0xcf,0xeb,0xa6,0x2c,0xb,0x84,0x4a,
  0xdf,0xd6,0x5,0x79,0x51,0x4c,0xe6,0xa7,0xd5,0x37,0x8e,0xf1,0xdf,0x54,0x7c,0x8d,
  0xf1,0xc3,0x94,0xf8,0xd0,0xf8,0x67,0x7e,0xf8,0x4c,0xe3,0x30,0xf5,0x6d,0x54,0xf1,
  0xbb,0xe6,0x17,0x99,0x5d,0xe0,0x8e,0xdd,0xc5,0xe2,0x69,0x8e,0xbf,0xc4,0x25,0xaf,
  0x2d,0x5f,0x74,0x4c,0x29,0x5a,0x3a,0x41,0xfa,0x24,0x8a,0xcf,0xcd,0x74,0x1b,0x1d,
  0x48,0x14,0xc2,0x18,0x91,0x30,0xd0,0x14,0x8a,0x85,0xa6,0xd6,0x13,0x8c,0xc2,0x27,
  0x90,0x47,0x78,0x11,0xf8,0x5d,0x6c,0x5a,0x2f,0x46,0xd6,0x61,0xc6,0xef,0x32,0xe3,
  0x7b,0xae,0x9e,0x4a,0x75,0x98,0xb9,0xcf,0xc2,0x3b,0xd2,0x9f,0x80,0xfb,0x12,0x38,
  0x5f,0x37,0x9f,0xc5,0x89,0x3f,0xf6,0xec,0x6e,0x3,0x73,0x24,0xae,0xf,0x71,0xfa,
  0xac,0xe6,0x41,0x22,0x92,0x88,0x94,0x62,0xe1,0x35,0xfe,0xc4,0x27,0x82,0x10,0x17,
  0x42,0x8a,0xb6,0x2d,0x54,0x88,0xd3,0x6d,0xfb,0x5e,0x41,0xd2,0x5f,0x39,0x28,0xb5,
  0xae,0xb2,0xbc,0xe7,0x1e,0x6f,0x9e,0x79,0x94,0x6d,0xdb,0x56,0x46,0x10,0x26,0x17,
  0xce,0xf8,0x19,0xad,0x88,0xc7,0x9a,0x9f,0x67,0xe3,0x96,0x1d,0x58,0xb4,0x99,0xd4,
  0x72,0x9d,0xc7,0xeb,0x2e,0x36,0x1f,0x93,0xf5,0x8,0x10,0x3a,0x50,0x64,0x5e,0x19,
  0xeb,0x49,0x11,0x3c,0xd6,0xe2,0x5b,0x96,0x46,0x97,0x7,0x36,0x5f,0xcd,0xce,0xcb,
  0xb9,0x73,0x38,0x4f,0x82,0xcb,0x25,0xef,0x15,0xba,0xcf,0x40,0xd6,0xc,0x9f,0xb5,
  0x65,0x27,0x74,0x64,0xcb,0x17,0x31,0x14,0xdf,0x1,0xca,0xf8,0x23,0xae,0xd7,0x9c,
  0x78,0x98,0xd8,0x37,0xc9,0xf9,0xb3,0x9e,0x37,0xf6,0x20,0xfd,0x69,0x60,0x91,0xa4,
  0x1b,0x73,0xb2,0x57,0x47,0x19,0x7e,0xa4,0x72,0x2a,0xfd,0x8c,0x48,0x57,0xf8,0xf4,
  0x59,0x3d,0x4c,0x1e,0x95,0x9,0x3a,0x25,0x6f,0xd2,0x3f,0x76,0xd9,0xf,0x8,0x50,
  0x2e,0x84,0xe,0x1a,0x2c,0x80,0xf8,0x74,0xd0,0xe0,0xaa,0x79,0xa3,0xce,0x77,0x6c,
  0xb5,0xf9,0xb3,0xc0,0xe9,0x32,0xb9,0x7e,0x93,0xec,0x38,0x61,0xd7,0x2d,0x3d,0xd1,
  0xfe,0x5,0xbb,0xa,0xf,0xa7,0x75,0xb9,0xf0,0xe6,0x59,0x9a,0xdf,0xc2,0x86,0x5,
  0xc,0xb2,0x61,0x6e,0xc3,0xf5,0x9b,0xf2,0xb6,0xbd,0x7a,0xd3,0x95,0xef,0x7c,0xf9,
  0xf1,0xa5,0xcb,0xcc,0x7c,0x2c,0xd8,0x73,0xe8,0x6f,0xfc,0xb6,0xfa,0x6e,0x61,0xde,
  0x3d,0x16,0x2f,0x32,0xbc,0x91,0x75,0xe1,0xcf,0xcf,0x2f,0xbe,0xb7,0x32,0xe7,0x2b,
  0x68,0x7e,0x36,0xe7,0x1d,0xe4,0xfc,0x85,0x35,0x9f,0x26,0xd8,0x57,0x96,0xf7,0x4d,
  0x8a,0x8f,0xdd,0xf0,0xba,0xee,0x2c,0xbe,0x1c,0xc6,0xbc,0x6f,0xf6,0x2f,0x79,0xd3,
  0x4c,0xfc,0x5,0x63,0x8e,0x7c,0x7b,0xe7,0x93,0xb4,0xcd,0xa4,0x13,0x67,0xdf,0xb4,
  0x71,0x98,0x5d,0xbf,0x31,0xef,0x22,0xf3,0xa6,0xe9,0x6f,0x2b,0xbb,0x8c,0x32,0x1d,
  0x53,0xbb,0x92,0x55,0x4a,0x24,0xae,0x73,0xc9,0x6a,0xaa,0xee,0x62,0xf0,0x12,0x26,
  0x7e,0x9e,0x72,0x7a,0xbe,0x29,0x97,0xdd,0x29,0x71,0x5a,0x24,0x57,0x71,0xc9,0x57,
  0xec,0x72,0x1a,0x1c,0x5c,0xa,0x24,0xdd,0x7f,0x36,0x6f,0x8b,0xe5,0xc2,0xfa,0x56,
  0xe2,0x33,0xf4,0x5f,0xd6,0x24,0x81,0x4a,0x11,0x9f,0xb7,0x5,0x63,0x35,0x8f,0x1c,
  0xf1,0xa0,0x91,0xba,0x9f,0x9d,0xb,0x1b,0x28,0x7c,0x3c,0x64,0xa0,0x0,0x6a,0x59,
  0x1e,0x68,0xdc,0x72,0x3d,0x72,0xb6,0x17,0x32,0xbf,0x8c,0x6e,0x5e,0xa9,0x6f,0x13,
  0x15,0x2e,0x22,0x9e,0x2c,0xaa,0xbc,0xd4,0x7c,0xdb,0xb,0xed,0xd4,0xc9,0x59,0x4d,
  0xec,0xeb,0x50,0x94,0x36,0xb,0x49,0x1f,0x69,0xf6,0x61,0xed,0xf2,0xcb,0xb1,0x90,
  0x90,0xf8,0xd9,0x87,0xdf,0xea,0x9b,0xe6,0x26,0x5,0xbd,0xeb,0x80,0x30,0x5a,0x6c,
  0x9c,0xa4,0x2b,0x89,0x36,0xff,0x56,0x82,0xeb,0x25,0xbb,0x3f,0x12,0xcb,0x65,0xb9,
  0x9e,0x5c,0xe2,0x3a,0x90,0x85,0xe7,0xc9,0x5c,0x44,0x20,0xcd,0xb7,0xb1,0x71,0x5a,
  0xfc,0x6d,0x2e,0xe1,0x15,0x45,0xfc,0xb,0xae,0xa7,0xc0,0xe0,0x9d,0xb3,0x3,0x1a,
  0xd5,0x60,0xf2,0x19,0xf1,0xaf,0xf0,0x81,0x62,0x8,0xeb,0x47,0xda,0x81,0x1d,0xce,
  0x2d,0x86,0xb8,0x6e,0x2b,0x60,0xa2,0x54,0x99,0xe9,0xc3,0x94,0x98,0x57,0x2f,0x51,
  0x7a,0x13,0x26,0x4c,0xd6,0x8b,0x23,0xf9,0x8,0xdd,0x47,0x70,0x3e,0x12,0xe7,0xff,
  0x7e,0xdd,0xae,0x75,0x15,0xc4,0x6f,0x7,0x77,0xf9,0xd0,0xee,0xb9,0xa3,0x8a,0x12,
  0x57,0x31,0xf7,0x16,0x97,0xa3,0xb,0x8f,0xf9,0x7c,0x26,0x9f,0x5,0xcf,0x3,0x7d,
  0x3e,0x58,0xdf,0x3b,0xe6,0x7d,0xf3,0xea,0xc9,0x16,0x3f,0x5c,0x76,0x64,0x11,0x7,
  0xd6,0x3e,0xd6,0xfc,0x39,0x2a,0xb7,0x5c,0x6f,0x7e,0x7b,0xd9,0x79,0x4d,0xe,0x1c,
  0x1d,0x19,0x38,0x6a,0xb8,0x99,0x7a,0x65,0xf9,0xe2,0x65,0xc6,0x16,0xec,0x33,0x34,
  0x9e,0xfb,0x79,0x1b,0xac,0xe7,0xd0,0x9a,0xca,0x22,0xd2,0xc7,0xb8,0x7c,0xd8,0xb1,
  0x1f,0x6f,0xb8,0x1d,0xeb,0x35,0xf,0xff,0x91,0xf4,0x9c,0xcc,0xd7,0xe8,0xe,0xcb,
  0xe1,0x29,0x82,0x9d,0xb6,0xf9,0xd9,0xc,0xae,0xab,0x6f,0xd9,0x8d,0xc7,0xc1,0xf5,
  0xa1,0xc,0xce,0x62,0xf6,0x6b,0x78,0xb4,0x5b,0xf7,0x35,0x71,0x46,0x3b,0x18,0x84,
  0x19,0xa8,0x73,0xa,0x3d,0x15,0x41,0x6b,0x86,0x44,0x46,0x9a,0x14,0xd2,0x1,0x93,
  0x50,0x10,0x10,0x12,0x8f,0xca,0xc7,0xf3,0x61,0x81,0xdc,0x3,0xd3,0x76,0x31,0xc8,
  0xe,0x41,0x19,0xc2,0x88,0x31,0x84,0x20,0x1,0x11,0x18,0x22,0x20,0x44,0x40,0x8,
  0x11,0x2a,0x81,0x4,0x22,0x81,0xd1,0xc,0x75,0x3,0x3b,0x96,0x7e,0xd5,0x31,0xb8,
  0x2f,0x9f,0xd3,0x29,0xac,0xd,0xf9,0xd6,0x4a,0x8,0xe5,0x7b,0x7c,0x32,0x41,0x58,
  0xee,0x76,0xd5,0x40,0x63,0x59,0xaf,0xe3,0xdc,0xb6,0xbe,0xa9,0xa8,0xca,0xe,0x5e,
  0x8,0x8e,0x39,0x9d,0xa2,0x85,0x6b,0x9d,0xc2,0x22,0x3b,0x70,0x96,0xf5,0x51,0x70,
  0x29,0x30,0xdb,0xd6,0xee,0xa6,0x81,0x18,0x6d,0xea,0xd8,0x49,0x48,0xdd,0xc0,0x7a,
  0x85,0x30,0x54,0x4b,0xe1,0x23,0xfd,0xb0,0x32,0xe2,0x92,0xa5,0x6f,0x39,0x83,0xf8,
  0x8c,0xfd,0xdb,0x94,0x64,0xe1,0x1a,0xf9,0xe3,0x4f,0x2c,0x75,0x99,0xff,0x73,0x2b,
  0xe3,0x88,0xa4,0xbb,0xa4,0x2f,0xdd,0xde,0xc1,0xcd,0x28,0xeb,0x41,0x41,0x50,0x60,
  0xeb,0x90,0xe6,0x7e,0x1c,0x48,0x1,0x4,0xcb,0xd2,0xfa,0xe0,0x16,0xc8,0x53,0xb9,
  0xc,0x2c,0x73,0xcf,0x5d,0x9,0xc8,0x53,0xf2,0xa8,0x1d,0x85,0x7b,0x95,0x6a,0x65,
  0x5b,0xdc,0x98,0xdc,0x66,0x9,0x52,0xcc,0xf7,0xb4,0xc,0xd6,0x26,0xbf,0xa9,0x74,
  0x86,0xce,0xeb,0xc,0xc,0x67,0x43,0x82,0x89,0xee,0x1,0x39,0x20,0x3d,0x92,0x8a,
  0xb6,0x6,0xd5,0x93,0xbb,0xa1,0xf3,0x7d,0x2c,0x7e,0x3d,0x27,0xf8,0xcb,0xf0,0x55,
  0x33,0xe7,0xb3,0x88,0x58,0x54,0x62,0x9b,0x8c,0x3c,0x15,0x34,0x72,0x20,0x3f,0x2c,
  0xe0,0x2,0x10,0xc6,0xd8,0x32,0xa2,0x59,0x68,0x49,0x40,0xa6,0x17,0xb0,0xd5,0xd8,
  0x2,0x36,0x5a,0x98,0x2,0x60,0x72,0x3,0x54,0xed,0x9c,0xc3,0xa9,0xa2,0xa5,0xdb,
  0x2e,0x45,0x7e,0x38,0x74,0x15,0x42,0x52,0x44,0xfa,0x25,0x60,0x10,0x51,0xde,0x13,
  0xae,0xfb,0x8d,0x39,0x3c,0x83,0xd9,0xa7,0x1b,0x4a,0x24,0xf3,0x36,0x6,0x20,0x53,
  0x95,0xae,0xa9,0xb0,0x5b,0x6e,0x63,0x6f,0x82,0xa5,0xf0,0x8b,0x41,0x7b,0x1f,0x7c,
  0x52,0x94,0xa4,0xc7,0x25,0xf3,0xb1,0xc8,0x19,0x7b,0xc9,0x9e,0x19,0xa,0x31,0x75,
  0x7b,0xe1,0x96,0x7c,0x82,0x8,0x69,0x23,0x5a,0x17,0x3,0x8f,0xdd,0xbd,0x96,0x8d,
  0xd4,0xf0,0xb8,0x4,0xb0,0x53,0x6a,0x31,0xc,0xfa,0xee,0xa9,0xc5,0x47,0x3e,0x55,
  0x48,0x1f,0xe2,0x17,0x43,0x2c,0x87,0x1a,0xcd,0x1d,0x89,0xa5,0x10,0x3a,0xcf,0x74,
  0x2d,0xc5,0x6,0x87,0x8b,0xb8,0xe,0xb2,0xcb,0xaa,0xca,0x30,0x54,0x27,0xde,0xa5,
  0x65,0x54,0x51,0x9f,0x88,0x19,0xda,0xda,0xdd,0x5b,0x67,0x3,0x2a,0x92,0x90,0x54,
  0xed,0xd7,0x50,0xde,0x3c,0xcd,0x5d,0x51,0xf4,0x22,0x8d,0xc4,0x82,0xee,0x4b,0xf8,
  0x26,0xca,0xb,0xd9,0xb2,0x11,0xa9,0x31,0xd2,0x80,0xf4,0x3b,0x89,0xf0,0xc5,0x45,
  0x68,0x90,0x41,0xfa,0x12,0xcf,0x1d,0x8,0x23,0x3e,0x14,0xb6,0x71,0x30,0xbc,0xdc,
  0xd8,0x33,0x31,0xf6,0x2d,0x2a,0xf9,0xe9,0xd,0xec,0x7,0x4,0x84,0x1f,0xd3,0x8e,
  0xbe,0x7b,0xd,0xc3,0xd6,0x8b,0xaf,0xa8,0xf5,0xe1,0xe5,0x8c,0x3e,0xa8,0x56,0xab,
  0x6c,0x99,0xef,0xab,0x6b,0x44,0x5e,0xbd,0x36,0x37,0x91,0x95,0xc7,0xd4,0x87,0x2a,
  0xa8,0x46,0x20,0xbc,0xec,0xf7,0x6e,0x46,0x16,0x97,0x71,0xf3,0x8c,0x30,0x88,0x16,
  0x76,0xc8,0x2a,0xce,0x31,0x70,0xdc,0xd4,0x2b,0x8e,0xe3,0x2b,0x5a,0x65,0x36,0x34,
  0xb,0x7f,0xa0,0x50,0x58,0x48,0x85,0x12,0x11,0xb5,0xbc,0x58,0xdf,0x86,0x51,0x17,
  0xc,0xd5,0xb4,0x1e,0x47,0x74,0x6f,0xcd,0x95,0x11,0xa2,0x26,0x28,0x9,0x1a,0x16,
  0xc1,0xa1,0x85,0x9c,0x80,0x2f,0xf8,0x58,0x60,0x1c,0xf0,0x44,0xe6,0x7f,0x11,0x9c,
  0xe8,0x3a,0x67,0xff,0x82,0x7d,0xda,0x15,0x8,0x3,0x5d,0xaf,0x5b,0x18,0x92,0x78,
  0x82,0x77,0xa9,0x1c,0x2,0xea,0xb0,0x3,0x90,0x48,0xa9,0x92,0xf9,0x3d,0x5f,0x75,
  0x8f,0xa2,0x3,0x5,0xfb,0x74,0x9c,0xa,0x9d,0x76,0x28,0xd6,0x31,0xab,0x7,0xc8,
  0x34,0x92,0x9f,0x30,0x6f,0x6a,0xfa,0xe8,0xc5,0x6a,0xbd,0x37,0xa1,0xb0,0x11,0x56,
  0xa1,0x81,0x7,0x3d,0x87,0xd3,0xc2,0x10,0x36,0xba,0x3c,0x25,0xbc,0xc5,0x4,0x91,
  0x2c,0x87,0x30,0x34,0x77,0xef,0x5,0x9d,0x47,0x79,0x7b,0xcd,0x39,0x17,0x61,0x40,
  0xed,0x3b,0x5c,0x82,0xda,0x4b,0xa1,0x58,0xb4,0xcc,0x36,0xfa,0xae,0xd0,0x97,0x90,
  0x4a,0xb4,0x2e,0x7e,0x81,0x7e,0x70,0x90,0xbc,0x8e,0x74,0xa6,0x24,0x93,0x59,0x9b,
  0x25,0x9b,0xeb,0xb1,0x52,0x18,0xf0,0x71,0x19,0x93,0x41,0xa5,0x5a,0x35,0x2e,0x32,
  0xb2,0xcd,0xdf,0xee,0x3e,0x73,0xa2,0xe9,0x15,0xb3,0xa9,0x57,0x75,0xb5,0xf2,0x9d,
  0x73,0xb0,0xe,0x26,0xc8,0x90,0x8,0x1c,0x8c,0x8,0x28,0xc5,0xa7,0x86,0x43,0xe4,
  0xff,0x8e,0xf1,0xf2,0x73,0x90,0x24,0xe0,0x7,0xfc,0x60,0xc4,0xa9,0x60,0xe6,0x47,
  0x68,0xf3,0x81,0x8f,0x2a,0x97,0x31,0x97,0xaa,0x29,0xe6,0xc,0xfe,0x90,0x2a,0x78,
  0x27,0x5,0x38,0x79,0x72,0xbb,0x9e,0x93,0xfa,0x56,0xc3,0xee,0x74,0x61,0x17,0xd1,
  0xb0,0xc4,0x40,0x37,0xe4,0x60,0xeb,0xcc,0xbb,0x92,0x25,0xc5,0x10,0xd3,0x29,0x30,
  0x2e,0x4d,0x79,0x84,0xad,0x9c,0x96,0x4,0x50,0x9c,0x71,0x51,0xaa,0x7c,0x65,0x9e,
  0x22,0xfd,0x71,0xaa,0xcc,0x2,0xcf,0xb8,0xe4,0x77,0x55,0xe0,0xc2,0x33,0x16,0x4,
  0x48,0xca,0xde,0x60,0x3b,0x27,0x2c,0x1a,0x38,0x5,0x60,0xc1,0x4f,0xa0,0xa2,0x22,
  0x84,0x1,0x4b,0x25,0xa9,0x15,0xf6,0x7b,0x57,0x1f,0x59,0x5e,0x7d,0x2a,0xb9,0xd6,
  0xca,0x8f,0xcb,0xd6,0xe4,0xf7,0xb9,0x29,0x7b,0x8c,0xa3,0xaf,0xf2,0xca,0x68,0x54,
  0x44,0xd4,0x47,0xe0,0x4e,0x62,0xbd,0x5d,0x21,0xc7,0x1a,0xe6,0x44,0x47,0xa8,0x96,
  0xd1,0xe,0xa0,0x9c,0xdc,0xaf,0x91,0xa,0x89,0xf,0x43,0xb9,0x49,0x63,0x39,0xcb,
  0xa8,0x7c,0x22,0xfd,0xa2,0x7a,0xc1,0xa6,0x90,0x6a,0x95,0x8a,0xe1,0x3,0xfe,0xd0,
  0x38,0x11,0xca,0x5c,0xec,0x7d,0x5f,0xa2,0x90,0x5,0x8c,0x8,0xac,0x5a,0x21,0xfc,
  0xde,0x6,0xbf,0xa9,0x72,0x95,0xd4,0xb2,0x65,0xa2,0x7b,0x6e,0x42,0x95,0xcc,0x87,
  0x75,0x7f,0x3f,0x1f,0x65,0xf2,0x51,0x1b,0x43,0x65,0x90,0xbd,0x8f,0x86,0xe5,0xfc,
  0xed,0x33,0x9a,0x41,0x6d,0xe7,0xc6,0x8f,0x25,0x76,0x25,0xd0,0x9b,0x7f,0x78,0x6d,
  0xa,0xdf,0x1e,0x98,0x35,0x5e,0xb6,0x67,0xda,0xa9,0x7b,0x3e,0x16,0x42,0x73,0x13,
  0x38,0x7,0x67,0x68,0x89,0xe,0xeb,0xa5,0xe7,0x49,0xce,0x26,0xf1,0x9b,0x23,0xfd,
  0x79,0x99,0x37,0xf,0xf,0xd1,0x2,0xd1,0x7b,0xd4,0x95,0xfa,0x8a,0xdc,0xc,0x43,
  0x64,0xf0,0x90,0xf2,0x2e,0xf3,0x95,0x54,0xb9,0x67,0x72,0xfe,0xe,0x56,0xca,0x24,
  0x57,0xa7,0xb1,0x62,0x63,0x42,0x59,0x46,0x6c,0x97,0xd4,0x50,0xca,0xce,0x61,0xa6,
  0x4,0x6b,0xb2,0xbf,0x24,0x9e,0x6b,0xdc,0x1c,0xa5,0x7c,0x12,0xf8,0xc0,0x4e,0x95,
  0x3c,0xc0,0xd6,0xbb,0x2f,0x5,0xad,0xf2,0x94,0x10,0xb1,0x6b,0x14,0x81,0x4a,0x5b,
  0xca,0x61,0xb6,0x4e,0xb0,0xb2,0xd5,0x8f,0xed,0x45,0x92,0x93,0x14,0xa1,0xf1,0xdc,
  0xb3,0xb8,0x37,0x96,0xdf,0x46,0x64,0x85,0x34,0x69,0x5a,0xf6,0x27,0x1f,0xd2,0x67,
  0xac,0x53,0x9c,0xfa,0x9e,0x83,0x90,0x48,0x84,0x80,0xb6,0x4d,0x99,0x2e,0xe,0x48,
  0x5b,0x8,0xeb,0x80,0xa5,0x62,0xdb,0xe0,0x9,0xe6,0xe6,0x89,0x24,0x8b,0x7b,0x3b,
  0x27,0x7c,0x5f,0xa4,0xb1,0x9,0x6a,0x8e,0x98,0x79,0xd8,0x4e,0x45,0x44,0xca,0xd,
  0x91,0x60,0x76,0x4c,0xa1,0x22,0xda,0x71,0x5e,0x95,0xdc,0x77,0x55,0x65,0xc9,0xe2,
  0x6d,0x6d,0x2a,0x43,0x4b,0xc5,0x2b,0x81,0xa8,0x66,0xf7,0xa5,0xa,0x26,0x72,0x64,
  0xb8,0x30,0x8f,0x64,0x3f,0xa7,0x90,0xcc,0xbd,0xcd,0x8f,0x49,0x29,0x5f,0x1d,0xbe,
  0xd4,0x76,0xd6,0x33,0xda,0xd1,0x15,0xb1,0xb6,0x2b,0xb4,0x46,0x51,0x8c,0xc8,0x5e,
  0xd2,0x41,0xb3,0x22,0x3,0xa4,0x6,0x6d,0x54,0x88,0x13,0x3d,0x64,0x51,0x7f,0x25,
  0x8a,0x9f,0x90,0xb3,0x35,0x67,0xcd,0xc9,0x2,0x4a,0x34,0x66,0x64,0x74,0x6,0xda,
  0xf7,0xf0,0xd6,0x2b,0xc0,0xe7,0xac,0xb,0xc5,0x56,0xa8,0x6b,0x90,0x2f,0x5a,0x45,
  0x66,0x56,0x13,0xcd,0x6,0x8c,0xf4,0x22,0x64,0xf8,0xdf,0x42,0xa,0x55,0x3,0xfc,
  0xc7,0x96,0xf,0x2,0x15,0x5d,0xe1,0x8a,0x18,0xcc,0xe2,0xa6,0x4a,0x9e,0x15,0x62,
  0x44,0xb0,0xa8,0x97,0xea,0xdd,0x81,0xac,0xa6,0xfb,0xa4,0x52,0xec,0x2a,0xb0,0x9b,
  0xa2,0x60,0x6e,0x85,0x76,0xd,0x9d,0x20,0x7d,0x81,0x11,0x37,0x65,0x95,0x97,0xf5,
  0x17,0x5d,0x61,0xb0,0xdd,0x8e,0x8f,0xb5,0x39,0x27,0x38,0x63,0x97,0xa,0x8e,0x24,
  0x91,0x2,0xd,0xab,0xe7,0x42,0x58,0x1a,0x82,0x11,0x12,0x36,0x55,0x82,0x4,0xb2,
  0x35,0x49,0x59,0x58,0xdb,0xb7,0xda,0x98,0xfb,0x77,0xe3,0x92,0xb6,0x39,0x6a,0x5d,
  0x53,0xb2,0xce,0xd2,0x3e,0xd1,0xa1,0x58,0xc,0x32,0x2f,0x88,0xf0,0x73,0xf7,0x3d,
  0xaf,0x56,0x41,0x8f,0xa9,0x5a,0x11,0xb3,0xbf,0xeb,0x83,0x2c,0x86,0x7a,0xf,0x4d,
  0x77,0x3,0xa1,0xe9,0x63,0x4e,0x36,0x2d,0x7c,0xad,0xb1,0x72,0x4f,0x8e,0x42,0x70,
  0xea,0xf8,0x6e,0x9b,0x24,0xa1,0xaf,0xc5,0x4d,0xa3,0x57,0xed,0x16,0xf1,0x34,0xac,
  0xb2,0x65,0x55,0x7d,0xa6,0xa,0x52,0x4,0x49,0x23,0xe1,0xd4,0x3,0x45,0xeb,0xef,
  0x79,0xcf,0xac,0x56,0x9b,0x60,0xd7,0x4e,0x1a,0x78,0xd,0x5e,0x53,0x7,0x2e,0x75,
  0x1c,0x6,0xc,0xc8,0x74,0xe8,0x68,0x3c,0x50,0xe0,0x17,0x11,0xd4,0xf6,0xa7,0x6,
  0x75,0xb8,0xb8,0x8d,0x66,0x15,0xaa,0xd1,0xc2,0xdc,0xbd,0x6e,0x6e,0x60,0x86,0x4f,
  0x3f,0x3d,0xb3,0x47,0x50,0x21,0xa7,0xf6,0x9,0x8c,0x7a,0x81,0x98,0x56,0xfe,0xff,
  0xb5,0xfc,0xa2,0x5f,0x61,0xd7,0xdb,0x33,0x8e,0x30,0xd1,0xe2,0xfe,0x30,0x17,0x84,
  0x80,0xc5,0xd7,0xfa,0x7b,0x50,0x54,0xa2,0x64,0xb8,0xb4,0x2b,0xdb,0xc7,0x46,0xf1,
  0x2b,0x41,0xde,0x56,0x77,0x98,0x2e,0x24,0xa7,0x5d,0x25,0x61,0xa1,0x4e,0xb8,0x62,
  0xa5,0x63,0xba,0xef,0x9e,0xf8,0xe,0x29,0x42,0x23,0x31,0x96,0x56,0xc0,0xfe,0xa3,
  0x3d,0xe7,0xa8,0x69,0xf,0x7c,0xca,0xbb,0xb5,0x4c,0x9a,0x82,0x15,0xd1,0x32,0x12,
  0x5b,0x8b,0x8,0xac,0x4f,0x7e,0x33,0xd6,0x6a,0xe6,0x51,0x6d,0xdb,0x5c,0x6e,0x50,
  0x3,0xf5,0x1d,0x30,0xea,0xc0,0xf3,0x33,0xaf,0x8c,0xc3,0xa1,0x2e,0x44,0xc8,0xbc,
  0x83,0xa3,0x75,0x57,0x3,0x1d,0x7e,0x13,0x8,0xa3,0xd,0xec,0xd1,0x70,0x58,0x2d,
  0x6f,0x7d,0x83,0xac,0x11,0x28,0x36,0x2a,0xb0,0x91,0x4f,0x6b,0xb0,0xbc,0x20,0xab,
  0xd,0x58,0x10,0xee,0x6f,0x84,0xd3,0x85,0xcd,0x10,0x5f,0x89,0xbb,0x68,0x19,0x12,
  0x54,0x4e,0xce,0x21,0x61,0xe4,0x76,0x33,0x71,0xc8,0x5f,0x85,0xab,0x21,0x47,0x54,
  0x7f,0xaf,0x88,0xa5,0xf4,0xe2,0x47,0x82,0x7e,0x92,0x1b,0xc4,0x1d,0x62,0xca,0x11,
  0xd3,0x4a,0x21,0xcf,0x9b,0x1f,0x78,0xdf,0x8e,0xb7,0x81,0x40,0x45,0x3b,0x36,0x8f,
  0x3c,0x44,0xbf,0x26,0x70,0xee,0x2f,0xdf,0xed,0xe6,0x37,0xf5,0x2,0xa4,0x62,0xc6,
  0x14,0x8f,0x5b,0x19,0x65,0xa4,0x4b,0x45,0xb3,0x3b,0x98,0x23,0xa2,0x45,0x91,0xe1,
  0x96,0x89,0x85,0x42,0x62,0x95,0x5a,0xc3,0xb1,0x9f,0xc2,0xbf,0x44,0xaa,0xed,0x10,
  0x72,0xb2,0x44,0x73,0x63,0xb3,0x67,0x52,0x90,0xff,0x12,0xd8,0xf3,0x50,0xb,0xf5,
  0xd8,0x9a,0xec,0x4c,0x20,0xb9,0x61,0x61,0x38,0x1e,0x32,0xc2,0x42,0xbc,0xef,0x2f,
  0xb2,0xbd,0x16,0x79,0x8a,0x24,0xe8,0xcb,0x54,0x60,0xe8,0xe4,0x46,0x21,0xd4,0xe1,
  0x92,0xed,0x2d,0x7a,0x8b,0x4f,0x6c,0xa9,0x9b,0x68,0x81,0x8f,0xc8,0xae,0xc9,0x6e,
  0xba,0x97,0xd0,0x23,0x10,0x81,0xee,0x48,0x2e,0x1e,0x56,0x13,0xc3,0x8f,0xbe,0xfb,
  0xa3,0xf1,0xb7,0x3d,0x83,0xf6,0x97,0x2d,0x24,0x82,0x9f,0x10,0xae,0x6a,0x80,0xda,
  0xb5,0xf4,0xb6,0x96,0x8b,0xdb,0xb8,0x1a,0x3a,0xb0,0xa2,0xe9,0x1c,0x35,0x28,0x2b,
  0x45,0xd3,0x12,0xc8,0xd7,0xa1,0x37,0x35,0xf6,0xae,0x26,0x31,0xdf,0xd6,0xc9,0x6d,
  0x38,0xb,0x83,0x89,0x56,0x9e,0x85,0x55,0x5a,0x59,0xdd,0x69,0x5e,0x8d,0x10,0x75,
  0x17,0xf9,0x72,0xd4,0x9c,0xe8,0x8e,0x8a,0x32,0x78,0xf8,0xae,0x4c,0x4a,0x60,0x95,
  0x38,0x8e,0x1f,0xf6,0xde,0xf,0xf6,0x6d,0x1d,0x83,0xe,0xca,0x10,0x9a,0x2c,0xf9,
  0x31,0x62,0x15,0x63,0x7a,0x5,0x9f,0x5e,0xce,0xce,0x38,0x34,0xe1,0xed,0xcc,0xa5,
  0x1b,0xe1,0x41,0x5c,0xc6,0x91,0xb2,0x1d,0xd7,0x1f,0x3f,0x77,0x68,0x13,0x54,0xc4,
  0x2c,0x85,0x6d,0xc0,0x7e,0x24,0xe4,0x83,0x1,0x69,0x99,0x92,0x5b,0x64,0x67,0x12,
  0x75,0x7f,0x93,0x96,0xd1,0x1,0xd3,0xc8,0x84,0x26,0xe,0xb0,0x1b,0xab,0x95,0xd0,
  0x15,0x4b,0x41,0xf3,0xba,0x19,0xb8,0x20,0x32,0xd1,0x2d,0xa0,0x32,0x1d,0x21,0xe8,
  0x8b,0xb4,0x1b,0x4e,0xd7,0xe7,0x2c,0x6,0x9e,0x38,0x56,0x12,0x53,0x17,0xed,0x5a,
  0xcb,0x91,0xf1,0xf1,0x5f,0x4f,0x63,0xb3,0x9c,0xf9,0xe,0x29,0x4c,0x83,0xb6,0xd8,
  0x57,0x1c,0x4,0xd,0x7b,0x9d,0x7b,0xef,0x2b,0x24,0x28,0x25,0xb0,0xe4,0x91,0x5c,
  0x9e,0xd2,0xf2,0x50,0x3d,0xe,0x51,0x21,0x72,0xf,0xf5,0x93,0x37,0xc1,0x75,0xa,
  0x3e,0xc7,0xc5,0x20,0x68,0x4e,0x95,0xdf,0x4e,0x58,0x8,0x63,0xae,0x75,0x4f,0x1f,
  0xe1,0x6b,0x34,0x4a,0x1b,0xa1,0xaa,0x6e,0xfd,0xe3,0x37,0xd,0xa5,0xe1,0xfd,0x4e,
  0x2b,0x97,0x2,0x54,0xd4,0xbc,0xc,0xf2,0x9c,0x73,0xa5,0x16,0x90,0x9c,0xe6,0x85,
  0x69,0x2b,0x22,0xf8,0x6d,0x81,0x2f,0x31,0x2,0x18,0x52,0xa7,0xbe,0x26,0xb3,0xb0,
  0xb2,0x19,0x47,0xe9,0x97,0xaf,0x4d,0x16,0x9c,0x63,0xec,0xe3,0x29,0xf4,0xd5,0x22,
  0xf,0xe0,0xc1,0x9,0x66,0x49,0xcb,0x48,0xc1,0xcd,0xbc,0x5,0x8c,0xe,0x24,0xf4,
  0xa8,0x21,0x6,0x49,0x73,0x8f,0x9c,0x90,0x6b,0xd8,0x8e,0x55,0xe8,0xb4,0x2a,0x87,
  0x24,0x48,0x62,0x68,0x6,0xea,0x9,0xd,0x4,0x9d,0xd5,0x90,0x5c,0xe4,0x9e,0xb4,
  0x45,0xf7,0x29,0x15,0x27,0x38,0xae,0x6f,0x10,0x91,0xa3,0xb4,0x5d,0xe8,0xa0,0x5b,
  0x3e,0x86,0xe9,0xa,
    // tutorial_pt.html
  0x0,0x0,0x32,0xbe,
  0x3c,
  0x21,0x44,0x4f,0x43,0x54,0x59,0x50,0x45,0x20,0x48,0x54,0x4d,0x4c,0x20,0x50,0x55,
  0x42,0x4c,0x49,0x43,0x20,0x22,0x2d,0x2f,0x2f,0x57,0x33,0x43,0x2f,0x2f,0x44,0x54,
  0x44,0x20,0x48,0x54,0x4d,0x4c,0x20,0x34,0x2e,0x30,0x20,0x54,0x72,0x61,0x6e,0x73,
  0x69,0x74,0x69,0x6f,0x6e,0x61,0x6c,0x2f,0x2f,0x45,0x4e,0x22,0x3e,0xa,0x3c,0x68,
  0x74,0x6d,0x6c,0x3e,0xa,0x3c,0x68,0x65,0x61,0x64,0x3e,0xa,0x9,0x3c,0x6d,0x65,
  0x74,0x61,0x20,0x68,0x74,0x74,0x70,0x2d,0x65,0x71,0x75,0x69,0x76,0x3d,0x22,0x63,
  0x6f,0x6e,0x74,0x65,0x6e,0x74,0x2d,0x74,0x79,0x70,0x65,0x22,0x20,0x63,0x6f,0x6e,
  0x74,0x65,0x6e,0x74,0x3d,0x22,0x74,0x65,0x78,0x74,0x2f,0x68,0x74,0x6d,0x6c,0x3b,
  0x20,0x63,0x68,0x61,0x72,0x73,0x65,0x74,0x3d,0x75,0x74,0x66,0x2d,0x38,0x22,0x2f,
  0x3e,0xa,0x9,0x3c,0x74,0x69,0x74,0x6c,0x65,0x3e,0x3c,0x2f,0x74,0x69,0x74,0x6c,
  0x65,0x3e,0xa,0x9,0x3c,0x6d,0x65,0x74,0x61,0x20,0x6e,0x61,0x6d,0x65,0x3d,0x22,
  0x67,0x65,0x6e,0x65,0x72,0x61,0x74,0x6f,0x72,0x22,0x20,0x63,0x6f,0x6e,0x74,0x65,
  0x6e,0x74,0x3d,0x22,0x4c,0x69,0x62,0x72,0x65,0x4f,0x66,0x66,0x69,0x63,0x65,0x20,
  0x34,0x2e,0x33,0x2e,0x37,0x2e,0x32,0x20,0x28,0x4c,0x69,0x6e,0x75,0x78,0x29,0x22,
  0x2f,0x3e,0xa,0x9,0x3c,0x6d,0x65,0x74,0x61,0x20,0x6e,0x61,0x6d,0x65,0x3d,0x22,
  0x63,0x72,0x65,0x61,0x74,0x65,0x64,0x22,0x20,0x63,0x6f,0x6e,0x74,0x65,0x6e,0x74,
  0x3d,0x22,0x30,0x30,0x3a,0x30,0x30,0x3a,0x30,0x30,0x22,0x2f,0x3e,0xa,0x9,0x3c,
  0x6d,0x65,0x74,0x61,0x20,0x6e,0x61,0x6d,0x65,0x3d,0x22,0x63,0x68,0x61,0x6e,0x67,
  0x65,0x64,0x22,0x20,0x63,0x6f,0x6e,0x74,0x65,0x6e,0x74,0x3d,0x22,0x32,0x30,0x31,
  0x35,0x2d,0x30,0x37,0x2d,0x31,0x38,0x54,0x31,0x35,0x3a,0x32,0x34,0x3a,0x35,0x38,
  0x2e,0x37,0x35,0x31,0x31,0x37,0x36,0x38,0x31,0x37,0x22,0x2f,0x3e,0xa,0x9,0x3c,
  0x6d,0x65,0x74,0x61,0x20,0x6e,0x61,0x6d,0x65,0x3d,0x22,0x63,0x72,0x65,0x61,0x74,
  0x65,0x64,0x22,0x20,0x63,0x6f,0x6e,0x74,0x65,0x6e,0x74,0x3d,0x22,0x30,0x30,0x3a,
  0x30,0x30,0x3a,0x30,0x30,0x22,0x3e,0xa,0x9,0x3c,0x6d,0x65,0x74,0x61,0x20,0x6e,
  0x61,0x6d,0x65,0x3d,0x22,0x63,0x68,0x61,0x6e,0x67,0x65,0x64,0x22,0x20,0x63,0x6f,
  0x6e,0x74,0x65,0x6e,0x74,0x3d,0x22,0x32,0x30,0x31,0x35,0x2d,0x30,0x37,0x2d,0x31,
  0x38,0x54,0x31,0x34,0x3a,0x32,0x32,0x3a,0x35,0x37,0x2e,0x31,0x34,0x31,0x35,0x32,
  0x31,0x39,0x38,0x36,0x22,0x3e,0xa,0x9,0x3c,0x6d,0x65,0x74,0x61,0x20,0x6e,0x61,
  0x6d,0x65,0x3d,0x22,0x63,0x72,0x65,0x61,0x74,0x65,0x64,0x22,0x20,0x63,0x6f,0x6e,
  0x74,0x65,0x6e,0x74,0x3d,0x22,0x30,0x30,0x3a,0x30,0x30,0x3a,0x30,0x30,0x22,0x3e,
  0xa,0x9,0x3c,0x6d,0x65,0x74,0x61,0x20,0x6e,0x61,0x6d,0x65,0x3d,0x22,0x63,0x68,
  0x61,0x6e,0x67,0x65,0x64,0x22,0x20,0x63,0x6f,0x6e,0x74,0x65,0x6e,0x74,0x3d,0x22,
  0x32,0x30,0x31,0x35,0x2d,0x30,0x37,0x2d,0x31,0x37,0x54,0x31,0x32,0x3a,0x34,0x31,
  0x3a,0x30,0x30,0x2e,0x32,0x31,0x34,0x34,0x38,0x30,0x31,0x33,0x30,0x22,0x3e,0xa,
  0x9,0x3c,0x73,0x74,0x79,0x6c,0x65,0x20,0x74,0x79,0x70,0x65,0x3d,0x22,0x74,0x65,
  0x78,0x74,0x2f,0x63,0x73,0x73,0x22,0x3e,0xa,0x9,0x9,0x74,0x64,0x20,0x70,0x20,
  0x7b,0x20,0x63,0x6f,0x6c,0x6f,0x72,0x3a,0x20,0x23,0x30,0x30,0x30,0x30,0x30,0x30,
  0x20,0x7d,0xa,0x9,0x9,0x68,0x31,0x20,0x7b,0x20,0x63,0x6f,0x6c,0x6f,0x72,0x3a,
  0x20,0x23,0x30,0x30,0x30,0x30,0x30,0x30,0x20,0x7d,0xa,0x9,0x9,0x70,0x20,0x7b,
  0x20,0x63,0x6f,0x6c,0x6f,0x72,0x3a,0x20,0x23,0x30,0x30,0x30,0x30,0x30,0x30,0x20,
  0x7d,0xa,0x9,0x3c,0x2f,0x73,0x74,0x79,0x6c,0x65,0x3e,0xa,0x3c,0x2f,0x68,0x65,
  0x61,0x64,0x3e,0xa,0x3c,0x62,0x6f,0x64,0x79,0x20,0x6c,0x61,0x6e,0x67,0x3d,0x22,
  0x64,0x65,0x2d,0x44,0x45,0x22,0x20,0x74,0x65,0x78,0x74,0x3d,0x22,0x23,0x30,0x30,
  0x30,0x30,0x30,0x30,0x22,0x20,0x64,0x69,0x72,0x3d,0x22,0x6c,0x74,0x72,0x22,0x20,
  0x73,0x74,0x79,0x6c,0x65,0x3d,0x22,0x62,0x61,0x63,0x6b,0x67,0x72,0x6f,0x75,0x6e,
  0x64,0x3a,0x20,0x74,0x72,0x61,0x6e,0x73,0x70,0x61,0x72,0x65,0x6e,0x74,0x22,0x3e,
  0xa,0x3c,0x68,0x31,0x20,0x6c,0x61,0x6e,0x67,0x3d,0x22,0x70,0x74,0x2d,0x42,0x52,
  0x22,0x20,0x61,0x6c,0x69,0x67,0x6e,0x3d,0x22,0x63,0x65,0x6e,0x74,0x65,0x72,0x22,
  0x3e,0x3c,0x69,0x3e,0x41,0x66,0x69,0x6e,0x61,0x64,0x6f,0x72,0x20,0x64,0x65,0x20,
  0x50,0x69,0x61,0x6e,0x6f,0x20,0x70,0x6f,0x72,0x20,0x45,0x6e,0x74,0x72,0x6f,0x70,
  0x69,0x61,0x3c,0x2f,0x69,0x3e,0x3c,0x2f,0x68,0x31,0x3e,0xa,0x3c,0x70,0x20,0x6c,
  0x61,0x6e,0x67,0x3d,0x22,0x70,0x74,0x2d,0x42,0x52,0x22,0x20,0x61,0x6c,0x69,0x67,
  0x6e,0x3d,0x22,0x63,0x65,0x6e,0x74,0x65,0x72,0x22,0x3e,0x3c,0x66,0x6f,0x6e,0x74,
  0x20,0x63,0x6f,0x6c,0x6f,0x72,0x3d,0x22,0x23,0x38,0x30,0x30,0x30,0x30,0x30,0x22,
  0x3e,0x3c,0x66,0x6f,0x6e,0x74,0x20,0x73,0x69,0x7a,0x65,0x3d,0x22,0x34,0x22,0x20,
  0x73,0x74,0x79,0x6c,0x65,0x3d,0x22,0x66,0x6f,0x6e,0x74,0x2d,0x73,0x69,0x7a,0x65,
  0x3a,0x20,0x31,0x34,0x70,0x74,0x22,0x3e,0x3c,0x69,0x3e,0x3c,0x62,0x3e,0x47,0x75,
  0x69,0x61,0xa,0x64,0x65,0x20,0x69,0x6e,0x69,0x63,0x69,0x61,0x6c,0x69,0x7a,0x61,
  0xc3,0xa7,0xc3,0xa3,0x6f,0x20,0x72,0xc3,0xa1,0x70,0x69,0x64,0x61,0x3c,0x2f,0x62,
  0x3e,0x3c,0x2f,0x69,0x3e,0x3c,0x2f,0x66,0x6f,0x6e,0x74,0x3e,0x3c,0x2f,0x66,0x6f,
  0x6e,0x74,0x3e,0x3c,0x2f,0x70,0x3e,0xa,0x3c,0x70,0x3e,0x3c,0x73,0x70,0x61,0x6e,
  0x20,0x6c,0x61,0x6e,0x67,0x3d,0x22,0x70,0x74,0x2d,0x42,0x52,0x22,0x3e,0x3c,0x69,
  0x3e,0x42,0x65,0x6d,0x2d,0x76,0x69,0x6e,0x64,0x6f,0x20,0x61,0x6f,0x20,0x41,0x66,
  0x69,0x6e,0x61,0x64,0x6f,0x72,0x20,0x64,0x65,0x20,0x50,0x69,0x61,0x6e,0x6f,0x20,
  0x70,0x6f,0x72,0x20,0x45,0x6e,0x74,0x72,0x6f,0x70,0x69,0x61,0xa,0x28,0x45,0x6e,
  0x74,0x72,0x6f,0x70,0x79,0x20,0x50,0x69,0x61,0x6e,0x6f,0x20,0x54,0x75,0x6e,0x65,
  0x72,0x2c,0x20,0x45,0x50,0x54,0x29,0x2e,0x20,0x45,0x73,0x74,0x65,0x20,0x61,0x70,
  0x6c,0x69,0x63,0x61,0x74,0x69,0x76,0x6f,0x20,0x6c,0x68,0x65,0x20,0x70,0x65,0x72,
  0x6d,0x69,0x74,0x65,0x20,0x74,0x65,0x73,0x74,0x61,0x72,0x20,0x75,0x6d,0xa,0x3c,
  0x61,0x20,0x68,0x72,0x65,0x66,0x3d,0x22,0x68,0x74,0x74,0x70,0x3a,0x2f,0x2f,0x77,
  0x77,0x77,0x2e,0x73,0x62,0x66,0x69,0x73,0x69,0x63,0x61,0x2e,0x6f,0x72,0x67,0x2e,
  0x62,0x72,0x2f,0x72,0x62,0x65,0x66,0x2f,0x70,0x64,0x66,0x2f,0x33,0x34,0x32,0x33,
  0x30,0x31,0x2e,0x70,0x64,0x66,0x22,0x3e,0x6e,0x6f,0x76,0x6f,0x20,0x6d,0xc3,0xa9,
  0x74,0x6f,0x64,0x6f,0xa,0x65,0x6c,0x65,0x74,0x72,0xc3,0xb4,0x6e,0x69,0x63,0x6f,
  0x3c,0x2f,0x61,0x3e,0x20,0x64,0x65,0x20,0x61,0x66,0x69,0x6e,0x61,0xc3,0xa7,0xc3,
  0xa3,0x6f,0x20,0x64,0x65,0x20,0x70,0x69,0x61,0x6e,0x6f,0x73,0x20,0x71,0x75,0x65,
  0x20,0x6d,0x69,0x6e,0x69,0x6d,0x69,0x7a,0x61,0x20,0x61,0x20,0x64,0x65,0x73,0x6f,
  0x72,0x64,0x65,0x6d,0xa,0x28,0x65,0x6e,0x74,0x72,0x6f,0x70,0x69,0x61,0x29,0x20,
  0x64,0x6f,0x20,0x65,0x73,0x70,0x65,0x63,0x74,0x72,0x6f,0x20,0x64,0x65,0x20,0x66,
  0x72,0x65,0x71,0x75,0xc3,0xaa,0x6e,0x63,0x69,0x61,0x73,0x2e,0x20,0x45,0x73,0x74,
  0x65,0x20,0xc3,0xa9,0x20,0x75,0x6d,0x20,0x6d,0x61,0x6e,0x75,0x61,0x6c,0x20,0x61,
  0x62,0x72,0x65,0x76,0x69,0x61,0x64,0x6f,0xa,0x70,0x61,0x72,0x61,0x20,0x71,0x75,
  0x65,0x20,0x76,0x6f,0x63,0xc3,0xaa,0x20,0x70,0x6f,0x73,0x73,0x61,0x20,0x63,0x6f,
  0x6d,0x65,0xc3,0xa7,0x61,0x72,0x20,0x61,0x20,0x75,0x73,0xc3,0xa1,0x2d,0x6c,0x6f,
  0x2e,0x20,0x50,0x61,0x72,0x61,0x20,0x69,0x6e,0x66,0x6f,0x72,0x6d,0x61,0xc3,0xa7,
  0xc3,0xb5,0x65,0x73,0x20,0x6d,0x61,0x69,0x73,0xa,0x64,0x65,0x74,0x61,0x6c,0x68,
  0x61,0x64,0x61,0x73,0x2c,0x20,0x62,0x61,0x69,0x78,0x65,0x20,0x65,0x20,0x63,0x6f,
  0x6e,0x73,0x75,0x6c,0x74,0x65,0x20,0x70,0x6f,0x72,0x20,0x66,0x61,0x76,0x6f,0x72,
  0x20,0x6f,0x20,0x3c,0x61,0x20,0x68,0x72,0x65,0x66,0x3d,0x22,0x68,0x74,0x74,0x70,
  0x3a,0x2f,0x2f,0x64,0x6f,0x77,0x6e,0x6c,0x6f,0x61,0x64,0x2e,0x70,0x69,0x61,0x6e,
  0x6f,0x2d,0x74,0x75,0x6e,0x65,0x72,0x2e,0x6f,0x72,0x67,0x2f,0x52,0x65,0x73,0x6f,
  0x75,0x72,0x63,0x65,0x73,0x2f,0x50,0x75,0x62,0x6c,0x69,0x63,0x2f,0x44,0x6f,0x63,
  0x75,0x6d,0x65,0x6e,0x74,0x61,0x74,0x69,0x6f,0x6e,0x2f,0x6d,0x61,0x6e,0x75,0x61,
  0x6c,0x5f,0x65,0x6e,0x2e,0x70,0x64,0x66,0x22,0x3e,0x6d,0x61,0x6e,0x75,0x61,0x6c,
  0xa,0x64,0x65,0x20,0x6f,0x70,0x65,0x72,0x61,0xc3,0xa7,0xc3,0xa3,0x6f,0x3c,0x2f,
  0x61,0x3e,0x20,0x28,0x65,0x6d,0x20,0x49,0x6e,0x67,0x6c,0xc3,0xaa,0x73,0x29,0x2e,
  0x3c,0x2f,0x69,0x3e,0x3c,0x2f,0x73,0x70,0x61,0x6e,0x3e,0x3c,0x2f,0x70,0x3e,0xa,
  0x3c,0x68,0x72,0x2f,0x3e,0xa,0xa,0x3c,0x74,0x61,0x62,0x6c,0x65,0x20,0x77,0x69,
  0x64,0x74,0x68,0x3d,0x22,0x31,0x30,0x30,0x25,0x22,0x20,0x63,0x65,0x6c,0x6c,0x70,
  0x61,0x64,0x64,0x69,0x6e,0x67,0x3d,0x22,0x30,0x22,0x20,0x63,0x65,0x6c,0x6c,0x73,
  0x70,0x61,0x63,0x69,0x6e,0x67,0x3d,0x22,0x30,0x22,0x3e,0xa,0x9,0x3c,0x63,0x6f,
  0x6c,0x20,0x77,0x69,0x64,0x74,0x68,0x3d,0x22,0x36,0x34,0x2a,0x22,0x3e,0xa,0x9,
  0x3c,0x63,0x6f,0x6c,0x20,0x77,0x69,0x64,0x74,0x68,0x3d,0x22,0x36,0x34,0x2a,0x22,
  0x3e,0xa,0x9,0x3c,0x63,0x6f,0x6c,0x20,0x77,0x69,0x64,0x74,0x68,0x3d,0x22,0x36,
  0x34,0x2a,0x22,0x3e,0xa,0x9,0x3c,0x63,0x6f,0x6c,0x20,0x77,0x69,0x64,0x74,0x68,
  0x3d,0x22,0x36,0x34,0x2a,0x22,0x3e,0xa,0x9,0x3c,0x74,0x72,0x20,0x76,0x61,0x6c,
  0x69,0x67,0x6e,0x3d,0x22,0x74,0x6f,0x70,0x22,0x3e,0xa,0x9,0x9,0x3c,0x74,0x64,
  0x20,0x77,0x69,0x64,0x74,0x68,0x3d,0x22,0x32,0x35,0x25,0x22,0x20,0x73,0x74,0x79,
  0x6c,0x65,0x3d,0x22,0x62,0x6f,0x72,0x64,0x65,0x72,0x3a,0x20,0x6e,0x6f,0x6e,0x65,
  0x3b,0x20,0x70,0x61,0x64,0x64,0x69,0x6e,0x67,0x3a,0x20,0x30,0x63,0x6d,0x22,0x3e,
  0xa,0x9,0x9,0x9,0x3c,0x70,0x20,0x61,0x6c,0x69,0x67,0x6e,0x3d,0x22,0x63,0x65,
  0x6e,0x74,0x65,0x72,0x22,0x20,0x73,0x74,0x79,0x6c,0x65,0x3d,0x22,0x6d,0x61,0x72,
  0x67,0x69,0x6e,0x2d,0x74,0x6f,0x70,0x3a,0x20,0x30,0x2e,0x31,0x63,0x6d,0x3b,0x20,
  0x62,0x61,0x63,0x6b,0x67,0x72,0x6f,0x75,0x6e,0x64,0x3a,0x20,0x74,0x72,0x61,0x6e,
  0x73,0x70,0x61,0x72,0x65,0x6e,0x74,0x22,0x3e,0xa,0x9,0x9,0x9,0x3c,0x61,0x20,
  0x68,0x72,0x65,0x66,0x3d,0x22,0x68,0x74,0x74,0x70,0x3a,0x2f,0x2f,0x77,0x77,0x77,
  0x2e,0x70,0x69,0x61,0x6e,0x6f,0x2d,0x74,0x75,0x6e,0x65,0x72,0x2e,0x6f,0x72,0x67,
  0x2f,0x70,0x74,0x2f,0x22,0x3e,0x3c,0x73,0x70,0x61,0x6e,0x20,0x73,0x74,0x79,0x6c,
  0x65,0x3d,0x22,0x74,0x65,0x78,0x74,0x2d,0x64,0x65,0x63,0x6f,0x72,0x61,0x74,0x69,
  0x6f,0x6e,0x3a,0x20,0x6e,0x6f,0x6e,0x65,0x22,0x3e,0x3c,0x73,0x70,0x61,0x6e,0x20,
  0x6c,0x61,0x6e,0x67,0x3d,0x22,0x70,0x74,0x2d,0x42,0x52,0x22,0x3e,0x3c,0x62,0x3e,
  0x3c,0x73,0x70,0x61,0x6e,0x20,0x73,0x74,0x79,0x6c,0x65,0x3d,0x22,0x62,0x61,0x63,
  0x6b,0x67,0x72,0x6f,0x75,0x6e,0x64,0x3a,0x20,0x74,0x72,0x61,0x6e,0x73,0x70,0x61,
  0x72,0x65,0x6e,0x74,0x22,0x3e,0x48,0x6f,0x6d,0x65,0x3c,0x2f,0x73,0x70,0x61,0x6e,
  0x3e,0x3c,0x2f,0x62,0x3e,0x3c,0x2f,0x73,0x70,0x61,0x6e,0x3e,0x3c,0x2f,0x73,0x70,
  0x61,0x6e,0x3e,0x3c,0x2f,0x61,0x3e,0x3c,0x2f,0x70,0x3e,0xa,0x9,0x9,0x3c,0x2f,
  0x74,0x64,0x3e,0xa,0x9,0x9,0x3c,0x74,0x64,0x20,0x77,0x69,0x64,0x74,0x68,0x3d,
  0x22,0x32,0x35,0x25,0x22,0x20,0x73,0x74,0x79,0x6c,0x65,0x3d,0x22,0x62,0x6f,0x72,
  0x64,0x65,0x72,0x3a,0x20,0x6e,0x6f,0x6e,0x65,0x3b,0x20,0x70,0x61,0x64,0x64,0x69,
  0x6e,0x67,0x3a,0x20,0x30,0x63,0x6d,0x22,0x3e,0xa,0x9,0x9,0x9,0x3c,0x70,0x20,
  0x61,0x6c,0x69,0x67,0x6e,0x3d,0x22,0x63,0x65,0x6e,0x74,0x65,0x72,0x22,0x20,0x73,
  0x74,0x79,0x6c,0x65,0x3d,0x22,0x6d,0x61,0x72,0x67,0x69,0x6e,0x2d,0x74,0x6f,0x70,
  0x3a,0x20,0x30,0x2e,0x31,0x63,0x6d,0x3b,0x20,0x62,0x61,0x63,0x6b,0x67,0x72,0x6f,
  0x75,0x6e,0x64,0x3a,0x20,0x74,0x72,0x61,0x6e,0x73,0x70,0x61,0x72,0x65,0x6e,0x74,
  0x22,0x3e,0xa,0x9,0x9,0x9,0x3c,0x61,0x20,0x68,0x72,0x65,0x66,0x3d,0x22,0x68,
  0x74,0x74,0x70,0x73,0x3a,0x2f,0x2f,0x77,0x77,0x77,0x2e,0x79,0x6f,0x75,0x74,0x75,
  0x62,0x65,0x2e,0x63,0x6f,0x6d,0x2f,0x77,0x61,0x74,0x63,0x68,0x3f,0x76,0x3d,0x63,
  0x30,0x30,0x36,0x55,0x32,0x76,0x34,0x79,0x7a,0x59,0x22,0x3e,0x3c,0x73,0x70,0x61,
  0x6e,0x20,0x73,0x74,0x79,0x6c,0x65,0x3d,0x22,0x74,0x65,0x78,0x74,0x2d,0x64,0x65,
  0x63,0x6f,0x72,0x61,0x74,0x69,0x6f,0x6e,0x3a,0x20,0x6e,0x6f,0x6e,0x65,0x22,0x3e,
  0x3c,0x73,0x70,0x61,0x6e,0x20,0x6c,0x61,0x6e,0x67,0x3d,0x22,0x70,0x74,0x2d,0x42,
  0x52,0x22,0x3e,0x3c,0x62,0x3e,0x3c,0x73,0x70,0x61,0x6e,0x20,0x73,0x74,0x79,0x6c,
  0x65,0x3d,0x22,0x62,0x61,0x63,0x6b,0x67,0x72,0x6f,0x75,0x6e,0x64,0x3a,0x20,0x74,
  0x72,0x61,0x6e,0x73,0x70,0x61,0x72,0x65,0x6e,0x74,0x22,0x3e,0x56,0xc3,0xad,0x64,
  0x65,0x6f,0x3c,0x2f,0x73,0x70,0x61,0x6e,0x3e,0x3c,0x2f,0x62,0x3e,0x3c,0x2f,0x73,
  0x70,0x61,0x6e,0x3e,0x3c,0x2f,0x73,0x70,0x61,0x6e,0x3e,0x3c,0x2f,0x61,0x3e,0x3c,
  0x2f,0x70,0x3e,0xa,0x9,0x9,0x3c,0x2f,0x74,0x64,0x3e,0xa,0x9,0x9,0x3c,0x74,
  0x64,0x20,0x77,0x69,0x64,0x74,0x68,0x3d,0x22,0x32,0x35,0x25,0x22,0x20,0x73,0x74,
  0x79,0x6c,0x65,0x3d,0x22,0x62,0x6f,0x72,0x64,0x65,0x72,0x3a,0x20,0x6e,0x6f,0x6e,
  0x65,0x3b,0x20,0x70,0x61,0x64,0x64,0x69,0x6e,0x67,0x3a,0x20,0x30,0x63,0x6d,0x22,
  0x3e,0xa,0x9,0x9,0x9,0x3c,0x70,0x20,0x61,0x6c,0x69,0x67,0x6e,0x3d,0x22,0x63,
  0x65,0x6e,0x74,0x65,0x72,0x22,0x20,0x73,0x74,0x79,0x6c,0x65,0x3d,0x22,0x6d,0x61,
  0x72,0x67,0x69,0x6e,0x2d,0x74,0x6f,0x70,0x3a,0x20,0x30,0x2e,0x31,0x63,0x6d,0x3b,
  0x20,0x62,0x61,0x63,0x6b,0x67,0x72,0x6f,0x75,0x6e,0x64,0x3a,0x20,0x74,0x72,0x61,
  0x6e,0x73,0x70,0x61,0x72,0x65,0x6e,0x74,0x22,0x3e,0xa,0x9,0x9,0x9,0x3c,0x61,
  0x20,0x68,0x72,0x65,0x66,0x3d,0x22,0x23,0x66,0x69,0x72,0x73,0x74,0x25,0x32,0x30,
  0x73,0x74,0x65,0x70,0x73,0x22,0x3e,0x3c,0x73,0x70,0x61,0x6e,0x20,0x73,0x74,0x79,
  0x6c,0x65,0x3d,0x22,0x74,0x65,0x78,0x74,0x2d,0x64,0x65,0x63,0x6f,0x72,0x61,0x74,
  0x69,0x6f,0x6e,0x3a,0x20,0x6e,0x6f,0x6e,0x65,0x22,0x3e,0x3c,0x73,0x70,0x61,0x6e,
  0x20,0x6c,0x61,0x6e,0x67,0x3d,0x22,0x70,0x74,0x2d,0x42,0x52,0x22,0x3e,0x3c,0x62,
  0x3e,0x3c,0x73,0x70,0x61,0x6e,0x20,0x73,0x74,0x79,0x6c,0x65,0x3d,0x22,0x62,0x61,
  0x63,0x6b,0x67,0x72,0x6f,0x75,0x6e,0x64,0x3a,0x20,0x74,0x72,0x61,0x6e,0x73,0x70,
  0x61,0x72,0x65,0x6e,0x74,0x22,0x3e,0x49,0x6e,0xc3,0xad,0x63,0x69,0x6f,0x3c,0x2f,
  0x73,0x70,0x61,0x6e,0x3e,0x3c,0x2f,0x62,0x3e,0x3c,0x2f,0x73,0x70,0x61,0x6e,0x3e,
  0x3c,0x2f,0x73,0x70,0x61,0x6e,0x3e,0x3c,0x2f,0x61,0x3e,0x3c,0x2f,0x70,0x3e,0xa,
  0x9,0x9,0x3c,0x2f,0x74,0x64,0x3e,0xa,0x9,0x9,0x3c,0x74,0x64,0x20,0x77,0x69,
  0x64,0x74,0x68,0x3d,0x22,0x32,0x35,0x25,0x22,0x20,0x73,0x74,0x79,0x6c,0x65,0x3d,
  0x22,0x62,0x6f,0x72,0x64,0x65,0x72,0x3a,0x20,0x6e,0x6f,0x6e,0x65,0x3b,0x20,0x70,
  0x61,0x64,0x64,0x69,0x6e,0x67,0x3a,0x20,0x30,0x63,0x6d,0x22,0x3e,0xa,0x9,0x9,
  0x9,0x3c,0x70,0x20,0x61,0x6c,0x69,0x67,0x6e,0x3d,0x22,0x63,0x65,0x6e,0x74,0x65,
  0x72,0x22,0x20,0x73,0x74,0x79,0x6c,0x65,0x3d,0x22,0x6d,0x61,0x72,0x67,0x69,0x6e,
  0x2d,0x74,0x6f,0x70,0x3a,0x20,0x30,0x2e,0x31,0x63,0x6d,0x3b,0x20,0x62,0x61,0x63,
  0x6b,0x67,0x72,0x6f,0x75,0x6e,0x64,0x3a,0x20,0x74,0x72,0x61,0x6e,0x73,0x70,0x61,
  0x72,0x65,0x6e,0x74,0x22,0x3e,0xa,0x9,0x9,0x9,0x3c,0x61,0x20,0x68,0x72,0x65,
  0x66,0x3d,0x22,0x23,0x6c,0x69,0x63,0x65,0x6e,0x73,0x65,0x22,0x3e,0x3c,0x73,0x70,
  0x61,0x6e,0x20,0x73,0x74,0x79,0x6c,0x65,0x3d,0x22,0x74,0x65,0x78,0x74,0x2d,0x64,
  0x65,0x63,0x6f,0x72,0x61,0x74,0x69,0x6f,0x6e,0x3a,0x20,0x6e,0x6f,0x6e,0x65,0x22,
  0x3e,0x3c,0x73,0x70,0x61,0x6e,0x20,0x6c,0x61,0x6e,0x67,0x3d,0x22,0x70,0x74,0x2d,
  0x42,0x52,0x22,0x3e,0x3c,0x62,0x3e,0x3c,0x73,0x70,0x61,0x6e,0x20,0x73,0x74,0x79,
  0x6c,0x65,0x3d,0x22,0x62,0x61,0x63,0x6b,0x67,0x72,0x6f,0x75,0x6e,0x64,0x3a,0x20,
  0x74,0x72,0x61,0x6e,0x73,0x70,0x61,0x72,0x65,0x6e,0x74,0x22,0x3e,0x4c,0x69,0x63,
  0x65,0x6e,0xc3,0xa7,0x61,0x3c,0x2f,0x73,0x70,0x61,0x6e,0x3e,0x3c,0x2f,0x62,0x3e,
  0x3c,0x2f,0x73,0x70,0x61,0x6e,0x3e,0x3c,0x2f,0x73,0x70,0x61,0x6e,0x3e,0x3c,0x2f,
  0x61,0x3e,0x3c,0x2f,0x70,0x3e,0xa,0x9,0x9,0x3c,0x2f,0x74,0x64,0x3e,0xa,0x9,
  0x3c,0x2f,0x74,0x72,0x3e,0xa,0x9,0x3c,0x74,0x72,0x20,0x76,0x61,0x6c,0x69,0x67,
  0x6e,0x3d,0x22,0x74,0x6f,0x70,0x22,0x3e,0xa,0x9,0x9,0x3c,0x74,0x64,0x20,0x77,
  0x69,0x64,0x74,0x68,0x3d,0x22,0x32,0x35,0x25,0x22,0x20,0x73,0x74,0x79,0x6c,0x65,
  0x3d,0x22,0x62,0x6f,0x72,0x64,0x65,0x72,0x3a,0x20,0x6e,0x6f,0x6e,0x65,0x3b,0x20,
  0x70,0x61,0x64,0x64,0x69,0x6e,0x67,0x3a,0x20,0x30,0x63,0x6d,0x22,0x3e,0xa,0x9,
  0x9,0x9,0x3c,0x70,0x20,0x61,0x6c,0x69,0x67,0x6e,0x3d,0x22,0x63,0x65,0x6e,0x74,
  0x65,0x72,0x22,0x20,0x73,0x74,0x79,0x6c,0x65,0x3d,0x22,0x6d,0x61,0x72,0x67,0x69,
  0x6e,0x2d,0x74,0x6f,0x70,0x3a,0x20,0x30,0x2e,0x31,0x63,0x6d,0x3b,0x20,0x62,0x61,
  0x63,0x6b,0x67,0x72,0x6f,0x75,0x6e,0x64,0x3a,0x20,0x74,0x72,0x61,0x6e,0x73,0x70,
  0x61,0x72,0x65,0x6e,0x74,0x22,0x3e,0xa,0x9,0x9,0x9,0x3c,0x61,0x20,0x68,0x72,
  0x65,0x66,0x3d,0x22,0x23,0x69,0x6e,0x73,0x74,0x61,0x6c,0x6c,0x61,0x74,0x69,0x6f,
  0x6e,0x22,0x3e,0x3c,0x66,0x6f,0x6e,0x74,0x20,0x63,0x6f,0x6c,0x6f,0x72,0x3d,0x22,
  0x23,0x38,0x30,0x30,0x30,0x30,0x30,0x22,0x3e,0x3c,0x73,0x70,0x61,0x6e,0x20,0x73,
  0x74,0x79,0x6c,0x65,0x3d,0x22,0x74,0x65,0x78,0x74,0x2d,0x64,0x65,0x63,0x6f,0x72,
  0x61,0x74,0x69,0x6f,0x6e,0x3a,0x20,0x6e,0x6f,0x6e,0x65,0x22,0x3e,0x3c,0x73,0x70,
  0x61,0x6e,0x20,0x6c,0x61,0x6e,0x67,0x3d,0x22,0x70,0x74,0x2d,0x42,0x52,0x22,0x3e,
  0x3c,0x62,0x3e,0x3c,0x73,0x70,0x61,0x6e,0x20,0x73,0x74,0x79,0x6c,0x65,0x3d,0x22,
  0x62,0x61,0x63,0x6b,0x67,0x72,0x6f,0x75,0x6e,0x64,0x3a,0x20,0x74,0x72,0x61,0x6e,
  0x73,0x70,0x61,0x72,0x65,0x6e,0x74,0x22,0x3e,0x49,0x6e,0x73,0x74,0x61,0x6c,0x61,
  0xc3,0xa7,0xc3,0xa3,0x6f,0x3c,0x2f,0x73,0x70,0x61,0x6e,0x3e,0x3c,0x2f,0x62,0x3e,
  0x3c,0x2f,0x73,0x70,0x61,0x6e,0x3e,0x3c,0x2f,0x73,0x70,0x61,0x6e,0x3e,0x3c,0x2f,
  0x66,0x6f,0x6e,0x74,0x3e,0x3c,0x2f,0x61,0x3e,0x3c,0x2f,0x70,0x3e,0xa,0x9,0x9,
  0x3c,0x2f,0x74,0x64,0x3e,0xa,0x9,0x9,0x3c,0x74,0x64,0x20,0x77,0x69,0x64,0x74,
  0x68,0x3d,0x22,0x32,0x35,0x25,0x22,0x20,0x73,0x74,0x79,0x6c,0x65,0x3d,0x22,0x62,
  0x6f,0x72,0x64,0x65,0x72,0x3a,0x20,0x6e,0x6f,0x6e,0x65,0x3b,0x20,0x70,0x61,0x64,
  0x64,0x69,0x6e,0x67,0x3a,0x20,0x30,0x63,0x6d,0x22,0x3e,0xa,0x9,0x9,0x9,0x3c,
  0x70,0x20,0x61,0x6c,0x69,0x67,0x6e,0x3d,0x22,0x63,0x65,0x6e,0x74,0x65,0x72,0x22,
  0x20,0x73,0x74,0x79,0x6c,0x65,0x3d,0x22,0x6d,0x61,0x72,0x67,0x69,0x6e,0x2d,0x74,
  0x6f,0x70,0x3a,0x20,0x30,0x2e,0x31,0x63,0x6d,0x3b,0x20,0x62,0x61,0x63,0x6b,0x67,
  0x72,0x6f,0x75,0x6e,0x64,0x3a,0x20,0x74,0x72,0x61,0x6e,0x73,0x70,0x61,0x72,0x65,
  0x6e,0x74,0x22,0x3e,0xa,0x9,0x9,0x9,0x3c,0x61,0x20,0x68,0x72,0x65,0x66,0x3d,
  0x22,0x23,0x72,0x65,0x63,0x6f,0x72,0x64,0x69,0x6e,0x67,0x22,0x3e,0x3c,0x66,0x6f,
  0x6e,0x74,0x20,0x63,0x6f,0x6c,0x6f,0x72,0x3d,0x22,0x23,0x38,0x30,0x30,0x30,0x30,
  0x30,0x22,0x3e,0x3c,0x73,0x70,0x61,0x6e,0x20,0x73,0x74,0x79,0x6c,0x65,0x3d,0x22,
  0x74,0x65,0x78,0x74,0x2d,0x64,0x65,0x63,0x6f,0x72,0x61,0x74,0x69,0x6f,0x6e,0x3a,
  0x20,0x6e,0x6f,0x6e,0x65,0x22,0x3e,0x3c,0x73,0x70,0x61,0x6e,0x20,0x6c,0x61,0x6e,
  0x67,0x3d,0x22,0x70,0x74,0x2d,0x42,0x52,0x22,0x3e,0x3c,0x62,0x3e,0x3c,0x73,0x70,
  0x61,0x6e,0x20,0x73,0x74,0x79,0x6c,0x65,0x3d,0x22,0x62,0x61,0x63,0x6b,0x67,0x72,
  0x6f,0x75,0x6e,0x64,0x3a,0x20,0x74,0x72,0x61,0x6e,0x73,0x70,0x61,0x72,0x65,0x6e,
  0x74,0x22,0x3e,0x47,0x72,0x61,0x76,0x61,0xc3,0xa7,0xc3,0xa3,0x6f,0x3c,0x2f,0x73,
  0x70,0x61,0x6e,0x3e,0x3c,0x2f,0x62,0x3e,0x3c,0x2f,0x73,0x70,0x61,0x6e,0x3e,0x3c,
  0x2f,0x73,0x70,0x61,0x6e,0x3e,0x3c,0x2f,0x66,0x6f,0x6e,0x74,0x3e,0x3c,0x2f,0x61,
  0x3e,0x3c,0x2f,0x70,0x3e,0xa,0x9,0x9,0x3c,0x2f,0x74,0x64,0x3e,0xa,0x9,0x9,
  0x3c,0x74,0x64,0x20,0x77,0x69,0x64,0x74,0x68,0x3d,0x22,0x32,0x35,0x25,0x22,0x20,
  0x73,0x74,0x79,0x6c,0x65,0x3d,0x22,0x62,0x6f,0x72,0x64,0x65,0x72,0x3a,0x20,0x6e,
  0x6f,0x6e,0x65,0x3b,0x20,0x70,0x61,0x64,0x64,0x69,0x6e,0x67,0x3a,0x20,0x30,0x63,
  0x6d,0x22,0x3e,0xa,0x9,0x9,0x9,0x3c,0x70,0x20,0x61,0x6c,0x69,0x67,0x6e,0x3d,
  0x22,0x63,0x65,0x6e,0x74,0x65,0x72,0x22,0x20,0x73,0x74,0x79,0x6c,0x65,0x3d,0x22,
  0x6d,0x61,0x72,0x67,0x69,0x6e,0x2d,0x74,0x6f,0x70,0x3a,0x20,0x30,0x2e,0x31,0x63,
  0x6d,0x3b,0x20,0x62,0x61,0x63,0x6b,0x67,0x72,0x6f,0x75,0x6e,0x64,0x3a,0x20,0x74,
  0x72,0x61,0x6e,0x73,0x70,0x61,0x72,0x65,0x6e,0x74,0x22,0x3e,0xa,0x9,0x9,0x9,
  0x3c,0x61,0x20,0x68,0x72,0x65,0x66,0x3d,0x22,0x23,0x63,0x61,0x6c,0x63,0x75,0x6c,
  0x61,0x74,0x69,0x6e,0x67,0x22,0x3e,0x3c,0x66,0x6f,0x6e,0x74,0x20,0x63,0x6f,0x6c,
  0x6f,0x72,0x3d,0x22,0x23,0x38,0x30,0x30,0x30,0x30,0x30,0x22,0x3e,0x3c,0x73,0x70,
  0x61,0x6e,0x20,0x73,0x74,0x79,0x6c,0x65,0x3d,0x22,0x74,0x65,0x78,0x74,0x2d,0x64,
  0x65,0x63,0x6f,0x72,0x61,0x74,0x69,0x6f,0x6e,0x3a,0x20,0x6e,0x6f,0x6e,0x65,0x22,
  0x3e,0x3c,0x73,0x70,0x61,0x6e,0x20,0x6c,0x61,0x6e,0x67,0x3d,0x22,0x70,0x74,0x2d,
  0x42,0x52,0x22,0x3e,0x3c,0x62,0x3e,0x3c,0x73,0x70,0x61,0x6e,0x20,0x73,0x74,0x79,
  0x6c,0x65,0x3d,0x22,0x62,0x61,0x63,0x6b,0x67,0x72,0x6f,0x75,0x6e,0x64,0x3a,0x20,
  0x74,0x72,0x61,0x6e,0x73,0x70,0x61,0x72,0x65,0x6e,0x74,0x22,0x3e,0x43,0xc3,0xa1,
  0x6c,0x63,0x75,0x6c,0x6f,0x3c,0x2f,0x73,0x70,0x61,0x6e,0x3e,0x3c,0x2f,0x62,0x3e,
  0x3c,0x2f,0x73,0x70,0x61,0x6e,0x3e,0x3c,0x2f,0x73,0x70,0x61,0x6e,0x3e,0x3c,0x2f,
  0x66,0x6f,0x6e,0x74,0x3e,0x3c,0x2f,0x61,0x3e,0x3c,0x2f,0x70,0x3e,0xa,0x9,0x9,
  0x3c,0x2f,0x74,0x64,0x3e,0xa,0x9,0x9,0x3c,0x74,0x64,0x20,0x77,0x69,0x64,0x74,
  0x68,0x3d,0x22,0x32,0x35,0x25,0x22,0x20,0x73,0x74,0x79,0x6c,0x65,0x3d,0x22,0x62,
  0x6f,0x72,0x64,0x65,0x72,0x3a,0x20,0x6e,0x6f,0x6e,0x65,0x3b,0x20,0x70,0x61,0x64,
  0x64,0x69,0x6e,0x67,0x3a,0x20,0x30,0x63,0x6d,0x22,0x3e,0xa,0x9,0x9,0x9,0x3c,
  0x70,0x20,0x61,0x6c,0x69,0x67,0x6e,0x3d,0x22,0x63,0x65,0x6e,0x74,0x65,0x72,0x22,
  0x20,0x73,0x74,0x79,0x6c,0x65,0x3d,0x22,0x6d,0x61,0x72,0x67,0x69,0x6e,0x2d,0x74,
  0x6f,0x70,0x3a,0x20,0x30,0x2e,0x31,0x63,0x6d,0x3b,0x20,0x62,0x61,0x63,0x6b,0x67,
  0x72,0x6f,0x75,0x6e,0x64,0x3a,0x20,0x74,0x72,0x61,0x6e,0x73,0x70,0x61,0x72,0x65,
  0x6e,0x74,0x22,0x3e,0xa,0x9,0x9,0x9,0x3c,0x61,0x20,0x68,0x72,0x65,0x66,0x3d,
  0x22,0x23,0x74,0x75,0x6e,0x69,0x6e,0x67,0x22,0x3e,0x3c,0x66,0x6f,0x6e,0x74,0x20,
  0x63,0x6f,0x6c,0x6f,0x72,0x3d,0x22,0x23,0x38,0x30,0x30,0x30,0x30,0x30,0x22,0x3e,
  0x3c,0x73,0x70,0x61,0x6e,0x20,0x73,0x74,0x79,0x6c,0x65,0x3d,0x22,0x74,0x65,0x78,
  0x74,0x2d,0x64,0x65,0x63,0x6f,0x72,0x61,0x74,0x69,0x6f,0x6e,0x3a,0x20,0x6e,0x6f,
  0x6e,0x65,0x22,0x3e,0x3c,0x73,0x70,0x61,0x6e,0x20,0x6c,0x61,0x6e,0x67,0x3d,0x22,
  0x70,0x74,0x2d,0x42,0x52,0x22,0x3e,0x3c,0x62,0x3e,0x3c,0x73,0x70,0x61,0x6e,0x20,
  0x73,0x74,0x79,0x6c,0x65,0x3d,0x22,0x62,0x61,0x63,0x6b,0x67,0x72,0x6f,0x75,0x6e,
  0x64,0x3a,0x20,0x74,0x72,0x61,0x6e,0x73,0x70,0x61,0x72,0x65,0x6e,0x74,0x22,0x3e,
  0x41,0x66,0x69,0x6e,0x61,0xc3,0xa7,0xc3,0xa3,0x6f,0x3c,0x2f,0x73,0x70,0x61,0x6e,
  0x3e,0x3c,0x2f,0x62,0x3e,0x3c,0x2f,0x73,0x70,0x61,0x6e,0x3e,0x3c,0x2f,0x73,0x70,
  0x61,0x6e,0x3e,0x3c,0x2f,0x66,0x6f,0x6e,0x74,0x3e,0x3c,0x2f,0x61,0x3e,0x3c,0x2f,
  0x70,0x3e,0xa,0x9,0x9,0x3c,0x2f,0x74,0x64,0x3e,0xa,0x9,0x3c,0x2f,0x74,0x72,
  0x3e,0xa,0x3c,0x2f,0x74,0x61,0x62,0x6c,0x65,0x3e,0xa,0x3c,0x68,0x72,0x2f,0x3e,
  0xa,0xa,0x3c,0x70,0x20,0x6c,0x61,0x6e,0x67,0x3d,0x22,0x70,0x74,0x2d,0x42,0x52,
  0x22,0x20,0x73,0x74,0x79,0x6c,0x65,0x3d,0x22,0x6d,0x61,0x72,0x67,0x69,0x6e,0x2d,
  0x74,0x6f,0x70,0x3a,0x20,0x30,0x2e,0x34,0x32,0x63,0x6d,0x22,0x3e,0x3c,0x61,0x20,
  0x6e,0x61,0x6d,0x65,0x3d,0x22,0x69,0x6e,0x73,0x74,0x61,0x6c,0x6c,0x61,0x74,0x69,
  0x6f,0x6e,0x22,0x3e,0x3c,0x2f,0x61,0x3e,0xa,0x3c,0x66,0x6f,0x6e,0x74,0x20,0x66,
  0x61,0x63,0x65,0x3d,0x22,0x41,0x6c,0x62,0x61,0x6e,0x79,0x2c,0x20,0x73,0x61,0x6e,
  0x73,0x2d,0x73,0x65,0x72,0x69,0x66,0x22,0x3e,0x3c,0x66,0x6f,0x6e,0x74,0x20,0x73,
  0x69,0x7a,0x65,0x3d,0x22,0x34,0x22,0x20,0x73,0x74,0x79,0x6c,0x65,0x3d,0x22,0x66,
  0x6f,0x6e,0x74,0x2d,0x73,0x69,0x7a,0x65,0x3a,0x20,0x31,0x34,0x70,0x74,0x22,0x3e,
  0x3c,0x62,0x3e,0x3c,0x62,0x72,0x3e,0x45,0x78,0x69,0x67,0xc3,0xaa,0x6e,0x63,0x69,
  0x61,0x73,0xa,0x64,0x65,0x20,0x45,0x71,0x75,0x69,0x70,0x61,0x6d,0x65,0x6e,0x74,
  0x6f,0x20,0x28,0x48,0x61,0x72,0x64,0x77,0x61,0x72,0x65,0x29,0x20,0x65,0x20,0x69,
  0x6e,0x73,0x74,0x61,0x6c,0x61,0xc3,0xa7,0xc3,0xa3,0x6f,0x3c,0x2f,0x62,0x3e,0x3c,
  0x2f,0x66,0x6f,0x6e,0x74,0x3e,0x3c,0x2f,0x66,0x6f,0x6e,0x74,0x3e,0x3c,0x2f,0x70,
  0x3e,0xa,0x3c,0x70,0x20,0x6c,0x61,0x6e,0x67,0x3d,0x22,0x70,0x74,0x2d,0x42,0x52,
  0x22,0x3e,0x3c,0x62,0x3e,0x43,0x6f,0x6d,0x70,0x75,0x74,0x61,0x64,0x6f,0x72,0x3a,
  0x20,0x3c,0x2f,0x62,0x3e,0x3c,0x73,0x70,0x61,0x6e,0x20,0x73,0x74,0x79,0x6c,0x65,
  0x3d,0x22,0x66,0x6f,0x6e,0x74,0x2d,0x77,0x65,0x69,0x67,0x68,0x74,0x3a,0x20,0x6e,
  0x6f,0x72,0x6d,0x61,0x6c,0x22,0x3e,0x6f,0xa,0x45,0x50,0x54,0x3c,0x2f,0x73,0x70,
  0x61,0x6e,0x3e,0x20,0x3c,0x73,0x70,0x61,0x6e,0x20,0x73,0x74,0x79,0x6c,0x65,0x3d,
  0x22,0x66,0x6f,0x6e,0x74,0x2d,0x77,0x65,0x69,0x67,0x68,0x74,0x3a,0x20,0x6e,0x6f,
  0x72,0x6d,0x61,0x6c,0x22,0x3e,0x72,0x6f,0x64,0x61,0x20,0x6e,0x61,0x20,0x6d,0x61,
  0x69,0x6f,0x72,0x69,0x61,0x20,0x64,0x6f,0x73,0xa,0x6c,0x61,0x70,0x74,0x6f,0x70,
  0x73,0x2c,0x20,0x74,0x61,0x62,0x6c,0x65,0x74,0x73,0x3c,0x2f,0x73,0x70,0x61,0x6e,
  0x3e,0x20,0x3c,0x73,0x70,0x61,0x6e,0x20,0x73,0x74,0x79,0x6c,0x65,0x3d,0x22,0x66,
  0x6f,0x6e,0x74,0x2d,0x77,0x65,0x69,0x67,0x68,0x74,0x3a,0x20,0x6e,0x6f,0x72,0x6d,
  0x61,0x6c,0x22,0x3e,0x65,0x20,0x61,0x74,0xc3,0xa9,0xa,0x6d,0x65,0x73,0x6d,0x6f,
  0x20,0x74,0x65,0x6c,0x65,0x66,0x6f,0x6e,0x65,0x73,0x20,0x63,0x65,0x6c,0x75,0x6c,
  0x61,0x72,0x65,0x73,0x2e,0x3c,0x2f,0x73,0x70,0x61,0x6e,0x3e,0x20,0xa,0x3c,0x2f,
  0x70,0x3e,0xa,0x3c,0x70,0x20,0x6c,0x61,0x6e,0x67,0x3d,0x22,0x70,0x74,0x2d,0x42,
  0x52,0x22,0x3e,0x3c,0x62,0x3e,0x4d,0x69,0x63,0x72,0x6f,0x66,0x6f,0x6e,0x65,0x3a,
  0x26,0x6e,0x62,0x73,0x70,0x3b,0x3c,0x2f,0x62,0x3e,0x20,0x70,0x61,0x72,0x61,0x20,
  0x71,0x75,0x65,0x20,0x6f,0x20,0x61,0x66,0x69,0x6e,0x61,0x64,0x6f,0x72,0x20,0x66,
  0x75,0x6e,0x63,0x69,0x6f,0x6e,0x65,0x2c,0xa,0xc3,0xa9,0x20,0x6e,0x65,0x63,0x65,
  0x73,0x73,0xc3,0xa1,0x72,0x69,0x6f,0x20,0x75,0x6d,0x20,0x6d,0x69,0x63,0x72,0x6f,
  0x66,0x6f,0x6e,0x65,0x20,0x65,0x78,0x74,0x65,0x72,0x6e,0x6f,0x20,0x64,0x65,0x20,
  0x62,0x6f,0x61,0x20,0x71,0x75,0x61,0x6c,0x69,0x64,0x61,0x64,0x65,0x2e,0x20,0x52,
  0x65,0x63,0x6f,0x6d,0x65,0x6e,0x64,0x61,0x6d,0x6f,0x73,0x20,0x75,0x6d,0xa,0x6d,
  0x69,0x63,0x72,0x6f,0x66,0x6f,0x6e,0x65,0x20,0x64,0x65,0x20,0x63,0x6f,0x6e,0x64,
  0x65,0x6e,0x73,0x61,0x64,0x6f,0x72,0x20,0x28,0x63,0x61,0x70,0x61,0x63,0x69,0x74,
  0x6f,0x72,0x20,0x6f,0x75,0x20,0x65,0x6c,0x65,0x74,0x72,0x6f,0x73,0x74,0xc3,0xa1,
  0x74,0x69,0x63,0x6f,0x29,0x20,0x63,0x6f,0x6d,0x20,0x72,0x65,0x73,0x70,0x6f,0x73,
  0x74,0x61,0xa,0x6c,0x69,0x6e,0x65,0x61,0x72,0x20,0x64,0x65,0x20,0x66,0x72,0x65,
  0x71,0x75,0xc3,0xaa,0x6e,0x63,0x69,0x61,0x2e,0x20,0x4d,0x69,0x63,0x72,0x6f,0x66,
  0x6f,0x6e,0x65,0x20,0x65,0x6d,0x62,0x75,0x74,0x69,0x64,0x6f,0x73,0x20,0x65,0x6d,
  0x20,0x74,0x61,0x62,0x6c,0x65,0x74,0x73,0x20,0x6f,0x20,0x6f,0x75,0x20,0x61,0x70,
  0x61,0x72,0x65,0x6c,0x68,0x6f,0x73,0xa,0x63,0x65,0x6c,0x75,0x6c,0x61,0x72,0x65,
  0x73,0x20,0x70,0x6f,0x64,0x65,0x6d,0x20,0x73,0x65,0x72,0x20,0x75,0x73,0x61,0x64,
  0x6f,0x73,0x20,0x63,0x6f,0x6d,0x6f,0x20,0x74,0x65,0x73,0x74,0x65,0x2c,0x20,0x6d,
  0x61,0x73,0x20,0x65,0x6c,0x65,0x73,0x20,0x66,0x61,0x6c,0x68,0x61,0x6d,0x20,0x71,
  0x75,0x61,0x6e,0x64,0x6f,0x20,0x73,0x65,0xa,0x74,0x72,0x61,0x74,0x61,0x20,0x64,
  0x65,0x20,0x62,0x61,0x69,0x78,0x61,0x73,0x20,0x6f,0x75,0x20,0x61,0x6c,0x74,0x61,
  0x73,0x20,0x66,0x72,0x65,0x71,0x75,0xc3,0xaa,0x6e,0x63,0x69,0x61,0x73,0x2e,0x3c,
  0x2f,0x70,0x3e,0xa,0x3c,0x70,0x20,0x6c,0x61,0x6e,0x67,0x3d,0x22,0x70,0x74,0x2d,
  0x42,0x52,0x22,0x3e,0x3c,0x62,0x3e,0x46,0x6f,0x6e,0x65,0x20,0x64,0x65,0x20,0x6f,
  0x75,0x76,0x69,0x64,0x6f,0x3a,0x3c,0x2f,0x62,0x3e,0x20,0x6f,0x70,0x63,0x69,0x6f,
  0x6e,0x61,0x6c,0x6d,0x65,0x6e,0x74,0x65,0x2c,0x20,0x75,0x6d,0x20,0x66,0x6f,0x6e,
  0x65,0x20,0x64,0x65,0xa,0x6f,0x75,0x76,0x69,0x64,0x6f,0x20,0x63,0x6f,0x6d,0x75,
  0x6d,0x20,0x70,0x6f,0x64,0x65,0x20,0x73,0x65,0x72,0x20,0xc3,0xba,0x74,0x69,0x6c,
  0x20,0x70,0x61,0x72,0x61,0x20,0x73,0x65,0x20,0x63,0x68,0x65,0x63,0x61,0x72,0x20,
  0x61,0x73,0x20,0x6e,0x6f,0x74,0x61,0x73,0x20,0x67,0x72,0x61,0x76,0x61,0x64,0x61,
  0x73,0x2e,0x20,0x53,0x65,0x20,0x76,0x6f,0x63,0xc3,0xaa,0xa,0x6e,0xc3,0xa3,0x6f,
  0x20,0x75,0x73,0x61,0x72,0x20,0x75,0x6d,0x20,0x66,0x6f,0x6e,0x65,0x20,0x64,0x65,
  0x20,0x6f,0x75,0x76,0x69,0x64,0x6f,0x2c,0x20,0x63,0x6f,0x6c,0x6f,0x71,0x75,0x65,
  0x20,0x6f,0x20,0x61,0x6c,0x74,0x6f,0x2d,0x66,0x61,0x6c,0x61,0x6e,0x74,0x65,0x20,
  0x64,0x6f,0x20,0x73,0x65,0x75,0x20,0x61,0x70,0x61,0x72,0x65,0x6c,0x68,0x6f,0xa,
  0x65,0x6d,0x20,0x6d,0x75,0x64,0x6f,0x20,0x70,0x61,0x72,0x61,0x20,0x65,0x76,0x69,
  0x74,0x61,0x72,0x20,0x66,0x65,0x65,0x64,0x62,0x61,0x63,0x6b,0x20,0x69,0x6e,0x64,
  0x65,0x73,0x65,0x6a,0x61,0x64,0x6f,0x20,0x76,0x69,0x61,0x20,0x6d,0x69,0x63,0x72,
  0x6f,0x66,0x6f,0x6e,0x65,0x2e,0x3c,0x2f,0x70,0x3e,0xa,0x3c,0x70,0x20,0x6c,0x61,
  0x6e,0x67,0x3d,0x22,0x70,0x74,0x2d,0x42,0x52,0x22,0x3e,0x3c,0x62,0x3e,0x54,0x65,
  0x63,0x6c,0x61,0x64,0x6f,0x20,0x4d,0x49,0x44,0x49,0x3a,0x20,0x3c,0x2f,0x62,0x3e,
  0x76,0x6f,0x63,0xc3,0xaa,0x20,0x70,0x6f,0x64,0x65,0x2c,0x20,0x6f,0x70,0x63,0x69,
  0x6f,0x6e,0x61,0x6c,0x6d,0x65,0x6e,0x74,0x65,0x2c,0xa,0x63,0x6f,0x6e,0x65,0x63,
  0x74,0x61,0x72,0x20,0x75,0x6d,0x20,0x74,0x65,0x63,0x6c,0x61,0x64,0x6f,0x20,0x4d,
  0x49,0x44,0x49,0x20,0x61,0x6f,0x20,0x73,0x65,0x75,0x20,0x61,0x70,0x61,0x72,0x65,
  0x6c,0x68,0x6f,0x2c,0x20,0x70,0x65,0x72,0x6d,0x69,0x74,0x69,0x6e,0x64,0x6f,0x20,
  0x71,0x75,0x65,0x20,0x76,0x6f,0x63,0xc3,0xaa,0x20,0x74,0x6f,0x71,0x75,0x65,0xa,
  0x65,0x20,0x73,0x65,0x6c,0x65,0x63,0x69,0x6f,0x6e,0x65,0x20,0x74,0x65,0x63,0x6c,
  0x61,0x73,0x20,0x69,0x6e,0x64,0x69,0x76,0x69,0x64,0x75,0x61,0x6c,0x6d,0x65,0x6e,
  0x74,0x65,0x2e,0x20,0x4e,0x6f,0x20,0x65,0x6e,0x74,0x61,0x6e,0x74,0x6f,0x2c,0x20,
  0x75,0x6d,0x20,0x74,0x65,0x63,0x6c,0x61,0x64,0x6f,0x20,0x4d,0x49,0x44,0x49,0x20,
  0x6e,0xc3,0xa3,0x6f,0xa,0xc3,0xa9,0x20,0x6f,0x62,0x72,0x69,0x67,0x61,0x74,0xc3,
  0xb3,0x72,0x69,0x6f,0x20,0x70,0x61,0x72,0x61,0x20,0x61,0x20,0x61,0x66,0x69,0x6e,
  0x61,0xc3,0xa7,0xc3,0xa3,0x6f,0x2c,0x20,0x63,0x61,0x73,0x6f,0x20,0x76,0x6f,0x63,
  0xc3,0xaa,0x20,0x6e,0xc3,0xa3,0x6f,0x20,0x6f,0x20,0x70,0x6f,0x73,0x73,0x75,0x61,
  0x2e,0x3c,0x2f,0x70,0x3e,0xa,0x3c,0x70,0x3e,0x3c,0x73,0x70,0x61,0x6e,0x20,0x6c,
  0x61,0x6e,0x67,0x3d,0x22,0x70,0x74,0x2d,0x42,0x52,0x22,0x3e,0x3c,0x62,0x3e,0x49,
  0x6e,0x73,0x74,0x61,0x6c,0x61,0xc3,0xa7,0xc3,0xa3,0x6f,0x3a,0x3c,0x2f,0x62,0x3e,
  0x3c,0x2f,0x73,0x70,0x61,0x6e,0x3e,0x20,0x3c,0x73,0x70,0x61,0x6e,0x20,0x6c,0x61,
  0x6e,0x67,0x3d,0x22,0x70,0x74,0x2d,0x42,0x52,0x22,0x3e,0x4f,0xa,0x41,0x66,0x69,
  0x6e,0x61,0x64,0x6f,0x72,0x20,0x64,0x65,0x20,0x50,0x69,0x61,0x6e,0x6f,0x20,0x70,
  0x6f,0x72,0x20,0x45,0x6e,0x74,0x72,0x6f,0x70,0x69,0x61,0x20,0x65,0x73,0x74,0xc3,
  0xa1,0x20,0x64,0x69,0x73,0x70,0x6f,0x6e,0xc3,0xad,0x76,0x65,0x6c,0x20,0x70,0x61,
  0x72,0x61,0x20,0x73,0x69,0x73,0x74,0x65,0x6d,0x61,0x73,0xa,0x6f,0x70,0x65,0x72,
  0x61,0x63,0x69,0x6f,0x6e,0x61,0x69,0x73,0x20,0x4f,0x53,0x2d,0x58,0x2c,0x20,0x49,
  0x4f,0x53,0x2c,0x20,0x41,0x6e,0x64,0x72,0x6f,0x69,0x64,0x2c,0x20,0x57,0x69,0x6e,
  0x64,0x6f,0x77,0x73,0x20,0x65,0x20,0x4c,0x69,0x6e,0x75,0x78,0x2e,0x20,0x50,0x6f,
  0x72,0x20,0x66,0x61,0x76,0x6f,0x72,0x2c,0x20,0x76,0x69,0x73,0x69,0x74,0x65,0xa,
  0x6e,0x6f,0x73,0x73,0x61,0x20,0x3c,0x61,0x20,0x68,0x72,0x65,0x66,0x3d,0x22,0x68,
  0x74,0x74,0x70,0x3a,0x2f,0x2f,0x70,0x69,0x61,0x6e,0x6f,0x2d,0x74,0x75,0x6e,0x65,
  0x72,0x2e,0x6f,0x72,0x67,0x2f,0x70,0x74,0x2f,0x64,0x6f,0x77,0x6e,0x6c,0x6f,0x61,
  0x64,0x22,0x3e,0x70,0xc3,0xa1,0x67,0x69,0x6e,0x61,0x20,0x64,0x65,0xa,0x64,0x6f,
  0x77,0x6e,0x6c,0x6f,0x61,0x64,0x3c,0x2f,0x61,0x3e,0x2e,0x3c,0x2f,0x73,0x70,0x61,
  0x6e,0x3e,0x3c,0x2f,0x70,0x3e,0xa,0x3c,0x70,0x20,0x6c,0x61,0x6e,0x67,0x3d,0x22,
  0x70,0x74,0x2d,0x42,0x52,0x22,0x20,0x73,0x74,0x79,0x6c,0x65,0x3d,0x22,0x6d,0x61,
  0x72,0x67,0x69,0x6e,0x2d,0x74,0x6f,0x70,0x3a,0x20,0x30,0x2e,0x34,0x32,0x63,0x6d,
  0x3b,0x20,0x70,0x61,0x67,0x65,0x2d,0x62,0x72,0x65,0x61,0x6b,0x2d,0x61,0x66,0x74,
  0x65,0x72,0x3a,0x20,0x61,0x76,0x6f,0x69,0x64,0x22,0x3e,0x3c,0x61,0x20,0x6e,0x61,
  0x6d,0x65,0x3d,0x22,0x66,0x69,0x72,0x73,0x74,0x20,0x73,0x74,0x65,0x70,0x73,0x22,
  0x3e,0x3c,0x2f,0x61,0x3e,0xa,0x3c,0x66,0x6f,0x6e,0x74,0x20,0x66,0x61,0x63,0x65,
  0x3d,0x22,0x41,0x6c,0x62,0x61,0x6e,0x79,0x2c,0x20,0x73,0x61,0x6e,0x73,0x2d,0x73,
  0x65,0x72,0x69,0x66,0x22,0x3e,0x3c,0x66,0x6f,0x6e,0x74,0x20,0x73,0x69,0x7a,0x65,
  0x3d,0x22,0x34,0x22,0x20,0x73,0x74,0x79,0x6c,0x65,0x3d,0x22,0x66,0x6f,0x6e,0x74,
  0x2d,0x73,0x69,0x7a,0x65,0x3a,0x20,0x31,0x34,0x70,0x74,0x22,0x3e,0x3c,0x62,0x3e,
  0x49,0x6e,0x69,0x63,0x69,0x61,0x6c,0x69,0x7a,0x61,0x6e,0x64,0x6f,0x3c,0x2f,0x62,
  0x3e,0x3c,0x2f,0x66,0x6f,0x6e,0x74,0x3e,0x3c,0x2f,0x66,0x6f,0x6e,0x74,0x3e,0x3c,
  0x2f,0x70,0x3e,0xa,0x3c,0x70,0x20,0x6c,0x61,0x6e,0x67,0x3d,0x22,0x70,0x74,0x2d,
  0x42,0x52,0x22,0x3e,0x41,0x6e,0x74,0x65,0x73,0x20,0x64,0x65,0x20,0x69,0x6e,0x69,
  0x63,0x69,0x61,0x6c,0x69,0x7a,0x61,0x72,0x20,0x6f,0x20,0x45,0x50,0x54,0x2c,0x20,
  0x63,0x6f,0x6e,0x65,0x63,0x74,0x65,0x20,0x73,0x65,0x75,0x20,0x6d,0x69,0x63,0x72,
  0x6f,0x66,0x6f,0x6e,0x65,0x20,0x65,0xa,0x67,0x61,0x72,0x61,0x6e,0x74,0x61,0x20,
  0x71,0x75,0x65,0x20,0x65,0x6c,0x65,0x20,0x65,0x73,0x74,0xc3,0xa1,0x20,0x66,0x75,
  0x6e,0x63,0x69,0x6f,0x6e,0x61,0x6e,0x64,0x6f,0x2e,0x20,0x43,0x6f,0x6d,0x20,0x6f,
  0x73,0x20,0xc3,0xad,0x63,0x6f,0x6e,0x65,0x73,0x20,0x64,0x6f,0x20,0x6c,0x61,0x64,
  0x6f,0x20,0x65,0x73,0x71,0x75,0x65,0x72,0x64,0x6f,0x2c,0xa,0x76,0x6f,0x63,0xc3,
  0xaa,0x20,0x70,0x6f,0x64,0x65,0x20,0x65,0x73,0x63,0x6f,0x6c,0x68,0x65,0x72,0x20,
  0x64,0x69,0x66,0x65,0x72,0x65,0x6e,0x74,0x65,0x73,0x20,0x6d,0x6f,0x64,0x6f,0x73,
  0x20,0x64,0x65,0x20,0x6f,0x70,0x65,0x72,0x61,0xc3,0xa7,0xc3,0xa3,0x6f,0x2e,0x20,
  0x43,0x65,0x72,0x74,0x69,0x66,0x69,0x71,0x75,0x65,0x2d,0x73,0x65,0x20,0x71,0x75,
  0x65,0xa,0x6f,0x20,0x6d,0x65,0x64,0x69,0x64,0x6f,0x72,0x20,0x56,0x55,0x20,0x72,
  0x65,0x73,0x70,0x6f,0x6e,0x64,0x65,0x20,0x61,0x6f,0x20,0x73,0x69,0x6e,0x61,0x6c,
  0x20,0x64,0x6f,0x20,0x6d,0x69,0x63,0x72,0x6f,0x66,0x6f,0x6e,0x65,0x20,0x65,0x20,
  0x71,0x75,0x65,0x20,0x6f,0x73,0x20,0x6e,0xc3,0xad,0x76,0x65,0x69,0x73,0xa,0x61,
  0x6a,0x75,0x73,0x74,0x65,0x6d,0x2d,0x73,0x65,0x20,0x61,0x75,0x74,0x6f,0x6d,0x61,
  0x74,0x69,0x63,0x61,0x6d,0x65,0x6e,0x74,0x65,0x2e,0x20,0x53,0x65,0x20,0x76,0x6f,
  0x63,0xc3,0xaa,0x20,0x65,0x73,0x74,0xc3,0xa1,0x20,0x61,0x66,0x69,0x6e,0x61,0x6e,
  0x64,0x6f,0x20,0x73,0x65,0x75,0x20,0x70,0x69,0x61,0x6e,0x6f,0x20,0x70,0x65,0x6c,
  0x61,0xa,0x70,0x72,0x69,0x6d,0x65,0x69,0x72,0x61,0x20,0x76,0x65,0x7a,0x2c,0x20,
  0x65,0x73,0x63,0x6f,0x6c,0x68,0x61,0x20,0x4e,0x6f,0x76,0x6f,0x2d,0x41,0x72,0x71,
  0x75,0x69,0x76,0x6f,0x20,0x28,0x46,0x69,0x6c,0x65,0x2d,0x4e,0x65,0x77,0x29,0x20,
  0x65,0x20,0x66,0x6f,0x72,0x6e,0x65,0xc3,0xa7,0x61,0x20,0x6f,0x73,0x20,0x64,0x61,
  0x64,0x6f,0x73,0xa,0x6e,0x65,0x63,0x65,0x73,0x73,0xc3,0xa1,0x72,0x69,0x6f,0x73,
  0x2e,0x3c,0x2f,0x70,0x3e,0xa,0x3c,0x70,0x20,0x6c,0x61,0x6e,0x67,0x3d,0x22,0x70,
  0x74,0x2d,0x42,0x52,0x22,0x20,0x61,0x6c,0x69,0x67,0x6e,0x3d,0x22,0x6c,0x65,0x66,
  0x74,0x22,0x3e,0x41,0x20,0x62,0x61,0x72,0x72,0x61,0x20,0x64,0x65,0x20,0x66,0x65,
  0x72,0x72,0x61,0x6d,0x65,0x6e,0x74,0x61,0x73,0x20,0x64,0x61,0x20,0x65,0x73,0x71,
  0x75,0x65,0x72,0x64,0x61,0xa,0x70,0x65,0x72,0x6d,0x69,0x74,0x65,0x20,0x65,0x73,
  0x63,0x6f,0x6c,0x68,0x65,0x72,0x20,0x65,0x6e,0x74,0x72,0x65,0x20,0x34,0x20,0x64,
  0x69,0x66,0x65,0x72,0x65,0x6e,0x74,0x65,0x73,0x20,0x6d,0x6f,0x64,0x6f,0x73,0x20,
  0x64,0x65,0x20,0x66,0x75,0x6e,0x63,0x69,0x6f,0x6e,0x61,0x6d,0x65,0x6e,0x74,0x6f,
  0x2c,0x20,0x71,0x75,0x65,0x20,0x70,0x6f,0x64,0x65,0x6d,0xa,0x73,0x65,0x72,0x20,
  0x73,0x65,0x6c,0x65,0x63,0x69,0x6f,0x6e,0x61,0x64,0x6f,0x73,0x20,0x70,0x6f,0x72,
  0x20,0x75,0x6d,0x20,0x63,0x6c,0x69,0x63,0x6b,0x20,0x6e,0x6f,0x20,0x6d,0x6f,0x75,
  0x73,0x65,0x20,0x6f,0x75,0x20,0x75,0x73,0x61,0x6e,0x64,0x6f,0x20,0x61,0x20,0x74,
  0x65,0x63,0x6c,0x61,0x20,0x54,0x41,0x42,0x20,0x64,0x6f,0x20,0x73,0x65,0x75,0xa,
  0x74,0x65,0x63,0x6c,0x61,0x64,0x6f,0x2e,0x20,0x45,0x73,0x74,0x65,0x73,0x20,0x64,
  0x69,0x66,0x65,0x72,0x65,0x6e,0x74,0x65,0x73,0x20,0x6d,0x6f,0x64,0x6f,0x73,0x20,
  0x63,0x6f,0x72,0x72,0x65,0x73,0x70,0x6f,0x6e,0x64,0x65,0x6d,0x20,0xc3,0xa0,0x73,
  0x20,0x65,0x74,0x61,0x70,0x61,0x73,0x20,0x70,0x72,0x69,0x6e,0x63,0x69,0x70,0x61,
  0x69,0x73,0x20,0x64,0x6f,0xa,0x70,0x72,0x6f,0x63,0x65,0x73,0x73,0x6f,0x20,0x64,
  0x65,0x20,0x61,0x66,0x69,0x6e,0x61,0xc3,0xa7,0xc3,0xa3,0x6f,0x2e,0x3c,0x2f,0x70,
  0x3e,0xa,0x3c,0x70,0x20,0x6c,0x61,0x6e,0x67,0x3d,0x22,0x70,0x74,0x2d,0x42,0x52,
  0x22,0x3e,0x4f,0x20,0x70,0x72,0x6f,0x63,0x65,0x73,0x73,0x6f,0x20,0x64,0x65,0x20,
  0x61,0x66,0x69,0x6e,0x61,0xc3,0xa7,0xc3,0xa3,0x6f,0x20,0xc3,0xa9,0x20,0x66,0x65,
  0x69,0x74,0x6f,0x20,0x65,0x6d,0x20,0x74,0x72,0xc3,0xaa,0x73,0x20,0x70,0x61,0x73,
  0x73,0x6f,0x73,0x3a,0x3c,0x2f,0x70,0x3e,0xa,0x3c,0x75,0x6c,0x3e,0xa,0x9,0x3c,
  0x6c,0x69,0x2f,0x3e,0xa,0x3c,0x70,0x20,0x6c,0x61,0x6e,0x67,0x3d,0x22,0x70,0x74,
  0x2d,0x42,0x52,0x22,0x3e,0x47,0x72,0x61,0x76,0x61,0xc3,0xa7,0xc3,0xa3,0x6f,0x20,
  0x64,0x65,0x20,0x74,0x6f,0x64,0x61,0x73,0x20,0x61,0x73,0x20,0x6e,0x6f,0x74,0x61,
  0x73,0x20,0x64,0x6f,0x20,0x70,0x69,0x61,0x6e,0x6f,0x2e,0x3c,0x2f,0x70,0x3e,0xa,
  0x9,0x3c,0x6c,0x69,0x2f,0x3e,0xa,0x3c,0x70,0x20,0x6c,0x61,0x6e,0x67,0x3d,0x22,
  0x70,0x74,0x2d,0x42,0x52,0x22,0x3e,0x43,0xc3,0xa1,0x6c,0x63,0x75,0x6c,0x6f,0x20,
  0x64,0x61,0x20,0x6d,0x69,0x6e,0x69,0x6d,0x69,0x7a,0x61,0xc3,0xa7,0xc3,0xa3,0x6f,
  0x20,0x64,0x61,0x20,0x65,0x6e,0x74,0x72,0x6f,0x70,0x69,0x61,0x2e,0x3c,0x2f,0x70,
  0x3e,0xa,0x9,0x3c,0x6c,0x69,0x2f,0x3e,0xa,0x3c,0x70,0x20,0x6c,0x61,0x6e,0x67,
  0x3d,0x22,0x70,0x74,0x2d,0x42,0x52,0x22,0x3e,0x41,0x66,0x69,0x6e,0x61,0xc3,0xa7,
  0xc3,0xa3,0x6f,0x20,0x6d,0x61,0x6e,0x75,0x61,0x6c,0x20,0x64,0x6f,0x20,0x70,0x69,
  0x61,0x6e,0x6f,0x20,0x63,0x6f,0x6d,0x20,0x61,0x75,0x78,0xc3,0xad,0x6c,0x69,0x6f,
  0xa,0x9,0x65,0x6c,0x65,0x74,0x72,0xc3,0xb4,0x6e,0x69,0x63,0x6f,0x2e,0x3c,0x2f,
  0x70,0x3e,0xa,0x3c,0x2f,0x75,0x6c,0x3e,0xa,0x3c,0x70,0x20,0x6c,0x61,0x6e,0x67,
  0x3d,0x22,0x70,0x74,0x2d,0x42,0x52,0x22,0x20,0x73,0x74,0x79,0x6c,0x65,0x3d,0x22,
  0x6d,0x61,0x72,0x67,0x69,0x6e,0x2d,0x74,0x6f,0x70,0x3a,0x20,0x30,0x2e,0x34,0x32,
  0x63,0x6d,0x3b,0x20,0x70,0x61,0x67,0x65,0x2d,0x62,0x72,0x65,0x61,0x6b,0x2d,0x61,
  0x66,0x74,0x65,0x72,0x3a,0x20,0x61,0x76,0x6f,0x69,0x64,0x22,0x3e,0x3c,0x61,0x20,
  0x6e,0x61,0x6d,0x65,0x3d,0x22,0x72,0x65,0x63,0x6f,0x72,0x64,0x69,0x6e,0x67,0x22,
  0x3e,0x3c,0x2f,0x61,0x3e,0xa,0x3c,0x66,0x6f,0x6e,0x74,0x20,0x66,0x61,0x63,0x65,
  0x3d,0x22,0x41,0x6c,0x62,0x61,0x6e,0x79,0x2c,0x20,0x73,0x61,0x6e,0x73,0x2d,0x73,
  0x65,0x72,0x69,0x66,0x22,0x3e,0x3c,0x66,0x6f,0x6e,0x74,0x20,0x73,0x69,0x7a,0x65,
  0x3d,0x22,0x34,0x22,0x20,0x73,0x74,0x79,0x6c,0x65,0x3d,0x22,0x66,0x6f,0x6e,0x74,
  0x2d,0x73,0x69,0x7a,0x65,0x3a,0x20,0x31,0x34,0x70,0x74,0x22,0x3e,0x3c,0x62,0x3e,
  0x31,0x2e,0xa,0x47,0x72,0x61,0x76,0x61,0xc3,0xa7,0xc3,0xa3,0x6f,0x3c,0x2f,0x62,
  0x3e,0x3c,0x2f,0x66,0x6f,0x6e,0x74,0x3e,0x3c,0x2f,0x66,0x6f,0x6e,0x74,0x3e,0x3c,
  0x2f,0x70,0x3e,0xa,0x3c,0x70,0x20,0x6c,0x61,0x6e,0x67,0x3d,0x22,0x70,0x74,0x2d,
  0x42,0x52,0x22,0x3e,0x45,0x73,0x63,0x6f,0x6c,0x68,0x61,0x20,0x6f,0x20,0x6d,0x6f,
  0x64,0x6f,0x20,0x67,0x72,0x61,0x76,0x61,0xc3,0xa7,0xc3,0xa3,0x6f,0x20,0x65,0x20,
  0x61,0x63,0x69,0x6f,0x6e,0x65,0x20,0x74,0x6f,0x64,0x61,0x73,0x20,0x61,0x73,0x20,
  0x74,0x65,0x63,0x6c,0x61,0x73,0x20,0x64,0x65,0xa,0x73,0x65,0x75,0x20,0x70,0x69,
  0x61,0x6e,0x6f,0x2c,0x20,0x65,0x6d,0x20,0x73,0x65,0x71,0x75,0xc3,0xaa,0x6e,0x63,
  0x69,0x61,0x2c,0x20,0x63,0x6f,0x6d,0x65,0xc3,0xa7,0x61,0x6e,0x64,0x6f,0x20,0x64,
  0x61,0x20,0x65,0x73,0x71,0x75,0x65,0x72,0x64,0x61,0x20,0x65,0x20,0x69,0x6e,0x64,
  0x6f,0x20,0x70,0x61,0x72,0x61,0x20,0x61,0xa,0x64,0x69,0x72,0x65,0x69,0x74,0x61,
  0x20,0x64,0x6f,0x20,0x74,0x65,0x63,0x6c,0x61,0x64,0x6f,0x2c,0x20,0x70,0x61,0x72,
  0x61,0x20,0x61,0x73,0x73,0x69,0x6d,0x20,0x67,0x72,0x61,0x76,0x61,0x72,0x20,0x74,
  0x6f,0x64,0x61,0x73,0x20,0x61,0x73,0x20,0x6e,0x6f,0x74,0x61,0x73,0x2e,0x20,0x41,
  0x20,0x67,0x72,0x61,0x76,0x61,0xc3,0xa7,0xc3,0xa3,0x6f,0xa,0x6f,0x63,0x6f,0x72,
  0x72,0x65,0x20,0x73,0x65,0x6d,0x70,0x72,0x65,0x20,0x71,0x75,0x65,0x20,0x6f,0x20,
  0x6d,0x65,0x64,0x69,0x64,0x6f,0x72,0x20,0x56,0x55,0x20,0x75,0x6c,0x74,0x72,0x61,
  0x70,0x61,0x73,0x73,0x61,0x72,0x20,0x6f,0x20,0x6d,0x61,0x72,0x63,0x6f,0x20,0x73,
  0x75,0x70,0x65,0x72,0x69,0x6f,0x72,0x20,0x65,0x20,0x70,0x61,0x72,0x61,0x72,0x2c,
  0xa,0x71,0x75,0x61,0x6e,0x64,0x6f,0x20,0x70,0x61,0x73,0x73,0x61,0x72,0x20,0x70,
  0x61,0x72,0x61,0x20,0x62,0x61,0x69,0x78,0x6f,0x20,0x64,0x6f,0x20,0x6d,0x61,0x72,
  0x63,0x6f,0x20,0x69,0x6e,0x66,0x65,0x72,0x69,0x6f,0x72,0x2e,0x20,0x41,0x20,0x74,
  0x65,0x63,0x6c,0x61,0x20,0x70,0x72,0x6f,0x63,0x65,0x73,0x73,0x61,0x64,0x61,0x20,
  0xc3,0xa9,0xa,0x72,0x65,0x63,0x6f,0x6e,0x68,0x65,0x63,0x69,0x64,0x61,0x20,0x61,
  0x75,0x74,0x6f,0x6d,0x61,0x74,0x69,0x63,0x61,0x6d,0x65,0x6e,0x74,0x65,0x2e,0x20,
  0x41,0x63,0x69,0x6d,0x61,0x20,0x64,0x61,0x73,0x20,0x6e,0x6f,0x74,0x61,0x73,0x20,
  0x76,0x6f,0x63,0xc3,0xaa,0x20,0x76,0x65,0x72,0xc3,0xa1,0x20,0x6f,0x20,0x65,0x73,
  0x70,0x65,0x63,0x74,0x72,0x6f,0xa,0x64,0x65,0x20,0x66,0x72,0x65,0x71,0x75,0xc3,
  0xaa,0x6e,0x63,0x69,0x61,0x73,0x20,0x63,0x6f,0x6d,0x20,0x70,0x61,0x72,0x63,0x69,
  0x61,0x69,0x73,0x2c,0x20,0x6e,0x61,0x20,0x66,0x6f,0x72,0x6d,0x61,0x20,0x64,0x65,
  0x20,0x75,0x6d,0x61,0x20,0x6c,0x69,0x6e,0x68,0x61,0x20,0x76,0x65,0x72,0x6d,0x65,
  0x6c,0x68,0x61,0x2e,0x3c,0x2f,0x70,0x3e,0xa,0x3c,0x70,0x20,0x6c,0x61,0x6e,0x67,
  0x3d,0x22,0x70,0x74,0x2d,0x42,0x52,0x22,0x3e,0x50,0x6f,0x72,0x20,0x66,0x61,0x76,
  0x6f,0x72,0x2c,0x20,0x6d,0x61,0x6e,0x74,0x65,0x6e,0x68,0x61,0x20,0x61,0x20,0x74,
  0x65,0x63,0x6c,0x61,0x20,0x64,0x65,0x20,0x70,0x69,0x61,0x6e,0x6f,0x20,0x70,0x72,
  0x65,0x73,0x73,0x69,0x6f,0x6e,0x61,0x64,0x6f,0x20,0x61,0x74,0xc3,0xa9,0xa,0x71,
  0x75,0x65,0x20,0x6f,0x20,0x73,0xc3,0xad,0x6d,0x62,0x6f,0x6c,0x6f,0x20,0x64,0x65,
  0x20,0x67,0x72,0x61,0x76,0x61,0xc3,0xa7,0xc3,0xa3,0x6f,0x20,0x76,0x65,0x72,0x6d,
  0x65,0x6c,0x68,0x6f,0x20,0x64,0x65,0x73,0x61,0x70,0x61,0x72,0x65,0x63,0x65,0x20,
  0x65,0x20,0x61,0x67,0x75,0x61,0x72,0x64,0x65,0x20,0x61,0x74,0xc3,0xa9,0x20,0x71,
  0x75,0x65,0xa,0x6f,0x73,0x20,0x64,0x61,0x64,0x6f,0x73,0x20,0x74,0x65,0x6e,0x68,
  0x61,0x6d,0x20,0x73,0x69,0x64,0x6f,0x20,0x70,0x72,0x6f,0x63,0x65,0x73,0x73,0x61,
  0x64,0x6f,0x73,0x2e,0x20,0x53,0x65,0x20,0x76,0x6f,0x63,0xc3,0xaa,0x20,0x74,0x69,
  0x76,0x65,0x72,0x20,0x75,0x6d,0x20,0x66,0x6f,0x6e,0x65,0x20,0x64,0x65,0x20,0x6f,
  0x75,0x76,0x69,0x64,0x6f,0x2c,0x20,0x6f,0xa,0x73,0x75,0x63,0x65,0x73,0x73,0x6f,
  0x20,0x64,0x61,0x20,0x67,0x72,0x61,0x76,0x61,0xc3,0xa7,0xc3,0xa3,0x6f,0x20,0x73,
  0x65,0x72,0xc3,0xa1,0x20,0x69,0x6e,0x64,0x69,0x63,0x61,0x64,0x6f,0x20,0x70,0x6f,
  0x72,0x20,0x75,0x6d,0x20,0x62,0x72,0x65,0x76,0x65,0x20,0x65,0x63,0x6f,0x20,0x64,
  0x61,0x20,0x6d,0x65,0x73,0x6d,0x61,0xa,0x61,0x6c,0x74,0x75,0x72,0x61,0x2e,0x20,
  0x41,0x20,0x74,0x65,0x63,0x6c,0x61,0x20,0x63,0x6f,0x72,0x72,0x65,0x73,0x70,0x6f,
  0x6e,0x64,0x65,0x6e,0x74,0x65,0x20,0x73,0x65,0x72,0xc3,0xa1,0x20,0x6d,0x61,0x72,
  0x63,0x61,0x64,0x61,0x20,0x70,0x6f,0x72,0x20,0x75,0x6d,0x20,0x74,0x69,0x63,0x6b,
  0x20,0x76,0x65,0x72,0x64,0x65,0x2e,0x3c,0x2f,0x70,0x3e,0xa,0x3c,0x70,0x20,0x6c,
  0x61,0x6e,0x67,0x3d,0x22,0x70,0x74,0x2d,0x42,0x52,0x22,0x3e,0x53,0x65,0x20,0x76,
  0x6f,0x63,0xc3,0xaa,0x20,0x64,0x65,0x63,0x69,0x64,0x69,0x72,0x20,0x67,0x72,0x61,
  0x76,0x61,0x72,0x20,0x75,0x6d,0x61,0x20,0x6e,0x6f,0x74,0x61,0x20,0x71,0x75,0x61,
  0x6c,0x71,0x75,0x65,0x72,0x20,0x6e,0x6f,0x76,0x61,0x6d,0x65,0x6e,0x74,0x65,0x2c,
  0xa,0x73,0x65,0x6c,0x65,0x63,0x69,0x6f,0x6e,0x65,0x20,0x61,0x20,0x74,0x65,0x63,
  0x6c,0x61,0x20,0x63,0x6f,0x72,0x72,0x65,0x73,0x70,0x6f,0x6e,0x64,0x65,0x6e,0x74,
  0x65,0x20,0x63,0x6f,0x6d,0x20,0x75,0x6d,0x20,0x63,0x6c,0x69,0x63,0x6b,0x20,0x64,
  0x6f,0x20,0x6d,0x6f,0x75,0x73,0x65,0x20,0x6f,0x75,0xa,0x70,0x72,0x65,0x73,0x73,
  0x69,0x6f,0x6e,0x61,0x6e,0x64,0x6f,0x20,0x61,0x73,0x20,0x74,0x65,0x63,0x6c,0x61,
  0x73,0x20,0x64,0x65,0x20,0x66,0x6c,0x65,0x63,0x68,0x61,0x73,0x2e,0x20,0x53,0x65,
  0x20,0x75,0x6d,0x61,0x20,0x74,0x65,0x63,0x6c,0x61,0x20,0x6e,0xc3,0xa3,0x6f,0x20,
  0x66,0x6f,0x72,0x20,0x72,0x65,0x63,0x6f,0x6e,0x68,0x65,0x63,0x69,0x64,0x61,0xa,
  0x63,0x6f,0x72,0x72,0x65,0x74,0x61,0x6d,0x65,0x6e,0x74,0x65,0x2c,0x20,0x70,0x6f,
  0x72,0x20,0x65,0x78,0x65,0x6d,0x70,0x6c,0x6f,0x20,0x6e,0x6f,0x20,0x61,0x67,0x75,
  0x64,0x6f,0x2c,0x20,0xc3,0xa9,0x20,0x70,0x6f,0x73,0x73,0xc3,0xad,0x76,0x65,0x6c,
  0x20,0x66,0x6f,0x72,0xc3,0xa7,0x61,0x72,0x20,0x6f,0xa,0x72,0x65,0x63,0x6f,0x6e,
  0x68,0x65,0x63,0x69,0x6d,0x65,0x6e,0x74,0x6f,0x20,0x63,0x6c,0x69,0x63,0x61,0x6e,
  0x64,0x6f,0x20,0x64,0x75,0x61,0x73,0x20,0x76,0x65,0x7a,0x65,0x73,0x20,0x61,0x20,
  0x74,0x65,0x63,0x6c,0x61,0x20,0x6f,0x75,0x20,0x61,0x70,0x65,0x72,0x74,0x61,0x6e,
  0x64,0x6f,0x20,0x6f,0x20,0x45,0x4e,0x54,0x45,0x52,0x2e,0x3c,0x2f,0x70,0x3e,0xa,
  0x3c,0x70,0x20,0x6c,0x61,0x6e,0x67,0x3d,0x22,0x70,0x74,0x2d,0x42,0x52,0x22,0x3e,
  0x44,0x65,0x70,0x6f,0x69,0x73,0x20,0x64,0x65,0x20,0x67,0x72,0x61,0x76,0x61,0x72,
  0x2c,0x20,0x6f,0x20,0x45,0x50,0x54,0x20,0x6d,0x6f,0x73,0x74,0x72,0x61,0x20,0x61,
  0x20,0x71,0x75,0x61,0x6c,0x69,0x64,0x61,0x64,0x65,0x20,0x64,0x6f,0x20,0x73,0x69,
  0x6e,0x61,0x6c,0xa,0x67,0x72,0x61,0x76,0x61,0x64,0x6f,0x2e,0x20,0x4e,0xc3,0xa3,
  0x6f,0x20,0x68,0xc3,0xa1,0x20,0x6e,0x65,0x63,0x65,0x73,0x73,0x69,0x64,0x61,0x64,
  0x65,0x20,0x64,0x65,0x73,0x74,0x61,0x20,0x71,0x75,0x61,0x6c,0x69,0x64,0x61,0x64,
  0x65,0x20,0x73,0x65,0x72,0x20,0x6d,0xc3,0xa1,0x78,0x69,0x6d,0x61,0x2c,0x20,0x6d,
  0x61,0x73,0x20,0x65,0x6c,0x65,0xa,0x64,0x65,0x76,0x65,0x20,0x76,0x61,0x72,0x69,
  0x61,0x72,0x20,0x73,0x75,0x61,0x76,0x65,0x6d,0x65,0x6e,0x74,0x65,0x20,0x64,0x65,
  0x20,0x74,0x65,0x63,0x6c,0x61,0x20,0x61,0x20,0x74,0x65,0x63,0x6c,0x61,0x2e,0x20,
  0x50,0x61,0x72,0x61,0x20,0x74,0x6f,0x6e,0x73,0x20,0x63,0x6f,0x6d,0x20,0x76,0xc3,
  0xa1,0x72,0x69,0x61,0x73,0x20,0x63,0x6f,0x72,0x64,0x61,0x73,0xa,0xc3,0xa9,0x20,
  0x72,0x65,0x63,0x6f,0x6d,0x65,0x6e,0x64,0x61,0x64,0x6f,0x20,0x67,0x72,0x61,0x76,
  0x61,0x72,0x20,0x61,0x70,0x65,0x6e,0x61,0x73,0x20,0x75,0x6d,0x61,0x20,0x63,0x6f,
  0x72,0x64,0x61,0x2c,0x20,0x61,0x62,0x61,0x66,0x61,0x6e,0x64,0x6f,0x20,0x61,0x73,
  0x20,0x6f,0x75,0x74,0x72,0x61,0x73,0x2e,0x3c,0x2f,0x70,0x3e,0xa,0x3c,0x70,0x20,
  0x6c,0x61,0x6e,0x67,0x3d,0x22,0x70,0x74,0x2d,0x42,0x52,0x22,0x3e,0x44,0x75,0x72,
  0x61,0x6e,0x74,0x65,0x20,0x61,0x20,0x67,0x72,0x61,0x76,0x61,0xc3,0xa7,0xc3,0xa3,
  0x6f,0x2c,0x20,0x64,0x75,0x61,0x73,0x20,0x63,0x75,0x72,0x76,0x61,0x73,0x20,0x73,
  0x75,0x72,0x67,0x69,0x72,0xc3,0xa3,0x6f,0x20,0x61,0x63,0x69,0x6d,0x61,0x20,0x64,
  0x6f,0xa,0x65,0x73,0x70,0x65,0x63,0x74,0x72,0x6f,0x2e,0x20,0x4f,0x73,0x20,0x6d,
  0x61,0x72,0x63,0x61,0x64,0x6f,0x72,0x65,0x73,0x20,0x61,0x7a,0x75,0x69,0x73,0x20,
  0x6d,0x65,0x64,0x65,0x6d,0x20,0x61,0x20,0x61,0x6c,0x74,0x75,0x72,0x61,0x20,0x72,
  0x65,0x6c,0x61,0x74,0x69,0x76,0x61,0x20,0x61,0x20,0x75,0x6d,0xa,0x74,0x65,0x6d,
  0x70,0x65,0x72,0x61,0x6d,0x65,0x6e,0x74,0x6f,0x20,0x69,0x67,0x75,0x61,0x6c,0x2e,
  0x20,0x4f,0x73,0x20,0x6d,0x61,0x72,0x63,0x61,0x64,0x6f,0x72,0x65,0x73,0x20,0x63,
  0x69,0x6e,0x7a,0x61,0x73,0x2c,0x20,0x61,0x6f,0x20,0x63,0x6f,0x6e,0x74,0x72,0xc3,
  0xa1,0x72,0x69,0x6f,0x2c,0x20,0x71,0x75,0x61,0x6e,0x74,0x69,0x66,0x69,0x63,0x61,
  0x6d,0xa,0x61,0x20,0x69,0x6e,0x61,0x72,0x6d,0x6f,0x6e,0x69,0x63,0x69,0x64,0x61,
  0x64,0x65,0x2c,0x20,0x70,0x6c,0x6f,0x74,0x61,0x64,0x61,0x20,0x64,0x65,0x20,0x63,
  0x61,0x62,0x65,0xc3,0xa7,0x61,0x20,0x70,0x61,0x72,0x61,0x20,0x62,0x61,0x69,0x78,
  0x6f,0x2e,0x20,0x41,0x20,0x6d,0x65,0x6e,0x6f,0x73,0x20,0x64,0x6f,0x20,0x70,0x75,
  0x6c,0x6f,0xa,0x65,0x6e,0x74,0x72,0x65,0x20,0x61,0x73,0x20,0x64,0x75,0x61,0x73,
  0x20,0x73,0x65,0xc3,0xa7,0xc3,0xb5,0x65,0x73,0x20,0x64,0x65,0x20,0x63,0x6f,0x72,
  0x64,0x61,0x73,0x20,0x64,0x69,0x61,0x67,0x6f,0x6e,0x61,0x69,0x73,0x2c,0x20,0x6f,
  0x73,0x20,0x6e,0xc3,0xad,0x76,0x65,0x69,0x73,0x20,0x64,0x65,0xa,0x69,0x6e,0x61,
  0x72,0x6d,0x6f,0x6e,0x69,0x63,0x69,0x64,0x61,0x64,0x65,0x20,0x64,0x65,0x76,0x65,
  0x6d,0x20,0x76,0x61,0x72,0x69,0x61,0x72,0x20,0x73,0x75,0x61,0x76,0x65,0x6d,0x65,
  0x6e,0x74,0x65,0x2e,0x20,0x45,0x73,0x74,0x61,0x20,0x69,0x6e,0x61,0x72,0x6d,0x6f,
  0x6e,0x69,0x63,0x69,0x64,0x61,0x64,0x65,0x20,0x6e,0xc3,0xa3,0x6f,0x20,0xc3,0xa9,
  0xa,0x6d,0x65,0x64,0x69,0x64,0x61,0x20,0x70,0x61,0x72,0x61,0x20,0x61,0x20,0x6f,
  0x69,0x74,0x61,0x76,0x61,0x20,0x73,0x75,0x70,0x65,0x72,0x69,0x6f,0x72,0x2e,0x3c,
  0x62,0x72,0x3e,0x3c,0x62,0x72,0x3e,0x55,0x6d,0x61,0x20,0x76,0x65,0x7a,0x20,0x71,
  0x75,0x65,0x20,0x74,0x6f,0x64,0x61,0x73,0x20,0x61,0x73,0x20,0x74,0x65,0x63,0x6c,
  0x61,0x73,0xa,0x65,0x73,0x74,0x65,0x6a,0x61,0x6d,0x20,0x6d,0x61,0x72,0x63,0x61,
  0x64,0x61,0x73,0x20,0x70,0x6f,0x72,0x20,0x75,0x6d,0x20,0x74,0x69,0x63,0x6b,0x20,
  0x76,0x65,0x72,0x64,0x65,0x2c,0x20,0x73,0x61,0x6c,0x76,0x65,0x20,0x73,0x65,0x75,
  0x20,0x74,0x72,0x61,0x62,0x61,0x6c,0x68,0x6f,0x20,0x28,0x75,0x73,0x61,0x6e,0x64,
  0x6f,0xa,0x53,0x61,0x6c,0x76,0x61,0x72,0x2d,0x41,0x72,0x71,0x75,0x69,0x76,0x6f,
  0x43,0x6f,0x6d,0x6f,0x2c,0x20,0x46,0x69,0x6c,0x65,0x2d,0x53,0x61,0x76,0x65,0x41,
  0x73,0x20,0x2e,0x2e,0x2e,0x29,0x2e,0x20,0x43,0x6f,0x6d,0x20,0x6f,0x20,0x74,0x65,
  0x63,0x6c,0x61,0x64,0x6f,0x20,0x4d,0x49,0x44,0x49,0x2c,0x20,0xc3,0xa9,0x20,0x70,
  0x6f,0x73,0x73,0xc3,0xad,0x76,0x65,0x6c,0xa,0x76,0x65,0x72,0x69,0x66,0x69,0x63,
  0x61,0x72,0x20,0x61,0x73,0x20,0x74,0x65,0x63,0x6c,0x61,0x73,0x20,0x67,0x72,0x61,
  0x76,0x61,0x64,0x61,0x73,0x2e,0x3c,0x2f,0x70,0x3e,0xa,0x3c,0x70,0x20,0x6c,0x61,
  0x6e,0x67,0x3d,0x22,0x70,0x74,0x2d,0x42,0x52,0x22,0x20,0x73,0x74,0x79,0x6c,0x65,
  0x3d,0x22,0x6d,0x61,0x72,0x67,0x69,0x6e,0x2d,0x74,0x6f,0x70,0x3a,0x20,0x30,0x2e,
  0x34,0x32,0x63,0x6d,0x3b,0x20,0x70,0x61,0x67,0x65,0x2d,0x62,0x72,0x65,0x61,0x6b,
  0x2d,0x61,0x66,0x74,0x65,0x72,0x3a,0x20,0x61,0x76,0x6f,0x69,0x64,0x22,0x3e,0x3c,
  0x61,0x20,0x6e,0x61,0x6d,0x65,0x3d,0x22,0x63,0x61,0x6c,0x63,0x75,0x6c,0x61,0x74,
  0x69,0x6e,0x67,0x22,0x3e,0x3c,0x2f,0x61,0x3e,0xa,0x3c,0x66,0x6f,0x6e,0x74,0x20,
  0x66,0x61,0x63,0x65,0x3d,0x22,0x41,0x6c,0x62,0x61,0x6e,0x79,0x2c,0x20,0x73,0x61,
  0x6e,0x73,0x2d,0x73,0x65,0x72,0x69,0x66,0x22,0x3e,0x3c,0x66,0x6f,0x6e,0x74,0x20,
  0x73,0x69,0x7a,0x65,0x3d,0x22,0x34,0x22,0x20,0x73,0x74,0x79,0x6c,0x65,0x3d,0x22,
  0x66,0x6f,0x6e,0x74,0x2d,0x73,0x69,0x7a,0x65,0x3a,0x20,0x31,0x34,0x70,0x74,0x22,
  0x3e,0x3c,0x62,0x3e,0x32,0x2e,0xa,0x43,0xc3,0xa1,0x6c,0x63,0x75,0x6c,0x6f,0x3c,
  0x2f,0x62,0x3e,0x3c,0x2f,0x66,0x6f,0x6e,0x74,0x3e,0x3c,0x2f,0x66,0x6f,0x6e,0x74,
  0x3e,0x3c,0x2f,0x70,0x3e,0xa,0x3c,0x70,0x20,0x6c,0x61,0x6e,0x67,0x3d,0x22,0x70,
  0x74,0x2d,0x42,0x52,0x22,0x3e,0x56,0xc3,0xa1,0x20,0x61,0x67,0x6f,0x72,0x61,0x20,
  0x70,0x61,0x72,0x61,0x20,0x6f,0x20,0x6d,0x6f,0x64,0x6f,0x20,0x43,0x61,0x6c,0x63,
  0x75,0x6c,0x61,0x72,0x20,0x65,0x20,0x69,0x6e,0x69,0x63,0x69,0x65,0x20,0x6f,0x20,
  0x63,0xc3,0xa1,0x6c,0x63,0x75,0x6c,0x6f,0x2e,0xa,0x4e,0x61,0x20,0x6a,0x61,0x6e,
  0x65,0x6c,0x61,0x20,0x6f,0x6e,0x64,0x65,0x20,0x61,0x70,0x61,0x72,0x65,0x63,0x65,
  0x20,0x61,0x20,0x63,0x75,0x72,0x76,0x61,0x20,0x64,0x65,0x20,0x61,0x66,0x69,0x6e,
  0x61,0xc3,0xa7,0xc3,0xa3,0x6f,0x2c,0x20,0x76,0x6f,0x63,0xc3,0xaa,0x20,0x70,0x6f,
  0x64,0x65,0x20,0x76,0x65,0x72,0x20,0x65,0xa,0x61,0x63,0x6f,0x6d,0x70,0x61,0x6e,
  0x68,0x61,0x72,0x20,0x61,0x20,0x6d,0x61,0x6e,0x65,0x69,0x72,0x61,0x20,0x70,0x65,
  0x6c,0x61,0x20,0x71,0x75,0x61,0x6c,0x20,0x6f,0x20,0x70,0x72,0x6f,0x63,0x65,0x73,
  0x73,0x6f,0x20,0x64,0x65,0x20,0x61,0x66,0x69,0x6e,0x61,0xc3,0xa7,0xc3,0xa3,0x6f,
  0x20,0x65,0x76,0x6f,0x6c,0x75,0x69,0x20,0x6e,0x6f,0xa,0x74,0x65,0x6d,0x70,0x6f,
  0x2e,0x20,0x43,0x6f,0x6d,0x6f,0x20,0x76,0x6f,0x63,0xc3,0xaa,0x20,0x70,0x6f,0x64,
  0x65,0x72,0xc3,0xa1,0x20,0x63,0x6f,0x6e,0x73,0x74,0x61,0x74,0x61,0x72,0x2c,0x20,
  0x75,0x6d,0x61,0x20,0x63,0x75,0x72,0x76,0x61,0x20,0x64,0x65,0x20,0x61,0x66,0x69,
  0x6e,0x61,0xc3,0xa7,0xc3,0xa3,0x6f,0x20,0x73,0x75,0x72,0x67,0x69,0x72,0xc3,0xa1,
  0x2c,0xa,0x72,0x65,0x70,0x72,0x65,0x73,0x65,0x6e,0x74,0x61,0x64,0x61,0x20,0x70,
  0x65,0x6c,0x6f,0x73,0x20,0x6d,0x61,0x72,0x63,0x61,0x64,0x6f,0x72,0x65,0x73,0x20,
  0x76,0x65,0x72,0x64,0x65,0x73,0x2e,0x20,0x53,0x65,0x20,0x6e,0xc3,0xa3,0x6f,0x20,
  0x68,0x6f,0x75,0x76,0x65,0x72,0x20,0x6d,0x61,0x69,0x73,0x20,0x6d,0x75,0x64,0x61,
  0x6e,0xc3,0xa7,0x61,0x73,0xa,0x73,0x69,0x67,0x6e,0x69,0x66,0x69,0x63,0x61,0x74,
  0x69,0x76,0x61,0x73,0x2c,0x20,0x76,0x6f,0x63,0xc3,0xaa,0x20,0x70,0x6f,0x64,0x65,
  0x20,0x69,0x6e,0x74,0x65,0x72,0x72,0x6f,0x6d,0x70,0x65,0x72,0x20,0x6f,0x20,0x63,
  0xc3,0xa1,0x6c,0x63,0x75,0x6c,0x6f,0x2e,0x3c,0x2f,0x70,0x3e,0xa,0x3c,0x70,0x20,
  0x6c,0x61,0x6e,0x67,0x3d,0x22,0x70,0x74,0x2d,0x42,0x52,0x22,0x3e,0x53,0x75,0x62,
  0x73,0x65,0x71,0x75,0x65,0x6e,0x74,0x65,0x6d,0x65,0x6e,0x74,0x65,0x20,0x76,0x6f,
  0x63,0xc3,0xaa,0x20,0x70,0x6f,0x64,0x65,0x72,0xc3,0xa1,0x20,0x76,0x65,0x72,0x69,
  0x66,0x69,0x63,0x61,0x72,0x20,0x61,0x20,0x6e,0x6f,0x76,0x61,0x20,0x6e,0x6f,0x74,
  0x61,0x2c,0xa,0x61,0x63,0x69,0x6f,0x6e,0x61,0x6e,0x64,0x6f,0x20,0x73,0x65,0x75,
  0x20,0x74,0x65,0x63,0x6c,0x61,0x64,0x6f,0x20,0x4d,0x49,0x44,0x49,0x2e,0x20,0x41,
  0x71,0x75,0x69,0x2c,0x20,0x6f,0x20,0x45,0x50,0x54,0x20,0x73,0x69,0x6e,0x74,0x65,
  0x74,0x69,0x7a,0x61,0x20,0x73,0x6f,0x6e,0x73,0x20,0x61,0x72,0x74,0x69,0x66,0x69,
  0x63,0x69,0x61,0x69,0x73,0x20,0x64,0x65,0xa,0x61,0x63,0x6f,0x72,0x64,0x6f,0x20,
  0x63,0x6f,0x6d,0x20,0x61,0x71,0x75,0x65,0x6c,0x65,0x73,0x20,0x67,0x72,0x61,0x76,
  0x61,0x64,0x6f,0x73,0x2c,0x20,0x6c,0x65,0x76,0x61,0x6e,0x64,0x6f,0x20,0x61,0x20,
  0x69,0x6e,0x61,0x72,0x6d,0x6f,0x6e,0x69,0x63,0x69,0x64,0x61,0x64,0x65,0x20,0x65,
  0x6d,0x20,0x63,0x6f,0x6e,0x74,0x61,0x2e,0x20,0x53,0x65,0xa,0x76,0x6f,0x63,0xc3,
  0xaa,0x20,0x70,0x65,0x72,0x63,0x65,0x62,0x65,0x72,0x20,0x71,0x75,0x65,0x20,0x61,
  0x6c,0x67,0x75,0x6d,0x61,0x73,0x20,0x74,0x65,0x63,0x6c,0x61,0x73,0x20,0x65,0x73,
  0x74,0xc3,0xa3,0x6f,0x20,0x63,0x6c,0x61,0x72,0x61,0x6d,0x65,0x6e,0x74,0x65,0x20,
  0x66,0x6f,0x72,0x61,0x20,0x64,0x65,0x20,0x74,0x6f,0x6d,0x2c,0x20,0xc3,0xa9,0xa,
  0x70,0x6f,0x73,0x73,0xc3,0xad,0x76,0x65,0x6c,0x20,0x63,0x6f,0x72,0x72,0x69,0x67,
  0x69,0x72,0x20,0x6f,0x20,0x70,0x72,0x6f,0x62,0x6c,0x65,0x6d,0x61,0x20,0x6d,0x6f,
  0x76,0x65,0x6e,0x64,0x6f,0x20,0x6f,0x73,0x20,0x6d,0x61,0x72,0x63,0x61,0x64,0x6f,
  0x72,0x65,0x73,0x20,0x76,0x65,0x72,0x64,0x65,0x73,0x26,0x6e,0x62,0x73,0x70,0x3b,
  0x20,0x63,0x6f,0x6d,0xa,0x6f,0x20,0x61,0x75,0x78,0xc3,0xad,0x6c,0x69,0x6f,0x20,
  0x64,0x6f,0x20,0x6d,0x6f,0x75,0x73,0x65,0x2e,0x3c,0x2f,0x70,0x3e,0xa,0x3c,0x70,
  0x20,0x6c,0x61,0x6e,0x67,0x3d,0x22,0x70,0x74,0x2d,0x42,0x52,0x22,0x3e,0x41,0x70,
  0xc3,0xb3,0x73,0x20,0x75,0x6d,0x20,0x63,0xc3,0xa1,0x6c,0x63,0x75,0x6c,0x6f,0x20,
  0x62,0x65,0x6d,0x20,0x73,0x75,0x63,0x65,0x64,0x69,0x64,0x6f,0x2c,0x20,0x76,0x6f,
  0x63,0xc3,0xaa,0x20,0x64,0x65,0x76,0x65,0x20,0x73,0x61,0x6c,0x76,0x61,0x72,0xa,
  0x6e,0x6f,0x76,0x61,0x6d,0x65,0x6e,0x74,0x65,0x20,0x73,0x65,0x75,0x20,0x70,0x72,
  0x6f,0x6a,0x65,0x74,0x6f,0x2e,0x3c,0x2f,0x70,0x3e,0xa,0x3c,0x70,0x20,0x6c,0x61,
  0x6e,0x67,0x3d,0x22,0x70,0x74,0x2d,0x42,0x52,0x22,0x20,0x73,0x74,0x79,0x6c,0x65,
  0x3d,0x22,0x6d,0x61,0x72,0x67,0x69,0x6e,0x2d,0x74,0x6f,0x70,0x3a,0x20,0x30,0x2e,
  0x34,0x32,0x63,0x6d,0x3b,0x20,0x70,0x61,0x67,0x65,0x2d,0x62,0x72,0x65,0x61,0x6b,
  0x2d,0x61,0x66,0x74,0x65,0x72,0x3a,0x20,0x61,0x76,0x6f,0x69,0x64,0x22,0x3e,0x3c,
  0x61,0x20,0x6e,0x61,0x6d,0x65,0x3d,0x22,0x74,0x75,0x6e,0x69,0x6e,0x67,0x22,0x3e,
  0x3c,0x2f,0x61,0x3e,0xa,0x3c,0x66,0x6f,0x6e,0x74,0x20,0x66,0x61,0x63,0x65,0x3d,
  0x22,0x41,0x6c,0x62,0x61,0x6e,0x79,0x2c,0x20,0x73,0x61,0x6e,0x73,0x2d,0x73,0x65,
  0x72,0x69,0x66,0x22,0x3e,0x3c,0x66,0x6f,0x6e,0x74,0x20,0x73,0x69,0x7a,0x65,0x3d,
  0x22,0x34,0x22,0x20,0x73,0x74,0x79,0x6c,0x65,0x3d,0x22,0x66,0x6f,0x6e,0x74,0x2d,
  0x73,0x69,0x7a,0x65,0x3a,0x20,0x31,0x34,0x70,0x74,0x22,0x3e,0x3c,0x62,0x3e,0x33,
  0x2e,0xa,0x41,0x66,0x69,0x6e,0x61,0xc3,0xa7,0xc3,0xa3,0x6f,0x3c,0x2f,0x62,0x3e,
  0x3c,0x2f,0x66,0x6f,0x6e,0x74,0x3e,0x3c,0x2f,0x66,0x6f,0x6e,0x74,0x3e,0x3c,0x2f,
  0x70,0x3e,0xa,0x3c,0x70,0x20,0x6c,0x61,0x6e,0x67,0x3d,0x22,0x70,0x74,0x2d,0x42,
  0x52,0x22,0x3e,0x4c,0x69,0x67,0x75,0x65,0x20,0x61,0x67,0x6f,0x72,0x61,0x20,0x6f,
  0x20,0x6d,0x6f,0x64,0x6f,0x20,0x61,0x66,0x69,0x6e,0x61,0xc3,0xa7,0xc3,0xa3,0x6f,
  0x2e,0x20,0x41,0x71,0x75,0x69,0x2c,0x20,0x6f,0x20,0x45,0x50,0x54,0x20,0x66,0x75,
  0x6e,0x63,0x69,0x6f,0x6e,0x61,0xa,0x64,0x6f,0x20,0x6d,0x65,0x73,0x6d,0x6f,0x20,
  0x6d,0x6f,0x64,0x6f,0x20,0x71,0x75,0x65,0x20,0x75,0x6d,0x20,0x61,0x70,0x61,0x72,
  0x65,0x6c,0x68,0x6f,0x20,0x64,0x65,0x20,0x61,0x66,0x69,0x6e,0x61,0xc3,0xa7,0xc3,
  0xa3,0x6f,0x20,0x63,0x6f,0x6d,0x75,0x6d,0x2e,0x20,0x50,0x6f,0x72,0xc3,0xa9,0x6d,
  0x2c,0x20,0x75,0x6d,0x61,0x20,0x76,0x65,0x7a,0xa,0x71,0x75,0x65,0x20,0x61,0x20,
  0x69,0x6e,0x61,0x72,0x6d,0x6f,0x6e,0x69,0x63,0x69,0x64,0x61,0x64,0x65,0x20,0x66,
  0x6f,0x69,0x20,0x6c,0x65,0x76,0x61,0x64,0x61,0x20,0x65,0x6d,0x20,0x63,0x6f,0x6e,
  0x74,0x61,0x2c,0x20,0x61,0x73,0x20,0x6e,0x6f,0x74,0x61,0x73,0x20,0x67,0x72,0x61,
  0x76,0x61,0x64,0x61,0x73,0x20,0x74,0xc3,0xaa,0x6d,0x20,0x71,0x75,0x65,0xa,0x76,
  0x69,0x72,0x20,0x64,0x6f,0x20,0x69,0x6e,0x73,0x74,0x72,0x75,0x6d,0x65,0x6e,0x74,
  0x6f,0x20,0x71,0x75,0x65,0x20,0x65,0x73,0x74,0xc3,0xa1,0x20,0x73,0x65,0x6e,0x64,
  0x6f,0x20,0x61,0x66,0x69,0x6e,0x61,0x64,0x6f,0x2e,0x3c,0x2f,0x70,0x3e,0xa,0x3c,
  0x70,0x20,0x6c,0x61,0x6e,0x67,0x3d,0x22,0x70,0x74,0x2d,0x42,0x52,0x22,0x3e,0x50,
  0x61,0x72,0x61,0x20,0x61,0x66,0x69,0x6e,0x61,0x72,0x26,0x6e,0x62,0x73,0x70,0x3b,
  0x20,0x75,0x6d,0x61,0x20,0x63,0x6f,0x72,0x64,0x61,0x2c,0x20,0x74,0x65,0x6e,0x74,
  0x65,0x20,0x73,0x69,0x6d,0x70,0x6c,0x65,0x73,0x6d,0x65,0x6e,0x74,0x65,0xa,0x74,
  0x72,0x61,0x7a,0x65,0x72,0x20,0x6f,0x20,0x6d,0x61,0x72,0x63,0x61,0x64,0x6f,0x72,
  0x20,0x72,0x65,0x74,0x61,0x6e,0x67,0x75,0x6c,0x61,0x72,0x20,0x6e,0x61,0x20,0x6a,
  0x61,0x6e,0x65,0x6c,0x61,0x20,0x64,0x6f,0x20,0x61,0x6e,0x61,0x6c,0x69,0x73,0x61,
  0x64,0x6f,0x72,0xa,0x28,0x41,0x6e,0x61,0x6c,0x79,0x7a,0x65,0x72,0x2d,0x57,0x69,
  0x6e,0x64,0x6f,0x77,0x29,0x20,0x70,0x61,0x72,0x61,0x20,0x6f,0x20,0x63,0x65,0x6e,
  0x74,0x72,0x6f,0x2e,0x20,0x4f,0x75,0x2c,0x20,0x73,0x65,0x20,0x61,0x73,0x73,0x69,
  0x6d,0x20,0x70,0x72,0x65,0x66,0x65,0x72,0x69,0x72,0x2c,0x20,0x74,0x65,0x6e,0x74,
  0x65,0x20,0x6d,0x6f,0x76,0x65,0x72,0xa,0x6f,0x73,0x20,0x6d,0x61,0x72,0x63,0x61,
  0x64,0x6f,0x72,0x65,0x73,0x20,0x76,0x65,0x72,0x6d,0x65,0x6c,0x68,0x6f,0x73,0x20,
  0x70,0x61,0x72,0x61,0x20,0x61,0x20,0x72,0x65,0x67,0x69,0xc3,0xa3,0x6f,0x20,0x6e,
  0x6f,0x20,0x63,0x65,0x6e,0x74,0x72,0x6f,0x2c,0x20,0x72,0x65,0x67,0x69,0xc3,0xa3,
  0x6f,0x20,0x65,0x73,0x74,0x61,0xa,0x6d,0x61,0x72,0x63,0x61,0x64,0x61,0x20,0x65,
  0x6d,0x20,0x76,0x65,0x72,0x64,0x65,0x2e,0x20,0x50,0x61,0x72,0x61,0x20,0x6e,0x6f,
  0x74,0x61,0x73,0x20,0x63,0x6f,0x6d,0x20,0x76,0xc3,0xa1,0x72,0x69,0x61,0x73,0x20,
  0x63,0x6f,0x72,0x64,0x61,0x73,0x2c,0x20,0x72,0x65,0x63,0x6f,0x6d,0x65,0x6e,0x64,
  0x61,0x2d,0x73,0x65,0x20,0x61,0x66,0x69,0x6e,0x61,0x72,0xa,0x70,0x72,0x69,0x6d,
  0x65,0x69,0x72,0x6f,0x20,0x75,0x6d,0x61,0x20,0x64,0x65,0x6c,0x61,0x73,0x20,0x65,
  0x20,0x64,0x65,0x70,0x6f,0x69,0x73,0x20,0x61,0x73,0x20,0x6f,0x75,0x74,0x72,0x61,
  0x73,0x2c,0x20,0x61,0x75,0x72,0x69,0x63,0x75,0x6c,0x61,0x72,0x6d,0x65,0x6e,0x74,
  0x65,0x2c,0x20,0x65,0x6d,0x20,0x72,0x65,0x6c,0x61,0xc3,0xa7,0xc3,0xa3,0x6f,0x20,
  0xc3,0xa0,0xa,0x70,0x72,0x69,0x6d,0x65,0x69,0x72,0x61,0x20,0x63,0x6f,0x72,0x64,
  0x61,0x2e,0x3c,0x2f,0x70,0x3e,0xa,0x3c,0x70,0x20,0x6c,0x61,0x6e,0x67,0x3d,0x22,
  0x70,0x74,0x2d,0x42,0x52,0x22,0x3e,0x4e,0x6f,0x20,0x6d,0x6f,0x64,0x6f,0x20,0x61,
  0x66,0x69,0x6e,0x61,0xc3,0xa7,0xc3,0xa3,0x6f,0x2c,0x20,0x6f,0x20,0x45,0x50,0x54,
  0x20,0x72,0x65,0x63,0x6f,0x6e,0x68,0x65,0x63,0x65,0x26,0x6e,0x62,0x73,0x70,0x3b,
  0xa,0x61,0x75,0x74,0x6f,0x6d,0x61,0x74,0x69,0x63,0x61,0x6d,0x65,0x6e,0x74,0x65,
  0x20,0x61,0x20,0x74,0x65,0x63,0x6c,0x61,0x20,0x61,0x66,0x69,0x6e,0x61,0x64,0x61,
  0x2e,0x20,0x43,0x6f,0x6e,0x63,0x6f,0x6d,0x69,0x74,0x61,0x6e,0x74,0x65,0x6d,0x65,
  0x6e,0x74,0x65,0x2c,0x20,0x75,0x6d,0x20,0x73,0x6f,0x6d,0xa,0x73,0x69,0x6e,0x74,
  0x65,0x74,0x69,0x7a,0x61,0x64,0x6f,0x20,0xc3,0xa9,0x20,0x67,0x65,0x72,0x61,0x64,
  0x6f,0x20,0x6e,0x6f,0x20,0x66,0x6f,0x6e,0x65,0x20,0x64,0x65,0x20,0x6f,0x75,0x76,
  0x69,0x64,0x6f,0x2c,0x20,0x65,0x20,0x65,0x73,0x74,0x65,0x20,0x64,0x65,0x76,0x65,
  0x20,0x63,0x6f,0x69,0x6e,0x63,0x69,0x64,0x69,0x72,0x20,0x63,0x6f,0x6d,0x20,0x61,
  0xa,0x63,0x6f,0x72,0x64,0x61,0x2e,0x20,0x4e,0x6f,0x76,0x61,0x6d,0x65,0x6e,0x74,
  0x65,0x2c,0x20,0xc3,0xa9,0x20,0x70,0x6f,0x73,0x73,0xc3,0xad,0x76,0x65,0x6c,0x20,
  0x73,0x65,0x6c,0x65,0x63,0x69,0x6f,0x6e,0x61,0x72,0x20,0x75,0x6d,0x61,0x20,0x74,
  0x65,0x63,0x6c,0x61,0x20,0x65,0x6d,0x20,0x70,0x61,0x72,0x74,0x69,0x63,0x75,0x6c,
  0x61,0x72,0x20,0x65,0xa,0x66,0x6f,0x72,0xc3,0xa7,0x61,0x72,0x20,0x6f,0x20,0x72,
  0x65,0x63,0x6f,0x6e,0x68,0x65,0x63,0x69,0x6d,0x65,0x6e,0x74,0x6f,0x2e,0x3c,0x2f,
  0x70,0x3e,0xa,0x3c,0x70,0x20,0x6c,0x61,0x6e,0x67,0x3d,0x22,0x70,0x74,0x2d,0x42,
  0x52,0x22,0x20,0x73,0x74,0x79,0x6c,0x65,0x3d,0x22,0x6d,0x61,0x72,0x67,0x69,0x6e,
  0x2d,0x74,0x6f,0x70,0x3a,0x20,0x30,0x2e,0x34,0x32,0x63,0x6d,0x3b,0x20,0x70,0x61,
  0x67,0x65,0x2d,0x62,0x72,0x65,0x61,0x6b,0x2d,0x61,0x66,0x74,0x65,0x72,0x3a,0x20,
  0x61,0x76,0x6f,0x69,0x64,0x22,0x3e,0x3c,0x61,0x20,0x6e,0x61,0x6d,0x65,0x3d,0x22,
  0x6c,0x69,0x63,0x65,0x6e,0x73,0x65,0x22,0x3e,0x3c,0x2f,0x61,0x3e,0xa,0x3c,0x66,
  0x6f,0x6e,0x74,0x20,0x66,0x61,0x63,0x65,0x3d,0x22,0x41,0x6c,0x62,0x61,0x6e,0x79,
  0x2c,0x20,0x73,0x61,0x6e,0x73,0x2d,0x73,0x65,0x72,0x69,0x66,0x22,0x3e,0x3c,0x66,
  0x6f,0x6e,0x74,0x20,0x73,0x69,0x7a,0x65,0x3d,0x22,0x34,0x22,0x20,0x73,0x74,0x79,
  0x6c,0x65,0x3d,0x22,0x66,0x6f,0x6e,0x74,0x2d,0x73,0x69,0x7a,0x65,0x3a,0x20,0x31,
  0x34,0x70,0x74,0x22,0x3e,0x3c,0x62,0x3e,0x4c,0x69,0x63,0x65,0x6e,0xc3,0xa7,0x61,
  0xa,0x2f,0x20,0x41,0x76,0x69,0x73,0x6f,0x20,0x4c,0x65,0x67,0x61,0x6c,0x3c,0x2f,
  0x62,0x3e,0x3c,0x2f,0x66,0x6f,0x6e,0x74,0x3e,0x3c,0x2f,0x66,0x6f,0x6e,0x74,0x3e,
  0x3c,0x2f,0x70,0x3e,0xa,0x3c,0x70,0x3e,0x3c,0x73,0x70,0x61,0x6e,0x20,0x6c,0x61,
  0x6e,0x67,0x3d,0x22,0x70,0x74,0x2d,0x42,0x52,0x22,0x3e,0x4f,0x20,0x41,0x66,0x69,
  0x6e,0x61,0x64,0x6f,0x72,0x20,0x64,0x65,0x20,0x50,0x69,0x61,0x6e,0x6f,0x20,0x70,
  0x6f,0x72,0x20,0x45,0x6e,0x74,0x72,0x6f,0x70,0x69,0x61,0x20,0xc3,0xa9,0x20,0x74,
  0x6f,0x74,0x61,0x6c,0x6d,0x65,0x6e,0x74,0x65,0xa,0x3c,0x2f,0x73,0x70,0x61,0x6e,
  0x3e,0x3c,0x73,0x70,0x61,0x6e,0x20,0x6c,0x61,0x6e,0x67,0x3d,0x22,0x70,0x74,0x2d,
  0x42,0x52,0x22,0x3e,0x3c,0x62,0x3e,0x67,0x72,0xc3,0xa1,0x74,0x69,0x73,0x3c,0x2f,
  0x62,0x3e,0x3c,0x2f,0x73,0x70,0x61,0x6e,0x3e,0x20,0x3c,0x73,0x70,0x61,0x6e,0x20,
  0x6c,0x61,0x6e,0x67,0x3d,0x22,0x70,0x74,0x2d,0x42,0x52,0x22,0x3e,0x65,0xa,0x70,
  0x6f,0x64,0x65,0x20,0x73,0x65,0x72,0x20,0x75,0x73,0x61,0x64,0x6f,0x20,0x74,0x61,
  0x6e,0x74,0x6f,0x20,0x70,0x61,0x72,0x61,0x20,0x66,0x69,0x6e,0x73,0x20,0x70,0x72,
  0x69,0x76,0x61,0x64,0x6f,0x73,0x20,0x71,0x75,0x61,0x6e,0x74,0x6f,0x20,0x70,0x72,
  0x6f,0x66,0x69,0x73,0x73,0x69,0x6f,0x6e,0x61,0x69,0x73,0x2e,0x20,0x45,0x6c,0x65,
  0x20,0xc3,0xa9,0xa,0x70,0x75,0x62,0x6c,0x69,0x63,0x61,0x64,0x6f,0x20,0x63,0x6f,
  0x6d,0x6f,0x20,0x73,0x6f,0x66,0x74,0x77,0x61,0x72,0x65,0x20,0x64,0x65,0x20,0x66,
  0x6f,0x6e,0x74,0x65,0x20,0x61,0x62,0x65,0x72,0x74,0x61,0x20,0x73,0x65,0x67,0x75,
  0x6e,0x64,0x6f,0x20,0x61,0x20,0x3c,0x61,0x20,0x68,0x72,0x65,0x66,0x3d,0x22,0x68,
  0x74,0x74,0x70,0x73,0x3a,0x2f,0x2f,0x67,0x6e,0x75,0x2e,0x6f,0x72,0x67,0x2f,0x6c,
  0x69,0x63,0x65,0x6e,0x73,0x65,0x73,0x2f,0x67,0x70,0x6c,0x2e,0x68,0x74,0x6d,0x6c,
  0x22,0x3e,0x6c,0x69,0x63,0x65,0x6e,0xc3,0xa7,0x61,0xa,0x47,0x4e,0x55,0x2d,0x47,
  0x50,0x4c,0x3c,0x2f,0x61,0x3e,0x2e,0x3c,0x2f,0x73,0x70,0x61,0x6e,0x3e,0x3c,0x66,
  0x6f,0x6e,0x74,0x20,0x63,0x6f,0x6c,0x6f,0x72,0x3d,0x22,0x23,0x38,0x30,0x30,0x30,
  0x30,0x30,0x22,0x3e,0x20,0x3c,0x2f,0x66,0x6f,0x6e,0x74,0x3e,0x3c,0x66,0x6f,0x6e,
  0x74,0x20,0x63,0x6f,0x6c,0x6f,0x72,0x3d,0x22,0x23,0x38,0x30,0x30,0x30,0x30,0x30,
  0x22,0x3e,0x3c,0x73,0x70,0x61,0x6e,0x20,0x6c,0x61,0x6e,0x67,0x3d,0x22,0x70,0x74,
  0x2d,0x42,0x52,0x22,0x3e,0x3c,0x62,0x3e,0x47,0x6f,0x73,0x74,0x61,0x72,0xc3,0xad,
  0x61,0x6d,0x6f,0x73,0xa,0x64,0x65,0x20,0x65,0x6e,0x66,0x61,0x74,0x69,0x7a,0x61,
  0x72,0x20,0x71,0x75,0x65,0x20,0x61,0x20,0x61,0x66,0x69,0x6e,0x61,0xc3,0xa7,0xc3,
  0xa3,0x6f,0x20,0x64,0x65,0x20,0x70,0x69,0x61,0x6e,0x6f,0x73,0x20,0xc3,0xa9,0x20,
  0x75,0x6d,0x61,0x20,0x74,0x61,0x72,0x65,0x66,0x61,0x20,0x61,0x6c,0x74,0x61,0x6d,
  0x65,0x6e,0x74,0x65,0xa,0x73,0x6f,0x66,0x69,0x73,0x74,0x69,0x63,0x61,0x64,0x61,
  0x2c,0x20,0x65,0x78,0x69,0x67,0x69,0x6e,0x64,0x6f,0x20,0x61,0x6e,0x6f,0x73,0x20,
  0x64,0x65,0x20,0x74,0x72,0x65,0x69,0x6e,0x61,0x6d,0x65,0x6e,0x74,0x6f,0x20,0x70,
  0x72,0x6f,0x66,0x69,0x73,0x73,0x69,0x6f,0x6e,0x61,0x6c,0x20,0x61,0x62,0x72,0x61,
  0x6e,0x67,0x65,0x6e,0x74,0x65,0x2e,0xa,0x55,0x6d,0x61,0x20,0x61,0x66,0x69,0x6e,
  0x61,0xc3,0xa7,0xc3,0xa3,0x6f,0x20,0x6d,0x61,0x6c,0x20,0x66,0x65,0x69,0x74,0x61,
  0x20,0x70,0x6f,0x64,0x65,0x20,0x63,0x61,0x75,0x73,0x61,0x72,0x20,0x73,0xc3,0xa9,
  0x72,0x69,0x6f,0x73,0x20,0x64,0x61,0x6e,0x6f,0x73,0x20,0x61,0x20,0x73,0x65,0x75,
  0x20,0x69,0x6e,0x73,0x74,0x72,0x75,0x6d,0x65,0x6e,0x74,0x6f,0x2e,0xa,0x50,0x6f,
  0x72,0x20,0x66,0x61,0x76,0x6f,0x72,0x20,0x6c,0x65,0x6d,0x62,0x72,0x65,0x2d,0x73,
  0x65,0x20,0x71,0x75,0x65,0x20,0x6f,0x20,0x75,0x73,0x6f,0x20,0x64,0x65,0x73,0x74,
  0x65,0x20,0x70,0x72,0x6f,0x67,0x72,0x61,0x6d,0x61,0x20,0xc3,0xa9,0x20,0x70,0x6f,
  0x72,0x20,0x63,0x6f,0x6e,0x74,0x61,0x20,0x65,0x20,0x72,0x69,0x73,0x63,0x6f,0x20,
  0x64,0x6f,0xa,0x75,0x73,0x75,0xc3,0xa1,0x72,0x69,0x6f,0x2e,0x3c,0x2f,0x62,0x3e,
  0x3c,0x2f,0x73,0x70,0x61,0x6e,0x3e,0x3c,0x2f,0x66,0x6f,0x6e,0x74,0x3e,0x20,0xa,
  0x3c,0x2f,0x70,0x3e,0xa,0x3c,0x70,0x20,0x6c,0x61,0x6e,0x67,0x3d,0x22,0x70,0x74,
  0x2d,0x42,0x52,0x22,0x20,0x73,0x74,0x79,0x6c,0x65,0x3d,0x22,0x6d,0x61,0x72,0x67,
  0x69,0x6e,0x2d,0x74,0x6f,0x70,0x3a,0x20,0x30,0x2e,0x34,0x32,0x63,0x6d,0x3b,0x20,
  0x70,0x61,0x67,0x65,0x2d,0x62,0x72,0x65,0x61,0x6b,0x2d,0x61,0x66,0x74,0x65,0x72,
  0x3a,0x20,0x61,0x76,0x6f,0x69,0x64,0x22,0x3e,0x3c,0x66,0x6f,0x6e,0x74,0x20,0x66,
  0x61,0x63,0x65,0x3d,0x22,0x41,0x6c,0x62,0x61,0x6e,0x79,0x2c,0x20,0x73,0x61,0x6e,
  0x73,0x2d,0x73,0x65,0x72,0x69,0x66,0x22,0x3e,0x3c,0x66,0x6f,0x6e,0x74,0x20,0x73,
  0x69,0x7a,0x65,0x3d,0x22,0x34,0x22,0x20,0x73,0x74,0x79,0x6c,0x65,0x3d,0x22,0x66,
  0x6f,0x6e,0x74,0x2d,0x73,0x69,0x7a,0x65,0x3a,0x20,0x31,0x34,0x70,0x74,0x22,0x3e,
  0x3c,0x62,0x3e,0x46,0x65,0x65,0x64,0x62,0x61,0x63,0x6b,0x3c,0x2f,0x62,0x3e,0x3c,
  0x2f,0x66,0x6f,0x6e,0x74,0x3e,0x3c,0x2f,0x66,0x6f,0x6e,0x74,0x3e,0x3c,0x2f,0x70,
  0x3e,0xa,0x3c,0x70,0x3e,0x3c,0x73,0x70,0x61,0x6e,0x20,0x6c,0x61,0x6e,0x67,0x3d,
  0x22,0x70,0x74,0x2d,0x42,0x52,0x22,0x3e,0x43,0x61,0x73,0x6f,0x20,0x76,0x6f,0x63,
  0xc3,0xaa,0x20,0x74,0x65,0x6e,0x68,0x61,0x20,0x63,0x6f,0x6d,0x65,0x6e,0x74,0xc3,
  0xa1,0x72,0x69,0x6f,0x73,0x20,0x6f,0x75,0x20,0x73,0x75,0x67,0x65,0x73,0x74,0xc3,
  0xb5,0x65,0x73,0x2c,0xa,0x70,0x6f,0x72,0x20,0x66,0x61,0x76,0x6f,0x72,0x20,0x6e,
  0x6f,0x73,0x20,0x65,0x6e,0x76,0x69,0x65,0x20,0x75,0x6d,0x20,0x3c,0x61,0x20,0x68,
  0x72,0x65,0x66,0x3d,0x22,0x68,0x74,0x74,0x70,0x3a,0x2f,0x2f,0x70,0x69,0x61,0x6e,
  0x6f,0x2d,0x74,0x75,0x6e,0x65,0x72,0x2e,0x6f,0x72,0x67,0x2f,0x70,0x74,0x2f,0x63,
  0x6f,0x6e,0x74,0x61,0x63,0x74,0x22,0x3e,0x65,0x2d,0x6d,0x61,0x69,0x6c,0x3c,0x2f,
  0x61,0x3e,0xa,0x70,0x61,0x72,0x61,0x20,0x6f,0x20,0x65,0x6e,0x64,0x65,0x72,0x65,
  0xc3,0xa7,0x6f,0x20,0x3c,0x2f,0x73,0x70,0x61,0x6e,0x3e,0x3c,0x73,0x70,0x61,0x6e,
  0x20,0x6c,0x61,0x6e,0x67,0x3d,0x22,0x70,0x74,0x2d,0x42,0x52,0x22,0x3e,0x3c,0x62,
  0x3e,0x69,0x6e,0x66,0x6f,0x20,0x61,0x74,0xa,0x70,0x69,0x61,0x6e,0x6f,0x2d,0x74,
  0x75,0x6e,0x65,0x72,0x2e,0x6f,0x72,0x67,0x2e,0x3c,0x2f,0x62,0x3e,0x3c,0x2f,0x73,
  0x70,0x61,0x6e,0x3e,0x3c,0x2f,0x70,0x3e,0xa,0x3c,0x70,0x3e,0x3c,0x62,0x72,0x2f,
  0x3e,0xa,0x3c,0x62,0x72,0x2f,0x3e,0xa,0xa,0x3c,0x2f,0x70,0x3e,0xa,0x3c,0x2f,
  0x62,0x6f,0x64,0x79,0x3e,0xa,0x3c,0x2f,0x68,0x74,0x6d,0x6c,0x3e,
    // tutorial_fr.html
  0x0,0x0,0x33,0x27,
  0x3c,
  0x21,0x44,0x4f,0x43,0x54,0x59,0x50,0x45,0x20,0x48,0x54,0x4d,0x4c,0x20,0x50,0x55,
  0x42,0x4c,0x49,0x43,0x20,0x22,0x2d,0x2f,0x2f,0x57,0x33,0x43,0x2f,0x2f,0x44,0x54,
  0x44,0x20,0x48,0x54,0x4d,0x4c,0x20,0x34,0x2e,0x30,0x20,0x54,0x72,0x61,0x6e,0x73,
  0x69,0x74,0x69,0x6f,0x6e,0x61,0x6c,0x2f,0x2f,0x45,0x4e,0x22,0x3e,0xa,0x3c,0x68,
  0x74,0x6d,0x6c,0x3e,0xa,0x3c,0x68,0x65,0x61,0x64,0x3e,0xa,0x9,0x3c,0x6d,0x65,
  0x74,0x61,0x20,0x68,0x74,0x74,0x70,0x2d,0x65,0x71,0x75,0x69,0x76,0x3d,0x22,0x63,
  0x6f,0x6e,0x74,0x65,0x6e,0x74,0x2d,0x74,0x79,0x70,0x65,0x22,0x20,0x63,0x6f,0x6e,
  0x74,0x65,0x6e,0x74,0x3d,0x22,0x74,0x65,0x78,0x74,0x2f,0x68,0x74,0x6d,0x6c,0x3b,
  0x20,0x63,0x68,0x61,0x72,0x73,0x65,0x74,0x3d,0x75,0x74,0x66,0x2d,0x38,0x22,0x2f,
  0x3e,0xa,0x9,0x3c,0x74,0x69,0x74,0x6c,0x65,0x3e,0x3c,0x2f,0x74,0x69,0x74,0x6c,
  0x65,0x3e,0xa,0x9,0x3c,0x6d,0x65,0x74,0x61,0x20,0x6e,0x61,0x6d,0x65,0x3d,0x22,
  0x67,0x65,0x6e,0x65,0x72,0x61,0x74,0x6f,0x72,0x22,0x20,0x63,0x6f,0x6e,0x74,0x65,
  0x6e,0x74,0x3d,0x22,0x4c,0x69,0x62,0x72,0x65,0x4f,0x66,0x66,0x69,0x63,0x65,0x20,
  0x34,0x2e,0x33,0x2e,0x37,0x2e,0x32,0x20,0x28,0x4c,0x69,0x6e,0x75,0x78,0x29,0x22,
  0x2f,0x3e,0xa,0x9,0x3c,0x6d,0x65,0x74,0x61,0x20,0x6e,0x61,0x6d,0x65,0x3d,0x22,
  0x63,0x72,0x65,0x61,0x74,0x65,0x64,0x22,0x20,0x63,0x6f,0x6e,0x74,0x65,0x6e,0x74,
  0x3d,0x22,0x30,0x30,0x3a,0x30,0x30,0x3a,0x30,0x30,0x22,0x2f,0x3e,0xa,0x9,0x3c,
  0x6d,0x65,0x74,0x61,0x20,0x6e,0x61,0x6d,0x65,0x3d,0x22,0x63,0x68,0x61,0x6e,0x67,
  0x65,0x64,0x22,0x20,0x63,0x6f,0x6e,0x74,0x65,0x6e,0x74,0x3d,0x22,0x32,0x30,0x31,
  0x35,0x2d,0x30,0x37,0x2d,0x32,0x30,0x54,0x31,0x35,0x3a,0x30,0x39,0x3a,0x35,0x35,
  0x2e,0x34,0x36,0x36,0x32,0x30,0x32,0x30,0x36,0x30,0x22,0x2f,0x3e,0xa,0x9,0x3c,
  0x73,0x74,0x79,0x6c,0x65,0x20,0x74,0x79,0x70,0x65,0x3d,0x22,0x74,0x65,0x78,0x74,
  0x2f,0x63,0x73,0x73,0x22,0x3e,0xa,0x9,0x9,0x74,0x64,0x20,0x70,0x20,0x7b,0x20,
  0x63,0x6f,0x6c,0x6f,0x72,0x3a,0x20,0x23,0x30,0x30,0x30,0x30,0x30,0x30,0x20,0x7d,
  0xa,0x9,0x9,0x68,0x31,0x20,0x7b,0x20,0x63,0x6f,0x6c,0x6f,0x72,0x3a,0x20,0x23,
  0x30,0x30,0x30,0x30,0x30,0x30,0x20,0x7d,0xa,0x9,0x9,0x70,0x20,0x7b,0x20,0x63,
  0x6f,0x6c,0x6f,0x72,0x3a,0x20,0x23,0x30,0x30,0x30,0x30,0x30,0x30,0x20,0x7d,0xa,
  0x9,0x3c,0x2f,0x73,0x74,0x79,0x6c,0x65,0x3e,0xa,0x3c,0x2f,0x68,0x65,0x61,0x64,
  0x3e,0xa,0x3c,0x62,0x6f,0x64,0x79,0x20,0x6c,0x61,0x6e,0x67,0x3d,0x22,0x66,0x72,
  0x2d,0x46,0x52,0x22,0x20,0x74,0x65,0x78,0x74,0x3d,0x22,0x23,0x30,0x30,0x30,0x30,
  0x30,0x30,0x22,0x20,0x64,0x69,0x72,0x3d,0x22,0x6c,0x74,0x72,0x22,0x20,0x73,0x74,
  0x79,0x6c,0x65,0x3d,0x22,0x62,0x61,0x63,0x6b,0x67,0x72,0x6f,0x75,0x6e,0x64,0x3a,
  0x20,0x74,0x72,0x61,0x6e,0x73,0x70,0x61,0x72,0x65,0x6e,0x74,0x22,0x3e,0xa,0x3c,
  0x68,0x31,0x20,0x6c,0x61,0x6e,0x67,0x3d,0x22,0x66,0x72,0x2d,0x46,0x52,0x22,0x20,
  0x61,0x6c,0x69,0x67,0x6e,0x3d,0x22,0x63,0x65,0x6e,0x74,0x65,0x72,0x22,0x3e,0x3c,
  0x69,0x3e,0x45,0x6e,0x74,0x72,0x6f,0x70,0x79,0x20,0x50,0x69,0x61,0x6e,0x6f,0x20,
  0x54,0x75,0x6e,0x65,0x72,0x3c,0x2f,0x69,0x3e,0x3c,0x2f,0x68,0x31,0x3e,0xa,0x3c,
  0x70,0x20,0x6c,0x61,0x6e,0x67,0x3d,0x22,0x66,0x72,0x2d,0x46,0x52,0x22,0x20,0x61,
  0x6c,0x69,0x67,0x6e,0x3d,0x22,0x63,0x65,0x6e,0x74,0x65,0x72,0x22,0x3e,0x3c,0x66,
  0x6f,0x6e,0x74,0x20,0x63,0x6f,0x6c,0x6f,0x72,0x3d,0x22,0x23,0x38,0x30,0x30,0x30,
  0x30,0x30,0x22,0x3e,0x3c,0x66,0x6f,0x6e,0x74,0x20,0x73,0x69,0x7a,0x65,0x3d,0x22,
  0x34,0x22,0x20,0x73,0x74,0x79,0x6c,0x65,0x3d,0x22,0x66,0x6f,0x6e,0x74,0x2d,0x73,
  0x69,0x7a,0x65,0x3a,0x20,0x31,0x34,0x70,0x74,0x22,0x3e,0x3c,0x69,0x3e,0x3c,0x62,
  0x3e,0x47,0x75,0x69,0x64,0x65,0x20,0x64,0x65,0x20,0x64,0xc3,0xa9,0x6d,0x61,0x72,
  0x72,0x61,0x67,0x65,0x20,0x72,0x61,0x70,0x69,0x64,0x65,0x3c,0x2f,0x62,0x3e,0x3c,
  0x2f,0x69,0x3e,0x3c,0x2f,0x66,0x6f,0x6e,0x74,0x3e,0x3c,0x2f,0x66,0x6f,0x6e,0x74,
  0x3e,0x3c,0x2f,0x70,0x3e,0xa,0x3c,0x70,0x3e,0x3c,0x73,0x70,0x61,0x6e,0x20,0x6c,
  0x61,0x6e,0x67,0x3d,0x22,0x66,0x72,0x2d,0x46,0x52,0x22,0x3e,0x3c,0x69,0x3e,0x42,
  0x69,0x65,0x6e,0x76,0x65,0x6e,0x75,0x20,0xc3,0xa0,0x20,0x6c,0x27,0x20,0x45,0x6e,
  0x74,0x72,0x6f,0x70,0x79,0x20,0x50,0x69,0x61,0x6e,0x6f,0x20,0x54,0x75,0x6e,0x65,
  0x72,0x20,0x28,0x45,0x50,0x54,0x29,0x2e,0xa,0x43,0x65,0x74,0x74,0x65,0x20,0x61,
  0x70,0x70,0x6c,0x69,0x63,0x61,0x74,0x69,0x6f,0x6e,0x20,0x76,0x6f,0x75,0x73,0x20,
  0x70,0x65,0x72,0x6d,0x65,0x74,0x20,0x64,0x65,0x20,0x74,0x65,0x73,0x74,0x65,0x72,
  0x20,0x75,0x6e,0x65,0x20,0x3c,0x61,0x20,0x68,0x72,0x65,0x66,0x3d,0x22,0x68,0x74,
  0x74,0x70,0x3a,0x2f,0x2f,0x77,0x77,0x77,0x2e,0x73,0x62,0x66,0x69,0x73,0x69,0x63,
  0x61,0x2e,0x6f,0x72,0x67,0x2e,0x62,0x72,0x2f,0x72,0x62,0x65,0x66,0x2f,0x70,0x64,
  0x66,0x2f,0x33,0x34,0x32,0x33,0x30,0x31,0x2e,0x70,0x64,0x66,0x22,0x3e,0x6e,0x6f,
  0x75,0x76,0x65,0x6c,0x6c,0x65,0x20,0x6d,0xc3,0xa9,0x74,0x68,0x6f,0x64,0x65,0x20,
  0xc3,0xa9,0x6c,0x65,0x63,0x74,0x72,0x6f,0x6e,0x69,0x71,0x75,0x65,0x3c,0x2f,0x61,
  0x3e,0x20,0x70,0x6f,0x75,0x72,0x20,0x6c,0x27,0x61,0x63,0x63,0x6f,0x72,0x64,0x61,
  0x67,0x65,0x20,0x64,0x65,0x73,0x20,0x70,0x69,0x61,0x6e,0x6f,0x20,0x71,0x75,0x69,
  0x20,0x6d,0x69,0x6e,0x69,0x6d,0x69,0x73,0x65,0x20,0x6c,0x65,0x20,0x64,0xc3,0xa9,
  0x73,0x6f,0x72,0x64,0x72,0x65,0x20,0x28,0x65,0x6e,0x74,0x72,0x6f,0x70,0x69,0x65,
  0x29,0x20,0x64,0x65,0x73,0x20,0x73,0x70,0x65,0x63,0x74,0x72,0x65,0x73,0x20,0x64,
  0x65,0x20,0x66,0x72,0xc3,0xa9,0x71,0x75,0x65,0x6e,0x63,0x65,0x2e,0x20,0x43,0x65,
  0x63,0x69,0x20,0x65,0x73,0x74,0x20,0x75,0x6e,0x20,0x70,0x65,0x74,0x69,0x74,0x20,
  0x67,0x75,0x69,0x64,0x65,0x20,0x70,0x6f,0x75,0x72,0x20,0x64,0xc3,0xa9,0x62,0x75,
  0x74,0x65,0x72,0x2e,0x20,0x50,0x6f,0x75,0x72,0x20,0x70,0x6c,0x75,0x73,0x20,0x64,
  0x27,0x69,0x6e,0x66,0x6f,0x72,0x6d,0x61,0x74,0x69,0x6f,0x6e,0x73,0x20,0x73,0x27,
  0x69,0x6c,0x20,0x76,0x6f,0x75,0x73,0x20,0x70,0x6c,0x61,0xc3,0xae,0x74,0x20,0x74,
  0xc3,0xa9,0x6c,0xc3,0xa9,0x63,0x68,0x61,0x72,0x67,0x65,0x7a,0x20,0x6c,0x65,0x20,
  0x3c,0x61,0x20,0x68,0x72,0x65,0x66,0x3d,0x22,0x68,0x74,0x74,0x70,0x3a,0x2f,0x2f,
  0x64,0x6f,0x77,0x6e,0x6c,0x6f,0x61,0x64,0x2e,0x70,0x69,0x61,0x6e,0x6f,0x2d,0x74,
  0x75,0x6e,0x65,0x72,0x2e,0x6f,0x72,0x67,0x2f,0x52,0x65,0x73,0x6f,0x75,0x72,0x63,
  0x65,0x73,0x2f,0x50,0x75,0x62,0x6c,0x69,0x63,0x2f,0x44,0x6f,0x63,0x75,0x6d,0x65,
  0x6e,0x74,0x61,0x74,0x69,0x6f,0x6e,0x2f,0x6d,0x61,0x6e,0x75,0x61,0x6c,0x5f,0x66,
  0x72,0x2e,0x70,0x64,0x66,0x22,0x3e,0x6d,0x61,0x6e,0x75,0x65,0x6c,0x20,0x75,0x74,
  0x69,0x6c,0x69,0x73,0x61,0x74,0x65,0x75,0x72,0x3c,0x2f,0x61,0x3e,0x2e,0x3c,0x2f,
  0x69,0x3e,0x3c,0x2f,0x73,0x70,0x61,0x6e,0x3e,0x3c,0x2f,0x70,0x3e,0xa,0x3c,0x68,
  0x72,0x2f,0x3e,0xa,0xa,0x3c,0x74,0x61,0x62,0x6c,0x65,0x20,0x77,0x69,0x64,0x74,
  0x68,0x3d,0x22,0x31,0x30,0x30,0x25,0x22,0x20,0x63,0x65,0x6c,0x6c,0x70,0x61,0x64,
  0x64,0x69,0x6e,0x67,0x3d,0x22,0x38,0x22,0x20,0x63,0x65,0x6c,0x6c,0x73,0x70,0x61,
  0x63,0x69,0x6e,0x67,0x3d,0x22,0x30,0x22,0x3e,0xa,0x9,0x3c,0x63,0x6f,0x6c,0x20,
  0x77,0x69,0x64,0x74,0x68,0x3d,0x22,0x36,0x34,0x2a,0x22,0x3e,0xa,0x9,0x3c,0x63,
  0x6f,0x6c,0x20,0x77,0x69,0x64,0x74,0x68,0x3d,0x22,0x36,0x34,0x2a,0x22,0x3e,0xa,
  0x9,0x3c,0x63,0x6f,0x6c,0x20,0x77,0x69,0x64,0x74,0x68,0x3d,0x22,0x36,0x34,0x2a,
  0x22,0x3e,0xa,0x9,0x3c,0x63,0x6f,0x6c,0x20,0x77,0x69,0x64,0x74,0x68,0x3d,0x22,
  0x36,0x34,0x2a,0x22,0x3e,0xa,0x9,0x3c,0x74,0x72,0x20,0x76,0x61,0x6c,0x69,0x67,
  0x6e,0x3d,0x22,0x74,0x6f,0x70,0x22,0x3e,0xa,0x9,0x9,0x3c,0x74,0x64,0x20,0x77,
  0x69,0x64,0x74,0x68,0x3d,0x22,0x32,0x35,0x25,0x22,0x20,0x73,0x74,0x79,0x6c,0x65,
  0x3d,0x22,0x62,0x6f,0x72,0x64,0x65,0x72,0x3a,0x20,0x6e,0x6f,0x6e,0x65,0x3b,0x20,
  0x70,0x61,0x64,0x64,0x69,0x6e,0x67,0x3a,0x20,0x30,0x63,0x6d,0x22,0x3e,0xa,0x9,
  0x9,0x9,0x3c,0x70,0x20,0x61,0x6c,0x69,0x67,0x6e,0x3d,0x22,0x63,0x65,0x6e,0x74,
  0x65,0x72,0x22,0x20,0x73,0x74,0x79,0x6c,0x65,0x3d,0x22,0x6d,0x61,0x72,0x67,0x69,
  0x6e,0x2d,0x74,0x6f,0x70,0x3a,0x20,0x30,0x2e,0x31,0x63,0x6d,0x3b,0x20,0x62,0x61,
  0x63,0x6b,0x67,0x72,0x6f,0x75,0x6e,0x64,0x3a,0x20,0x74,0x72,0x61,0x6e,0x73,0x70,
  0x61,0x72,0x65,0x6e,0x74,0x22,0x3e,0xa,0x9,0x9,0x9,0x3c,0x61,0x20,0x68,0x72,
  0x65,0x66,0x3d,0x22,0x68,0x74,0x74,0x70,0x3a,0x2f,0x2f,0x77,0x77,0x77,0x2e,0x70,
  0x69,0x61,0x6e,0x6f,0x2d,0x74,0x75,0x6e,0x65,0x72,0x2e,0x6f,0x72,0x67,0x2f,0x66,
  0x72,0x2f,0x22,0x20,0x74,0x61,0x72,0x67,0x65,0x74,0x3d,0x22,0x5f,0x74,0x6f,0x70,
  0x22,0x3e,0x3c,0x73,0x70,0x61,0x6e,0x20,0x73,0x74,0x79,0x6c,0x65,0x3d,0x22,0x74,
  0x65,0x78,0x74,0x2d,0x64,0x65,0x63,0x6f,0x72,0x61,0x74,0x69,0x6f,0x6e,0x3a,0x20,
  0x6e,0x6f,0x6e,0x65,0x22,0x3e,0x3c,0x73,0x70,0x61,0x6e,0x20,0x6c,0x61,0x6e,0x67,
  0x3d,0x22,0x66,0x72,0x2d,0x46,0x52,0x22,0x3e,0x3c,0x62,0x3e,0x3c,0x73,0x70,0x61,
  0x6e,0x20,0x73,0x74,0x79,0x6c,0x65,0x3d,0x22,0x62,0x61,0x63,0x6b,0x67,0x72,0x6f,
  0x75,0x6e,0x64,0x3a,0x20,0x74,0x72,0x61,0x6e,0x73,0x70,0x61,0x72,0x65,0x6e,0x74,
  0x22,0x3e,0x41,0x63,0x63,0x75,0x65,0x69,0x6c,0x3c,0x2f,0x73,0x70,0x61,0x6e,0x3e,
  0x3c,0x2f,0x62,0x3e,0x3c,0x2f,0x73,0x70,0x61,0x6e,0x3e,0x3c,0x2f,0x73,0x70,0x61,
  0x6e,0x3e,0x3c,0x2f,0x61,0x3e,0x3c,0x2f,0x70,0x3e,0xa,0x9,0x9,0x3c,0x2f,0x74,
  0x64,0x3e,0xa,0x9,0x9,0x3c,0x74,0x64,0x20,0x77,0x69,0x64,0x74,0x68,0x3d,0x22,
  0x32,0x35,0x25,0x22,0x20,0x73,0x74,0x79,0x6c,0x65,0x3d,0x22,0x62,0x6f,0x72,0x64,
  0x65,0x72,0x3a,0x20,0x6e,0x6f,0x6e,0x65,0x3b,0x20,0x70,0x61,0x64,0x64,0x69,0x6e,
  0x67,0x3a,0x20,0x30,0x63,0x6d,0x22,0x3e,0xa,0x9,0x9,0x9,0x3c,0x70,0x20,0x61,
  0x6c,0x69,0x67,0x6e,0x3d,0x22,0x63,0x65,0x6e,0x74,0x65,0x72,0x22,0x20,0x73,0x74,
  0x79,0x6c,0x65,0x3d,0x22,0x6d,0x61,0x72,0x67,0x69,0x6e,0x2d,0x74,0x6f,0x70,0x3a,
  0x20,0x30,0x2e,0x31,0x63,0x6d,0x3b,0x20,0x62,0x61,0x63,0x6b,0x67,0x72,0x6f,0x75,
  0x6e,0x64,0x3a,0x20,0x74,0x72,0x61,0x6e,0x73,0x70,0x61,0x72,0x65,0x6e,0x74,0x22,
  0x3e,0xa,0x9,0x9,0x9,0x3c,0x61,0x20,0x68,0x72,0x65,0x66,0x3d,0x22,0x68,0x74,
  0x74,0x70,0x73,0x3a,0x2f,0x2f,0x77,0x77,0x77,0x2e,0x79,0x6f,0x75,0x74,0x75,0x62,
  0x65,0x2e,0x63,0x6f,0x6d,0x2f,0x77,0x61,0x74,0x63,0x68,0x3f,0x76,0x3d,0x63,0x30,
  0x30,0x36,0x55,0x32,0x76,0x34,0x79,0x7a,0x59,0x23,0x69,0x6e,0x73,0x74,0x61,0x6c,
  0x6c,0x61,0x74,0x69,0x6f,0x6e,0x22,0x3e,0x3c,0x73,0x70,0x61,0x6e,0x20,0x73,0x74,
  0x79,0x6c,0x65,0x3d,0x22,0x74,0x65,0x78,0x74,0x2d,0x64,0x65,0x63,0x6f,0x72,0x61,
  0x74,0x69,0x6f,0x6e,0x3a,0x20,0x6e,0x6f,0x6e,0x65,0x22,0x3e,0x3c,0x73,0x70,0x61,
  0x6e,0x20,0x6c,0x61,0x6e,0x67,0x3d,0x22,0x66,0x72,0x2d,0x46,0x52,0x22,0x3e,0x3c,
  0x62,0x3e,0x3c,0x73,0x70,0x61,0x6e,0x20,0x73,0x74,0x79,0x6c,0x65,0x3d,0x22,0x62,
  0x61,0x63,0x6b,0x67,0x72,0x6f,0x75,0x6e,0x64,0x3a,0x20,0x74,0x72,0x61,0x6e,0x73,
  0x70,0x61,0x72,0x65,0x6e,0x74,0x22,0x3e,0x56,0x69,0x64,0xc3,0xa9,0x6f,0x3c,0x2f,
  0x73,0x70,0x61,0x6e,0x3e,0x3c,0x2f,0x62,0x3e,0x3c,0x2f,0x73,0x70,0x61,0x6e,0x3e,
  0x3c,0x2f,0x73,0x70,0x61,0x6e,0x3e,0x3c,0x2f,0x61,0x3e,0x3c,0x2f,0x70,0x3e,0xa,
  0x9,0x9,0x3c,0x2f,0x74,0x64,0x3e,0xa,0x9,0x9,0x3c,0x74,0x64,0x20,0x77,0x69,
  0x64,0x74,0x68,0x3d,0x22,0x32,0x35,0x25,0x22,0x20,0x73,0x74,0x79,0x6c,0x65,0x3d,
  0x22,0x62,0x6f,0x72,0x64,0x65,0x72,0x3a,0x20,0x6e,0x6f,0x6e,0x65,0x3b,0x20,0x70,
  0x61,0x64,0x64,0x69,0x6e,0x67,0x3a,0x20,0x30,0x63,0x6d,0x22,0x3e,0xa,0x9,0x9,
  0x9,0x3c,0x70,0x20,0x61,0x6c,0x69,0x67,0x6e,0x3d,0x22,0x63,0x65,0x6e,0x74,0x65,
  0x72,0x22,0x20,0x73,0x74,0x79,0x6c,0x65,0x3d,0x22,0x6d,0x61,0x72,0x67,0x69,0x6e,
  0x2d,0x74,0x6f,0x70,0x3a,0x20,0x30,0x2e,0x31,0x63,0x6d,0x3b,0x20,0x62,0x61,0x63,
  0x6b,0x67,0x72,0x6f,0x75,0x6e,0x64,0x3a,0x20,0x74,0x72,0x61,0x6e,0x73,0x70,0x61,
  0x72,0x65,0x6e,0x74,0x22,0x3e,0xa,0x9,0x9,0x9,0x3c,0x61,0x20,0x68,0x72,0x65,
  0x66,0x3d,0x22,0x68,0x74,0x74,0x70,0x3a,0x2f,0x2f,0x64,0x6f,0x77,0x6e,0x6c,0x6f,
  0x61,0x64,0x2e,0x70,0x69,0x61,0x6e,0x6f,0x2d,0x74,0x75,0x6e,0x65,0x72,0x2e,0x6f,
  0x72,0x67,0x2f,0x52,0x65,0x73,0x6f,0x75,0x72,0x63,0x65,0x73,0x2f,0x50,0x75,0x62,
  0x6c,0x69,0x63,0x2f,0x44,0x6f,0x63,0x75,0x6d,0x65,0x6e,0x74,0x61,0x74,0x69,0x6f,
  0x6e,0x2f,0x6d,0x61,0x6e,0x75,0x61,0x6c,0x5f,0x66,0x72,0x2e,0x70,0x64,0x66,0x22,
  0x3e,0x3c,0x73,0x70,0x61,0x6e,0x20,0x73,0x74,0x79,0x6c,0x65,0x3d,0x22,0x74,0x65,
  0x78,0x74,0x2d,0x64,0x65,0x63,0x6f,0x72,0x61,0x74,0x69,0x6f,0x6e,0x3a,0x20,0x6e,
  0x6f,0x6e,0x65,0x22,0x3e,0x3c,0x66,0x6f,0x6e,0x74,0x20,0x73,0x69,0x7a,0x65,0x3d,
  0x22,0x33,0x22,0x20,0x73,0x74,0x79,0x6c,0x65,0x3d,0x22,0x66,0x6f,0x6e,0x74,0x2d,
  0x73,0x69,0x7a,0x65,0x3a,0x20,0x31,0x32,0x70,0x74,0x22,0x3e,0x3c,0x73,0x70,0x61,
  0x6e,0x20,0x6c,0x61,0x6e,0x67,0x3d,0x22,0x66,0x72,0x2d,0x46,0x52,0x22,0x3e,0x3c,
  0x62,0x3e,0x3c,0x73,0x70,0x61,0x6e,0x20,0x73,0x74,0x79,0x6c,0x65,0x3d,0x22,0x62,
  0x61,0x63,0x6b,0x67,0x72,0x6f,0x75,0x6e,0x64,0x3a,0x20,0x74,0x72,0x61,0x6e,0x73,
  0x70,0x61,0x72,0x65,0x6e,0x74,0x22,0x3e,0x4d,0x61,0x6e,0x75,0x65,0x6c,0x3c,0x2f,
  0x73,0x70,0x61,0x6e,0x3e,0x3c,0x2f,0x62,0x3e,0x3c,0x2f,0x73,0x70,0x61,0x6e,0x3e,
  0x3c,0x2f,0x66,0x6f,0x6e,0x74,0x3e,0x3c,0x2f,0x73,0x70,0x61,0x6e,0x3e,0x3c,0x2f,
  0x61,0x3e,0x3c,0x2f,0x70,0x3e,0xa,0x9,0x9,0x3c,0x2f,0x74,0x64,0x3e,0xa,0x9,
  0x9,0x3c,0x74,0x64,0x20,0x77,0x69,0x64,0x74,0x68,0x3d,0x22,0x32,0x35,0x25,0x22,
  0x20,0x73,0x74,0x79,0x6c,0x65,0x3d,0x22,0x62,0x6f,0x72,0x64,0x65,0x72,0x3a,0x20,
  0x6e,0x6f,0x6e,0x65,0x3b,0x20,0x70,0x61,0x64,0x64,0x69,0x6e,0x67,0x3a,0x20,0x30,
  0x63,0x6d,0x22,0x3e,0xa,0x9,0x9,0x9,0x3c,0x70,0x20,0x61,0x6c,0x69,0x67,0x6e,
  0x3d,0x22,0x63,0x65,0x6e,0x74,0x65,0x72,0x22,0x20,0x73,0x74,0x79,0x6c,0x65,0x3d,
  0x22,0x6d,0x61,0x72,0x67,0x69,0x6e,0x2d,0x74,0x6f,0x70,0x3a,0x20,0x30,0x2e,0x31,
  0x63,0x6d,0x3b,0x20,0x62,0x61,0x63,0x6b,0x67,0x72,0x6f,0x75,0x6e,0x64,0x3a,0x20,
  0x74,0x72,0x61,0x6e,0x73,0x70,0x61,0x72,0x65,0x6e,0x74,0x22,0x3e,0xa,0x9,0x9,
  0x9,0x3c,0x61,0x20,0x68,0x72,0x65,0x66,0x3d,0x22,0x23,0x6c,0x69,0x63,0x65,0x6e,
  0x73,0x65,0x22,0x3e,0x3c,0x73,0x70,0x61,0x6e,0x20,0x73,0x74,0x79,0x6c,0x65,0x3d,
  0x22,0x74,0x65,0x78,0x74,0x2d,0x64,0x65,0x63,0x6f,0x72,0x61,0x74,0x69,0x6f,0x6e,
  0x3a,0x20,0x6e,0x6f,0x6e,0x65,0x22,0x3e,0x3c,0x73,0x70,0x61,0x6e,0x20,0x6c,0x61,
  0x6e,0x67,0x3d,0x22,0x66,0x72,0x2d,0x46,0x52,0x22,0x3e,0x3c,0x62,0x3e,0x3c,0x73,
  0x70,0x61,0x6e,0x20,0x73,0x74,0x79,0x6c,0x65,0x3d,0x22,0x62,0x61,0x63,0x6b,0x67,
  0x72,0x6f,0x75,0x6e,0x64,0x3a,0x20,0x74,0x72,0x61,0x6e,0x73,0x70,0x61,0x72,0x65,
  0x6e,0x74,0x22,0x3e,0x4c,0x69,0x63,0x65,0x6e,0x73,0x65,0x3c,0x2f,0x73,0x70,0x61,
  0x6e,0x3e,0x3c,0x2f,0x62,0x3e,0x3c,0x2f,0x73,0x70,0x61,0x6e,0x3e,0x3c,0x2f,0x73,
  0x70,0x61,0x6e,0x3e,0x3c,0x2f,0x61,0x3e,0x3c,0x2f,0x70,0x3e,0xa,0x9,0x9,0x3c,
  0x2f,0x74,0x64,0x3e,0xa,0x9,0x3c,0x2f,0x74,0x72,0x3e,0xa,0x3c,0x2f,0x74,0x61,
  0x62,0x6c,0x65,0x3e,0xa,0x3c,0x68,0x72,0x2f,0x3e,0xa,0xa,0x3c,0x74,0x61,0x62,
  0x6c,0x65,0x20,0x77,0x69,0x64,0x74,0x68,0x3d,0x22,0x31,0x30,0x30,0x25,0x22,0x20,
  0x63,0x65,0x6c,0x6c,0x70,0x61,0x64,0x64,0x69,0x6e,0x67,0x3d,0x22,0x34,0x22,0x20,
  0x63,0x65,0x6c,0x6c,0x73,0x70,0x61,0x63,0x69,0x6e,0x67,0x3d,0x22,0x30,0x22,0x3e,
  0xa,0x9,0x3c,0x63,0x6f,0x6c,0x20,0x77,0x69,0x64,0x74,0x68,0x3d,0x22,0x36,0x34,
  0x2a,0x22,0x3e,0xa,0x9,0x3c,0x63,0x6f,0x6c,0x20,0x77,0x69,0x64,0x74,0x68,0x3d,
  0x22,0x36,0x34,0x2a,0x22,0x3e,0xa,0x9,0x3c,0x63,0x6f,0x6c,0x20,0x77,0x69,0x64,
  0x74,0x68,0x3d,0x22,0x36,0x34,0x2a,0x22,0x3e,0xa,0x9,0x3c,0x63,0x6f,0x6c,0x20,
  0x77,0x69,0x64,0x74,0x68,0x3d,0x22,0x36,0x34,0x2a,0x22,0x3e,0xa,0x9,0x3c,0x74,
  0x72,0x20,0x76,0x61,0x6c,0x69,0x67,0x6e,0x3d,0x22,0x74,0x6f,0x70,0x22,0x3e,0xa,
  0x9,0x9,0x3c,0x74,0x64,0x20,0x77,0x69,0x64,0x74,0x68,0x3d,0x22,0x32,0x35,0x25,
  0x22,0x20,0x73,0x74,0x79,0x6c,0x65,0x3d,0x22,0x62,0x6f,0x72,0x64,0x65,0x72,0x3a,
  0x20,0x6e,0x6f,0x6e,0x65,0x3b,0x20,0x70,0x61,0x64,0x64,0x69,0x6e,0x67,0x3a,0x20,
  0x30,0x63,0x6d,0x22,0x3e,0xa,0x9,0x9,0x9,0x3c,0x70,0x20,0x61,0x6c,0x69,0x67,
  0x6e,0x3d,0x22,0x63,0x65,0x6e,0x74,0x65,0x72,0x22,0x20,0x73,0x74,0x79,0x6c,0x65,
  0x3d,0x22,0x6d,0x61,0x72,0x67,0x69,0x6e,0x2d,0x74,0x6f,0x70,0x3a,0x20,0x30,0x2e,
  0x31,0x63,0x6d,0x3b,0x20,0x62,0x61,0x63,0x6b,0x67,0x72,0x6f,0x75,0x6e,0x64,0x3a,
  0x20,0x74,0x72,0x61,0x6e,0x73,0x70,0x61,0x72,0x65,0x6e,0x74,0x22,0x3e,0xa,0x9,
  0x9,0x9,0x3c,0x61,0x20,0x68,0x72,0x65,0x66,0x3d,0x22,0x23,0x66,0x69,0x72,0x73,
  0x74,0x20,0x73,0x74,0x65,0x70,0x73,0x22,0x3e,0x3c,0x66,0x6f,0x6e,0x74,0x20,0x63,
  0x6f,0x6c,0x6f,0x72,0x3d,0x22,0x23,0x38,0x30,0x30,0x30,0x30,0x30,0x22,0x3e,0x3c,
  0x73,0x70,0x61,0x6e,0x20,0x73,0x74,0x79,0x6c,0x65,0x3d,0x22,0x74,0x65,0x78,0x74,
  0x2d,0x64,0x65,0x63,0x6f,0x72,0x61,0x74,0x69,0x6f,0x6e,0x3a,0x20,0x6e,0x6f,0x6e,
  0x65,0x22,0x3e,0x3c,0x66,0x6f,0x6e,0x74,0x20,0x73,0x69,0x7a,0x65,0x3d,0x22,0x33,
  0x22,0x20,0x73,0x74,0x79,0x6c,0x65,0x3d,0x22,0x66,0x6f,0x6e,0x74,0x2d,0x73,0x69,
  0x7a,0x65,0x3a,0x20,0x31,0x32,0x70,0x74,0x22,0x3e,0x3c,0x73,0x70,0x61,0x6e,0x20,
  0x6c,0x61,0x6e,0x67,0x3d,0x22,0x66,0x72,0x2d,0x46,0x52,0x22,0x3e,0x3c,0x62,0x3e,
  0x3c,0x73,0x70,0x61,0x6e,0x20,0x73,0x74,0x79,0x6c,0x65,0x3d,0x22,0x62,0x61,0x63,
  0x6b,0x67,0x72,0x6f,0x75,0x6e,0x64,0x3a,0x20,0x74,0x72,0x61,0x6e,0x73,0x70,0x61,
  0x72,0x65,0x6e,0x74,0x22,0x3e,0x44,0xc3,0xa9,0x6d,0x61,0x72,0x72,0x61,0x67,0x65,
  0x3c,0x2f,0x73,0x70,0x61,0x6e,0x3e,0x3c,0x2f,0x62,0x3e,0x3c,0x2f,0x73,0x70,0x61,
  0x6e,0x3e,0x3c,0x2f,0x66,0x6f,0x6e,0x74,0x3e,0x3c,0x2f,0x73,0x70,0x61,0x6e,0x3e,
  0x3c,0x2f,0x66,0x6f,0x6e,0x74,0x3e,0x3c,0x2f,0x61,0x3e,0x3c,0x2f,0x70,0x3e,0xa,
  0x9,0x9,0x3c,0x2f,0x74,0x64,0x3e,0xa,0x9,0x9,0x3c,0x74,0x64,0x20,0x77,0x69,
  0x64,0x74,0x68,0x3d,0x22,0x32,0x35,0x25,0x22,0x20,0x73,0x74,0x79,0x6c,0x65,0x3d,
  0x22,0x62,0x6f,0x72,0x64,0x65,0x72,0x3a,0x20,0x6e,0x6f,0x6e,0x65,0x3b,0x20,0x70,
  0x61,0x64,0x64,0x69,0x6e,0x67,0x3a,0x20,0x30,0x63,0x6d,0x22,0x3e,0xa,0x9,0x9,
  0x9,0x3c,0x70,0x20,0x61,0x6c,0x69,0x67,0x6e,0x3d,0x22,0x63,0x65,0x6e,0x74,0x65,
  0x72,0x22,0x20,0x73,0x74,0x79,0x6c,0x65,0x3d,0x22,0x6d,0x61,0x72,0x67,0x69,0x6e,
  0x2d,0x74,0x6f,0x70,0x3a,0x20,0x30,0x2e,0x31,0x63,0x6d,0x3b,0x20,0x62,0x61,0x63,
  0x6b,0x67,0x72,0x6f,0x75,0x6e,0x64,0x3a,0x20,0x74,0x72,0x61,0x6e,0x73,0x70,0x61,
  0x72,0x65,0x6e,0x74,0x22,0x3e,0xa,0x9,0x9,0x9,0x3c,0x61,0x20,0x68,0x72,0x65,
  0x66,0x3d,0x22,0x23,0x72,0x65,0x63,0x6f,0x72,0x64,0x69,0x6e,0x67,0x22,0x3e,0x3c,
  0x66,0x6f,0x6e,0x74,0x20,0x63,0x6f,0x6c,0x6f,0x72,0x3d,0x22,0x23,0x38,0x30,0x30,
  0x30,0x30,0x30,0x22,0x3e,0x3c,0x73,0x70,0x61,0x6e,0x20,0x73,0x74,0x79,0x6c,0x65,
  0x3d,0x22,0x74,0x65,0x78,0x74,0x2d,0x64,0x65,0x63,0x6f,0x72,0x61,0x74,0x69,0x6f,
  0x6e,0x3a,0x20,0x6e,0x6f,0x6e,0x65,0x22,0x3e,0x3c,0x73,0x70,0x61,0x6e,0x20,0x6c,
  0x61,0x6e,0x67,0x3d,0x22,0x66,0x72,0x2d,0x46,0x52,0x22,0x3e,0x3c,0x62,0x3e,0x3c,
  0x73,0x70,0x61,0x6e,0x20,0x73,0x74,0x79,0x6c,0x65,0x3d,0x22,0x62,0x61,0x63,0x6b,
  0x67,0x72,0x6f,0x75,0x6e,0x64,0x3a,0x20,0x74,0x72,0x61,0x6e,0x73,0x70,0x61,0x72,
  0x65,0x6e,0x74,0x22,0x3e,0x45,0x6e,0x72,0x65,0x67,0x69,0x73,0x74,0x72,0x65,0x6d,
  0x65,0x6e,0x74,0x3c,0x2f,0x73,0x70,0x61,0x6e,0x3e,0x3c,0x2f,0x62,0x3e,0x3c,0x2f,
  0x73,0x70,0x61,0x6e,0x3e,0x3c,0x2f,0x73,0x70,0x61,0x6e,0x3e,0x3c,0x2f,0x66,0x6f,
  0x6e,0x74,0x3e,0x3c,0x2f,0x61,0x3e,0x3c,0x2f,0x70,0x3e,0xa,0x9,0x9,0x3c,0x2f,
  0x74,0x64,0x3e,0xa,0x9,0x9,0x3c,0x74,0x64,0x20,0x77,0x69,0x64,0x74,0x68,0x3d,
  0x22,0x32,0x35,0x25,0x22,0x20,0x73,0x74,0x79,0x6c,0x65,0x3d,0x22,0x62,0x6f,0x72,
  0x64,0x65,0x72,0x3a,0x20,0x6e,0x6f,0x6e,0x65,0x3b,0x20,0x70,0x61,0x64,0x64,0x69,
  0x6e,0x67,0x3a,0x20,0x30,0x63,0x6d,0x22,0x3e,0xa,0x9,0x9,0x9,0x3c,0x70,0x20,
  0x61,0x6c,0x69,0x67,0x6e,0x3d,0x22,0x63,0x65,0x6e,0x74,0x65,0x72,0x22,0x20,0x73,
  0x74,0x79,0x6c,0x65,0x3d,0x22,0x6d,0x61,0x72,0x67,0x69,0x6e,0x2d,0x74,0x6f,0x70,
  0x3a,0x20,0x30,0x2e,0x31,0x63,0x6d,0x3b,0x20,0x62,0x61,0x63,0x6b,0x67,0x72,0x6f,
  0x75,0x6e,0x64,0x3a,0x20,0x74,0x72,0x61,0x6e,0x73,0x70,0x61,0x72,0x65,0x6e,0x74,
  0x22,0x3e,0xa,0x9,0x9,0x9,0x3c,0x61,0x20,0x68,0x72,0x65,0x66,0x3d,0x22,0x23,
  0x63,0x61,0x6c,0x63,0x75,0x6c,0x61,0x74,0x69,0x6e,0x67,0x22,0x3e,0x3c,0x66,0x6f,
  0x6e,0x74,0x20,0x63,0x6f,0x6c,0x6f,0x72,0x3d,0x22,0x23,0x38,0x30,0x30,0x30,0x30,
  0x30,0x22,0x3e,0x3c,0x73,0x70,0x61,0x6e,0x20,0x73,0x74,0x79,0x6c,0x65,0x3d,0x22,
  0x74,0x65,0x78,0x74,0x2d,0x64,0x65,0x63,0x6f,0x72,0x61,0x74,0x69,0x6f,0x6e,0x3a,
  0x20,0x6e,0x6f,0x6e,0x65,0x22,0x3e,0x3c,0x73,0x70,0x61,0x6e,0x20,0x6c,0x61,0x6e,
  0x67,0x3d,0x22,0x66,0x72,0x2d,0x46,0x52,0x22,0x3e,0x3c,0x62,0x3e,0x3c,0x73,0x70,
  0x61,0x6e,0x20,0x73,0x74,0x79,0x6c,0x65,0x3d,0x22,0x62,0x61,0x63,0x6b,0x67,0x72,
  0x6f,0x75,0x6e,0x64,0x3a,0x20,0x74,0x72,0x61,0x6e,0x73,0x70,0x61,0x72,0x65,0x6e,
  0x74,0x22,0x3e,0x43,0x61,0x6c,0x63,0x75,0x6c,0x3c,0x2f,0x73,0x70,0x61,0x6e,0x3e,
  0x3c,0x2f,0x62,0x3e,0x3c,0x2f,0x73,0x70,0x61,0x6e,0x3e,0x3c,0x2f,0x73,0x70,0x61,
  0x6e,0x3e,0x3c,0x2f,0x66,0x6f,0x6e,0x74,0x3e,0x3c,0x2f,0x61,0x3e,0x3c,0x2f,0x70,
  0x3e,0xa,0x9,0x9,0x3c,0x2f,0x74,0x64,0x3e,0xa,0x9,0x9,0x3c,0x74,0x64,0x20,
  0x77,0x69,0x64,0x74,0x68,0x3d,0x22,0x32,0x35,0x25,0x22,0x20,0x73,0x74,0x79,0x6c,
  0x65,0x3d,0x22,0x62,0x6f,0x72,0x64,0x65,0x72,0x3a,0x20,0x6e,0x6f,0x6e,0x65,0x3b,
  0x20,0x70,0x61,0x64,0x64,0x69,0x6e,0x67,0x3a,0x20,0x30,0x63,0x6d,0x22,0x3e,0xa,
  0x9,0x9,0x9,0x3c,0x70,0x20,0x61,0x6c,0x69,0x67,0x6e,0x3d,0x22,0x63,0x65,0x6e,
  0x74,0x65,0x72,0x22,0x20,0x73,0x74,0x79,0x6c,0x65,0x3d,0x22,0x6d,0x61,0x72,0x67,
  0x69,0x6e,0x2d,0x74,0x6f,0x70,0x3a,0x20,0x30,0x2e,0x31,0x63,0x6d,0x3b,0x20,0x62,
  0x61,0x63,0x6b,0x67,0x72,0x6f,0x75,0x6e,0x64,0x3a,0x20,0x74,0x72,0x61,0x6e,0x73,
  0x70,0x61,0x72,0x65,0x6e,0x74,0x22,0x3e,0xa,0x9,0x9,0x9,0x3c,0x61,0x20,0x68,
  0x72,0x65,0x66,0x3d,0x22,0x23,0x74,0x75,0x6e,0x69,0x6e,0x67,0x22,0x3e,0x3c,0x66,
  0x6f,0x6e,0x74,0x20,0x63,0x6f,0x6c,0x6f,0x72,0x3d,0x22,0x23,0x38,0x30,0x30,0x30,
  0x30,0x30,0x22,0x3e,0x3c,0x73,0x70,0x61,0x6e,0x20,0x73,0x74,0x79,0x6c,0x65,0x3d,
  0x22,0x74,0x65,0x78,0x74,0x2d,0x64,0x65,0x63,0x6f,0x72,0x61,0x74,0x69,0x6f,0x6e,
  0x3a,0x20,0x6e,0x6f,0x6e,0x65,0x22,0x3e,0x3c,0x73,0x70,0x61,0x6e,0x20,0x6c,0x61,
  0x6e,0x67,0x3d,0x22,0x66,0x72,0x2d,0x46,0x52,0x22,0x3e,0x3c,0x62,0x3e,0x3c,0x73,
  0x70,0x61,0x6e,0x20,0x73,0x74,0x79,0x6c,0x65,0x3d,0x22,0x62,0x61,0x63,0x6b,0x67,
  0x72,0x6f,0x75,0x6e,0x64,0x3a,0x20,0x74,0x72,0x61,0x6e,0x73,0x70,0x61,0x72,0x65,
  0x6e,0x74,0x22,0x3e,0x41,0x63,0x63,0x6f,0x72,0x64,0x3c,0x2f,0x73,0x70,0x61,0x6e,
  0x3e,0x3c,0x2f,0x62,0x3e,0x3c,0x2f,0x73,0x70,0x61,0x6e,0x3e,0x3c,0x2f,0x73,0x70,
  0x61,0x6e,0x3e,0x3c,0x2f,0x66,0x6f,0x6e,0x74,0x3e,0x3c,0x2f,0x61,0x3e,0x3c,0x2f,
  0x70,0x3e,0xa,0x9,0x9,0x3c,0x2f,0x74,0x64,0x3e,0xa,0x9,0x3c,0x2f,0x74,0x72,
  0x3e,0xa,0x3c,0x2f,0x74,0x61,0x62,0x6c,0x65,0x3e,0xa,0x3c,0x68,0x72,0x2f,0x3e,
  0xa,0xa,0x3c,0x70,0x20,0x6c,0x61,0x6e,0x67,0x3d,0x22,0x66,0x72,0x2d,0x46,0x52,
  0x22,0x20,0x73,0x74,0x79,0x6c,0x65,0x3d,0x22,0x6d,0x61,0x72,0x67,0x69,0x6e,0x2d,
  0x74,0x6f,0x70,0x3a,0x20,0x30,0x2e,0x34,0x32,0x63,0x6d,0x22,0x3e,0x3c,0x61,0x20,
  0x6e,0x61,0x6d,0x65,0x3d,0x22,0x69,0x6e,0x73,0x74,0x61,0x6c,0x6c,0x61,0x74,0x69,
  0x6f,0x6e,0x22,0x3e,0x3c,0x2f,0x61,0x3e,0xa,0x3c,0x66,0x6f,0x6e,0x74,0x20,0x66,
  0x61,0x63,0x65,0x3d,0x22,0x41,0x6c,0x62,0x61,0x6e,0x79,0x2c,0x20,0x73,0x61,0x6e,
  0x73,0x2d,0x73,0x65,0x72,0x69,0x66,0x22,0x3e,0x3c,0x66,0x6f,0x6e,0x74,0x20,0x73,
  0x69,0x7a,0x65,0x3d,0x22,0x34,0x22,0x20,0x73,0x74,0x79,0x6c,0x65,0x3d,0x22,0x66,
  0x6f,0x6e,0x74,0x2d,0x73,0x69,0x7a,0x65,0x3a,0x20,0x31,0x34,0x70,0x74,0x22,0x3e,
  0x3c,0x62,0x3e,0x3c,0x62,0x72,0x3e,0x43,0x6f,0x6e,0x66,0x69,0x67,0x75,0x72,0x61,
  0x74,0x69,0x6f,0x6e,0x20,0x6d,0x61,0x74,0xc3,0xa9,0x72,0x69,0x65,0x6c,0x6c,0x65,
  0x20,0x65,0x74,0x20,0x69,0x6e,0x73,0x74,0x61,0x6c,0x6c,0x61,0x74,0x69,0x6f,0x6e,
  0x3c,0x2f,0x62,0x3e,0x3c,0x2f,0x66,0x6f,0x6e,0x74,0x3e,0x3c,0x2f,0x66,0x6f,0x6e,
  0x74,0x3e,0x3c,0x2f,0x70,0x3e,0xa,0x3c,0x70,0x20,0x6c,0x61,0x6e,0x67,0x3d,0x22,
  0x66,0x72,0x2d,0x46,0x52,0x22,0x3e,0x3c,0x62,0x3e,0x4f,0x72,0x64,0x69,0x6e,0x61,
  0x74,0x65,0x75,0x72,0x20,0x3a,0x20,0x3c,0x2f,0x62,0x3e,0x3c,0x73,0x70,0x61,0x6e,
  0x20,0x73,0x74,0x79,0x6c,0x65,0x3d,0x22,0x66,0x6f,0x6e,0x74,0x2d,0x77,0x65,0x69,
  0x67,0x68,0x74,0x3a,0x20,0x6e,0x6f,0x72,0x6d,0x61,0x6c,0x22,0x3e,0x4c,0x27,0x45,
  0x50,0x54,0x20,0x66,0x6f,0x6e,0x63,0x74,0x69,0x6f,0x6e,0x6e,0x65,0x20,0x73,0x75,
  0x72,0x20,0x6c,0x61,0x20,0x70,0x6c,0x75,0x70,0x61,0x72,0x74,0x20,0x64,0x65,0x73,
  0x20,0x6f,0x72,0x64,0x69,0x6e,0x61,0x74,0x65,0x75,0x72,0x73,0x20,0x70,0x6f,0x72,
  0x74,0x61,0x62,0x6c,0x65,0x73,0x20,0x65,0x74,0x20,0x6c,0x65,0x73,0x20,0x74,0x61,
  0x62,0x6c,0x65,0x74,0x74,0x65,0x73,0x2c,0x20,0x65,0x74,0x20,0x6d,0xc3,0xaa,0x6d,
  0x65,0x20,0x73,0x75,0x72,0x20,0x6c,0x65,0x73,0x20,0x74,0xc3,0xa9,0x6c,0xc3,0xa9,
  0x70,0x68,0x6f,0x6e,0x65,0x73,0x20,0x70,0x6f,0x72,0x74,0x61,0x62,0x6c,0x65,0x73,
  0x2e,0x3c,0x2f,0x73,0x70,0x61,0x6e,0x3e,0xa,0x3c,0x2f,0x70,0x3e,0xa,0x3c,0x70,
  0x20,0x6c,0x61,0x6e,0x67,0x3d,0x22,0x66,0x72,0x2d,0x46,0x52,0x22,0x3e,0x3c,0x62,
  0x3e,0x4d,0x69,0x63,0x72,0x6f,0x70,0x68,0x6f,0x6e,0x65,0x20,0x3a,0x20,0x3c,0x2f,
  0x62,0x3e,0x50,0x6f,0x75,0x72,0x20,0x75,0x74,0x69,0x6c,0x69,0x73,0x65,0x72,0x20,
  0x6c,0x27,0x61,0x63,0x63,0x6f,0x72,0x64,0x65,0x75,0x72,0x20,0x6f,0x6e,0x20,0x61,
  0x20,0x62,0x65,0x73,0x6f,0x69,0x6e,0x20,0x64,0x27,0x75,0x6e,0x20,0x6d,0x69,0x63,
  0x72,0x6f,0x70,0x68,0x6f,0x6e,0x65,0x20,0x65,0x78,0x74,0x65,0x72,0x6e,0x65,0x20,
  0x64,0x65,0x20,0x62,0x6f,0x6e,0x6e,0x65,0x20,0x71,0x75,0x61,0x6c,0x69,0x74,0xc3,
  0xa9,0x2e,0x20,0x4e,0x6f,0x75,0x73,0x20,0x72,0x65,0x63,0x6f,0x6d,0x6d,0x61,0x6e,
  0x64,0x6f,0x6e,0x73,0x20,0x75,0x6e,0x20,0x6d,0x69,0x63,0x72,0x6f,0x70,0x68,0x6f,
  0x6e,0x65,0x20,0xc3,0xa0,0x20,0x63,0x6f,0x6e,0x64,0x65,0x6e,0x73,0x61,0x74,0x65,
  0x75,0x72,0x20,0xc3,0xa0,0x20,0x66,0x61,0x69,0x62,0x6c,0x65,0x20,0x62,0x72,0x75,
  0x69,0x74,0x20,0x61,0x76,0x65,0x63,0x20,0x75,0x6e,0x65,0x20,0x72,0xc3,0xa9,0x70,
  0x6f,0x6e,0x73,0x65,0x20,0x65,0x6e,0x20,0x66,0x72,0xc3,0xa9,0x71,0x75,0x65,0x6e,
  0x63,0x65,0x20,0x6c,0x69,0x6e,0xc3,0xa9,0x61,0x69,0x72,0x65,0x2e,0x20,0x4c,0x65,
  0x73,0x20,0x6d,0x69,0x63,0x72,0x6f,0x70,0x68,0x6f,0x6e,0x65,0x73,0x20,0x69,0x6e,
  0x74,0xc3,0xa9,0x67,0x72,0xc3,0xa9,0x73,0x20,0x64,0x65,0x73,0x20,0x74,0x61,0x62,
  0x6c,0x65,0x74,0x74,0x65,0x73,0x20,0x65,0x74,0x20,0x73,0x6d,0x61,0x72,0x74,0x70,
  0x68,0x6f,0x6e,0x65,0x73,0x20,0x70,0x65,0x75,0x76,0x65,0x6e,0x74,0x20,0xc3,0xaa,
  0x74,0x72,0x65,0x20,0x75,0x74,0x69,0x6c,0x69,0x73,0xc3,0xa9,0x73,0x20,0x70,0x6f,
  0x75,0x72,0x20,0x64,0x65,0x73,0x20,0x65,0x73,0x73,0x61,0x69,0x73,0x2c,0x20,0x6d,
  0x61,0x69,0x73,0x20,0x69,0x6c,0x73,0x20,0x70,0x65,0x75,0x76,0x65,0x6e,0x74,0x20,
  0xc3,0xa9,0x63,0x68,0x6f,0x75,0x65,0x72,0x20,0xc3,0xa0,0x20,0x62,0x61,0x73,0x73,
  0x65,0x73,0x20,0x65,0x74,0x20,0x68,0x61,0x75,0x74,0x65,0x73,0x20,0x66,0x72,0xc3,
  0xa9,0x71,0x75,0x65,0x6e,0x63,0x65,0x73,0x2e,0x3c,0x2f,0x70,0x3e,0xa,0x3c,0x70,
  0x20,0x6c,0x61,0x6e,0x67,0x3d,0x22,0x66,0x72,0x2d,0x46,0x52,0x22,0x3e,0x3c,0x62,
  0x3e,0x43,0x61,0x73,0x71,0x75,0x65,0x20,0x3a,0x20,0x3c,0x2f,0x62,0x3e,0x45,0x6e,
  0x20,0x6f,0x70,0x74,0x69,0x6f,0x6e,0x2c,0x20,0x75,0x6e,0x20,0x63,0x61,0x73,0x71,
  0x75,0x65,0x20,0x6f,0x72,0x64,0x69,0x6e,0x61,0x69,0x72,0x65,0x20,0x73,0x65,0x72,
  0x61,0x20,0x75,0x74,0x69,0x6c,0x65,0x20,0x70,0x6f,0x75,0x72,0x20,0x76,0xc3,0xa9,
  0x72,0x69,0x66,0x69,0x65,0x72,0x20,0x6c,0x65,0x73,0x20,0x74,0x6f,0x6e,0x61,0x6c,
  0x69,0x74,0xc3,0xa9,0x73,0x20,0x65,0x6e,0x72,0x65,0x67,0x69,0x73,0x74,0x72,0xc3,
  0xa9,0x65,0x73,0x2e,0x20,0x53,0x69,0x20,0x76,0x6f,0x75,0x73,0x20,0x6e,0x65,0x20,
  0x6c,0x27,0x75,0x74,0x69,0x6c,0x69,0x73,0x65,0x7a,0x20,0x75,0x6e,0x20,0x63,0x61,
  0x73,0x71,0x75,0x65,0x2c,0x20,0x76,0x6f,0x75,0x73,0x20,0x64,0x65,0x76,0x65,0x7a,
  0x20,0x64,0xc3,0xa9,0x73,0x61,0x63,0x74,0x69,0x76,0x65,0x72,0x20,0x6c,0x65,0x20,
  0x68,0x61,0x75,0x74,0x2d,0x70,0x61,0x72,0x6c,0x65,0x75,0x72,0x20,0x64,0x65,0x20,
  0x76,0x6f,0x74,0x72,0x65,0x20,0x61,0x70,0x70,0x61,0x72,0x65,0x69,0x6c,0x20,0x61,
  0x66,0x69,0x6e,0x20,0x64,0x27,0xc3,0xa9,0x76,0x69,0x74,0x65,0x72,0x20,0x6c,0x61,
  0x20,0x72,0xc3,0xa9,0x74,0x72,0x6f,0x61,0x63,0x74,0x69,0x6f,0x6e,0x20,0x69,0x6e,
  0x76,0x6f,0x6c,0x6f,0x6e,0x74,0x61,0x69,0x72,0x65,0x20,0x70,0x61,0x72,0x20,0x6c,
  0x65,0x20,0x6d,0x69,0x63,0x72,0x6f,0x70,0x68,0x6f,0x6e,0x65,0x2e,0x3c,0x2f,0x70,
  0x3e,0xa,0x3c,0x70,0x20,0x6c,0x61,0x6e,0x67,0x3d,0x22,0x66,0x72,0x2d,0x46,0x52,
  0x22,0x3e,0x3c,0x62,0x3e,0x43,0x6c,0x61,0x76,0x69,0x65,0x72,0x20,0x4d,0x49,0x44,
  0x49,0x20,0x3a,0x20,0x3c,0x2f,0x62,0x3e,0x45,0x6e,0x20,0x6f,0x70,0x74,0x69,0x6f,
  0x6e,0x2c,0x20,0x76,0x6f,0x75,0x73,0x20,0x70,0x6f,0x75,0x76,0x65,0x7a,0x20,0x63,
  0x6f,0x6e,0x6e,0x65,0x63,0x74,0x65,0x72,0x20,0x75,0x6e,0x20,0x63,0x6c,0x61,0x76,
  0x69,0x65,0x72,0x20,0x4d,0x49,0x44,0x49,0x20,0x73,0x75,0x72,0x20,0x76,0x6f,0x74,
  0x72,0x65,0x20,0x61,0x70,0x70,0x61,0x72,0x65,0x69,0x6c,0x20,0x71,0x75,0x69,0x20,
  0x76,0x6f,0x75,0x73,0x20,0x70,0x65,0x72,0x6d,0x65,0x74,0x20,0x64,0x65,0x20,0x6a,
  0x6f,0x75,0x65,0x72,0x20,0x65,0x74,0x20,0x64,0x27,0x65,0x6e,0x74,0x65,0x6e,0x64,
  0x72,0x65,0x20,0x6c,0x27,0x61,0x63,0x63,0x6f,0x72,0x64,0x20,0x63,0x61,0x6c,0x63,
  0x75,0x6c,0xc3,0xa9,0x20,0xc3,0xa0,0x20,0x6c,0x27,0x61,0x76,0x61,0x6e,0x63,0x65,
  0x2e,0x20,0x43,0x65,0x70,0x65,0x6e,0x64,0x61,0x6e,0x74,0x2c,0x20,0x75,0x6e,0x20,
  0x63,0x6c,0x61,0x76,0x69,0x65,0x72,0x20,0x4d,0x49,0x44,0x49,0x20,0x6e,0x27,0x65,
  0x73,0x74,0x20,0x70,0x61,0x73,0x20,0x6e,0xc3,0xa9,0x63,0x65,0x73,0x73,0x61,0x69,
  0x72,0x65,0x20,0x70,0x6f,0x75,0x72,0x20,0x66,0x61,0x69,0x72,0x65,0x20,0x6c,0x27,
  0x61,0x63,0x63,0x6f,0x72,0x64,0x2e,0x3c,0x2f,0x70,0x3e,0xa,0x3c,0x70,0x3e,0x3c,
  0x73,0x70,0x61,0x6e,0x20,0x6c,0x61,0x6e,0x67,0x3d,0x22,0x66,0x72,0x2d,0x46,0x52,
  0x22,0x3e,0x3c,0x62,0x3e,0x49,0x6e,0x73,0x74,0x61,0x6c,0x6c,0x61,0x74,0x69,0x6f,
  0x6e,0x20,0x3a,0x3c,0x2f,0x62,0x3e,0x3c,0x2f,0x73,0x70,0x61,0x6e,0x3e,0x20,0x3c,
  0x73,0x70,0x61,0x6e,0x20,0x6c,0x61,0x6e,0x67,0x3d,0x22,0x66,0x72,0x2d,0x46,0x52,
  0x22,0x3e,0x4c,0x27,0x45,0x50,0x54,0x20,0x65,0x73,0x74,0x20,0x64,0x69,0x73,0x70,
  0x6f,0x6e,0x69,0x62,0x6c,0x65,0x20,0x70,0x6f,0x75,0x72,0x20,0x4d,0x61,0x63,0x20,
  0x4f,0x53,0x2d,0x58,0x2c,0x20,0x69,0x4f,0x53,0x2c,0x20,0x41,0x6e,0x64,0x72,0x6f,
  0x69,0x64,0x2c,0x20,0x57,0x69,0x6e,0x64,0x6f,0x77,0x73,0x20,0x65,0x74,0x20,0x4c,
  0x69,0x6e,0x75,0x78,0x2e,0x20,0x53,0x27,0x69,0x6c,0x20,0x76,0x6f,0x75,0x73,0x20,
  0x70,0x6c,0x61,0xc3,0xae,0x74,0x20,0x76,0x69,0x73,0x69,0x74,0x65,0x7a,0x20,0x6e,
  0x6f,0x74,0x72,0x65,0x20,0x3c,0x61,0x20,0x68,0x72,0x65,0x66,0x3d,0x22,0x68,0x74,
  0x74,0x70,0x3a,0x2f,0x2f,0x70,0x69,0x61,0x6e,0x6f,0x2d,0x74,0x75,0x6e,0x65,0x72,
  0x2e,0x6f,0x72,0x67,0x2f,0x66,0x72,0x2f,0x64,0x6f,0x77,0x6e,0x6c,0x6f,0x61,0x64,
  0x22,0x3e,0x70,0x61,0x67,0x65,0x20,0x64,0x65,0x20,0x74,0xc3,0xa9,0x6c,0xc3,0xa9,
  0x63,0x68,0x61,0x72,0x67,0x65,0x6d,0x65,0x6e,0x74,0x3c,0x2f,0x61,0x3e,0x2e,0x3c,
  0x2f,0x73,0x70,0x61,0x6e,0x3e,0x3c,0x2f,0x70,0x3e,0xa,0x3c,0x70,0x20,0x6c,0x61,
  0x6e,0x67,0x3d,0x22,0x66,0x72,0x2d,0x46,0x52,0x22,0x20,0x73,0x74,0x79,0x6c,0x65,
  0x3d,0x22,0x6d,0x61,0x72,0x67,0x69,0x6e,0x2d,0x74,0x6f,0x70,0x3a,0x20,0x30,0x2e,
  0x34,0x32,0x63,0x6d,0x3b,0x20,0x70,0x61,0x67,0x65,0x2d,0x62,0x72,0x65,0x61,0x6b,
  0x2d,0x61,0x66,0x74,0x65,0x72,0x3a,0x20,0x61,0x76,0x6f,0x69,0x64,0x22,0x3e,0x3c,
  0x66,0x6f,0x6e,0x74,0x20,0x66,0x61,0x63,0x65,0x3d,0x22,0x41,0x6c,0x62,0x61,0x6e,
  0x79,0x2c,0x20,0x73,0x61,0x6e,0x73,0x2d,0x73,0x65,0x72,0x69,0x66,0x22,0x3e,0x3c,
  0x66,0x6f,0x6e,0x74,0x20,0x73,0x69,0x7a,0x65,0x3d,0x22,0x34,0x22,0x20,0x73,0x74,
  0x79,0x6c,0x65,0x3d,0x22,0x66,0x6f,0x6e,0x74,0x2d,0x73,0x69,0x7a,0x65,0x3a,0x20,
  0x31,0x34,0x70,0x74,0x22,0x3e,0x3c,0x62,0x3e,0x50,0x72,0x65,0x6d,0x69,0x65,0x72,
  0x73,0x20,0x70,0x61,0x73,0x3c,0x2f,0x62,0x3e,0x3c,0x2f,0x66,0x6f,0x6e,0x74,0x3e,
  0x3c,0x2f,0x66,0x6f,0x6e,0x74,0x3e,0x3c,0x2f,0x70,0x3e,0xa,0x3c,0x70,0x3e,0x3c,
  0x73,0x70,0x61,0x6e,0x20,0x6c,0x61,0x6e,0x67,0x3d,0x22,0x66,0x72,0x2d,0x46,0x52,
  0x22,0x3e,0x43,0x6f,0x6e,0x6e,0x65,0x63,0x74,0x65,0x7a,0x20,0x76,0x6f,0x74,0x72,
  0x65,0x20,0x6d,0x69,0x63,0x72,0x6f,0x70,0x68,0x6f,0x6e,0x65,0x20,0x65,0x74,0x20,
  0x64,0xc3,0xa9,0x6d,0x61,0x72,0x72,0x65,0x7a,0x20,0x6c,0x27,0x45,0x50,0x54,0x2e,
  0x20,0x41,0x73,0x73,0x75,0x72,0x65,0x7a,0x2d,0x76,0x6f,0x75,0x73,0x20,0x71,0x75,
  0x65,0x20,0x6c,0x65,0x20,0x56,0x55,0x2d,0x6d,0xc3,0xa8,0x74,0x72,0x65,0x20,0x72,
  0xc3,0xa9,0x70,0x6f,0x6e,0x64,0x20,0x61,0x75,0x20,0x6d,0x69,0x63,0x72,0x6f,0x20,
  0x65,0x74,0x20,0x71,0x75,0x65,0x20,0x6c,0x65,0x20,0x6e,0x69,0x76,0x65,0x61,0x75,
  0x20,0x64,0x27,0x65,0x6e,0x74,0x72,0xc3,0xa9,0x65,0x20,0x65,0x73,0x74,0x20,0x61,
  0x75,0x74,0x6f,0x6d,0x61,0x74,0x69,0x71,0x75,0x65,0x6d,0x65,0x6e,0x74,0x20,0x61,
  0x6a,0x75,0x73,0x74,0xc3,0xa9,0x65,0x2e,0x20,0x53,0x69,0x20,0x76,0x6f,0x75,0x73,
  0x20,0x61,0x63,0x63,0x6f,0x72,0x64,0x65,0x72,0x20,0x6c,0x27,0x69,0x6e,0x73,0x74,
  0x72,0x75,0x6d,0x65,0x6e,0x74,0x20,0x70,0x6f,0x75,0x72,0x20,0x6c,0x61,0x20,0x70,
  0x72,0x65,0x6d,0x69,0xc3,0xa8,0x72,0x65,0x20,0x66,0x6f,0x69,0x73,0x2c,0x20,0x63,
  0x68,0x6f,0x69,0x73,0x69,0x73,0x73,0x65,0x7a,0x20,0x3c,0x69,0x3e,0x46,0x69,0x63,
  0x68,0x69,0x65,0x72,0x2d,0x4e,0x6f,0x75,0x76,0x65,0x61,0x75,0x3c,0x2f,0x69,0x3e,
  0x2c,0x20,0x73,0x70,0xc3,0xa9,0x63,0x69,0x66,0x69,0x65,0x7a,0x20,0x6c,0x61,0x20,
  0x68,0x61,0x75,0x74,0x65,0x75,0x72,0x20,0x64,0x65,0x20,0x6c,0x27,0x61,0x63,0x63,
  0x6f,0x72,0x64,0x20,0x64,0x65,0x20,0x63,0x6f,0x6e,0x63,0x65,0x72,0x74,0x2c,0x20,
  0x65,0x74,0x20,0x64,0x65,0x20,0x66,0x6f,0x75,0x72,0x6e,0x69,0x73,0x73,0x65,0x7a,
  0x20,0x6c,0x65,0x73,0x20,0x69,0x6e,0x66,0x6f,0x72,0x6d,0x61,0x74,0x69,0x6f,0x6e,
  0x73,0x20,0x6e,0xc3,0xa9,0x63,0x65,0x73,0x73,0x61,0x69,0x72,0x65,0x73,0x2e,0xa,
  0x4c,0x61,0x20,0x62,0x61,0x72,0x72,0x65,0x20,0x64,0x27,0x6f,0x75,0x74,0x69,0x6c,
  0x73,0x20,0xc3,0xa0,0x20,0x67,0x61,0x75,0x63,0x68,0x65,0x20,0x76,0x6f,0x75,0x73,
  0x20,0x70,0x65,0x72,0x6d,0x65,0x74,0x20,0x64,0x65,0x20,0x62,0x61,0x73,0x63,0x75,
  0x6c,0x65,0x72,0x20,0x65,0x6e,0x74,0x72,0x65,0x20,0x71,0x75,0x61,0x74,0x72,0x65,
  0x20,0x6d,0x6f,0x64,0x65,0x73,0x20,0x64,0x69,0x66,0x66,0xc3,0xa9,0x72,0x65,0x6e,
  0x74,0x73,0x20,0x64,0x65,0x20,0x66,0x6f,0x6e,0x63,0x74,0x69,0x6f,0x6e,0x6e,0x65,
  0x6d,0x65,0x6e,0x74,0x20,0x71,0x75,0x69,0x20,0x70,0x65,0x75,0x76,0x65,0x6e,0x74,
  0x20,0xc3,0xaa,0x74,0x72,0x65,0x20,0x73,0xc3,0xa9,0x6c,0x65,0x63,0x74,0x69,0x6f,
  0x6e,0x6e,0xc3,0xa9,0x73,0x20,0x70,0x61,0x72,0x20,0x63,0x6c,0x69,0x63,0x20,0x64,
  0x65,0x20,0x73,0x6f,0x75,0x72,0x69,0x73,0x20,0x6f,0x75,0x20,0x65,0x6e,0x20,0x75,
  0x74,0x69,0x6c,0x69,0x73,0x61,0x6e,0x74,0x20,0x6c,0x61,0x20,0x74,0x6f,0x75,0x63,
  0x68,0x65,0x20,0x54,0x41,0x42,0x2e,0x20,0x43,0x65,0x73,0x20,0x6d,0x6f,0x64,0x65,
  0x73,0x20,0x64,0x27,0x6f,0x70,0xc3,0xa9,0x72,0x61,0x74,0x69,0x6f,0x6e,0x20,0x63,
  0x6f,0x72,0x72,0x65,0x73,0x70,0x6f,0x6e,0x64,0x65,0x6e,0x74,0x20,0x61,0x75,0x78,
  0x20,0x74,0x72,0x6f,0x69,0x73,0x20,0x70,0x72,0x69,0x6e,0x63,0x69,0x70,0x61,0x6c,
  0x65,0x73,0x20,0xc3,0xa9,0x74,0x61,0x70,0x65,0x73,0x20,0x64,0x65,0x20,0x6c,0x61,
  0x20,0x70,0x72,0x6f,0x63,0xc3,0xa9,0x64,0x75,0x72,0x65,0x20,0x64,0x65,0x20,0x72,
  0xc3,0xa9,0x67,0x6c,0x61,0x67,0x65,0x20,0x3a,0x3c,0x2f,0x73,0x70,0x61,0x6e,0x3e,
  0x3c,0x2f,0x70,0x3e,0xa,0x3c,0x75,0x6c,0x3e,0xa,0x9,0x3c,0x6c,0x69,0x2f,0x3e,
  0xa,0x3c,0x70,0x3e,0x45,0x6e,0x72,0x65,0x67,0x69,0x73,0x74,0x72,0x65,0x6d,0x65,
  0x6e,0x74,0x20,0x64,0x65,0x20,0x74,0x6f,0x75,0x74,0x65,0x73,0x20,0x6c,0x65,0x73,
  0x20,0x74,0x6f,0x75,0x63,0x68,0x65,0x73,0x20,0x64,0x75,0x20,0x70,0x69,0x61,0x6e,
  0x6f,0x2e,0x3c,0x2f,0x70,0x3e,0xa,0x9,0x3c,0x6c,0x69,0x2f,0x3e,0xa,0x3c,0x70,
  0x3e,0x43,0x61,0x6c,0x63,0x75,0x6c,0x20,0x64,0x65,0x20,0x6c,0x27,0x61,0x63,0x63,
  0x6f,0x72,0x64,0x20,0xc3,0xa0,0x20,0x65,0x6e,0x74,0x72,0x6f,0x70,0x69,0x65,0x20,
  0x6d,0x69,0x6e,0x69,0x6d,0x69,0x7a,0xc3,0xa9,0x65,0x2e,0x3c,0x2f,0x70,0x3e,0xa,
  0x9,0x3c,0x6c,0x69,0x2f,0x3e,0xa,0x3c,0x70,0x3e,0x41,0x63,0x63,0x6f,0x72,0x64,
  0x20,0x64,0x75,0x20,0x70,0x69,0x61,0x6e,0x6f,0x20,0x61,0x73,0x73,0x69,0x73,0x74,
  0xc3,0xa9,0x20,0xc3,0xa9,0x6c,0x65,0x63,0x74,0x72,0x6f,0x6e,0x69,0x71,0x75,0x65,
  0x6d,0x65,0x6e,0x74,0x2e,0x3c,0x2f,0x70,0x3e,0xa,0x3c,0x2f,0x75,0x6c,0x3e,0xa,
  0xa,0x3c,0x70,0x20,0x6c,0x61,0x6e,0x67,0x3d,0x22,0x66,0x72,0x2d,0x46,0x52,0x22,
  0x20,0x73,0x74,0x79,0x6c,0x65,0x3d,0x22,0x6d,0x61,0x72,0x67,0x69,0x6e,0x2d,0x74,
  0x6f,0x70,0x3a,0x20,0x30,0x2e,0x34,0x32,0x63,0x6d,0x3b,0x20,0x70,0x61,0x67,0x65,
  0x2d,0x62,0x72,0x65,0x61,0x6b,0x2d,0x61,0x66,0x74,0x65,0x72,0x3a,0x20,0x61,0x76,
  0x6f,0x69,0x64,0x22,0x3e,0x3c,0x61,0x20,0x6e,0x61,0x6d,0x65,0x3d,0x22,0x72,0x65,
  0x63,0x6f,0x72,0x64,0x69,0x6e,0x67,0x22,0x3e,0x3c,0x2f,0x61,0x3e,0xa,0x3c,0x66,
  0x6f,0x6e,0x74,0x20,0x66,0x61,0x63,0x65,0x3d,0x22,0x41,0x6c,0x62,0x61,0x6e,0x79,
  0x2c,0x20,0x73,0x61,0x6e,0x73,0x2d,0x73,0x65,0x72,0x69,0x66,0x22,0x3e,0x3c,0x66,
  0x6f,0x6e,0x74,0x20,0x73,0x69,0x7a,0x65,0x3d,0x22,0x34,0x22,0x20,0x73,0x74,0x79,
  0x6c,0x65,0x3d,0x22,0x66,0x6f,0x6e,0x74,0x2d,0x73,0x69,0x7a,0x65,0x3a,0x20,0x31,
  0x34,0x70,0x74,0x22,0x3e,0x3c,0x62,0x3e,0x31,0x2e,0xa,0x45,0x6e,0x72,0x65,0x67,
  0x69,0x73,0x74,0x72,0x65,0x6d,0x65,0x6e,0x74,0x3c,0x2f,0x62,0x3e,0x3c,0x2f,0x66,
  0x6f,0x6e,0x74,0x3e,0x3c,0x2f,0x66,0x6f,0x6e,0x74,0x3e,0x3c,0x2f,0x70,0x3e,0xa,
  0x3c,0x70,0x20,0x6c,0x61,0x6e,0x67,0x3d,0x22,0x66,0x72,0x2d,0x46,0x52,0x22,0x3e,
  0x53,0xc3,0xa9,0x6c,0x65,0x63,0x74,0x69,0x6f,0x6e,0x6e,0x65,0x7a,0x20,0x6c,0x65,
  0x20,0x6d,0x6f,0x64,0x65,0x20,0x64,0x27,0x65,0x6e,0x72,0x65,0x67,0x69,0x73,0x74,
  0x72,0x65,0x6d,0x65,0x6e,0x74,0x20,0x65,0x74,0x20,0x66,0x72,0x61,0x70,0x70,0x65,
  0x72,0x20,0x74,0x6f,0x75,0x74,0x65,0x73,0x20,0x6c,0x65,0x73,0x20,0x74,0x6f,0x75,
  0x63,0x68,0x65,0x73,0x20,0x64,0x65,0x20,0x76,0x6f,0x74,0x72,0x65,0x20,0x70,0x69,
  0x61,0x6e,0x6f,0x20,0xc3,0xa0,0x20,0x6c,0x61,0x20,0x73,0x75,0x69,0x74,0x65,0x20,
  0x64,0x65,0x20,0x6c,0x61,0x20,0x67,0x61,0x75,0x63,0x68,0x65,0x20,0x76,0x65,0x72,
  0x73,0x20,0x6c,0x61,0x20,0x64,0x72,0x6f,0x69,0x74,0x65,0x20,0x61,0x66,0x69,0x6e,
  0x20,0x64,0x65,0x20,0x6c,0x65,0x73,0x20,0x65,0x6e,0x72,0x65,0x67,0x69,0x73,0x74,
  0x72,0x65,0x72,0x2e,0x20,0x4c,0x27,0x65,0x6e,0x72,0x65,0x67,0x69,0x73,0x74,0x72,
  0x65,0x6d,0x65,0x6e,0x74,0x20,0x63,0x6f,0x6d,0x6d,0x65,0x6e,0x63,0x65,0x20,0x64,
  0xc3,0xa8,0x73,0x20,0x71,0x75,0x65,0x20,0x6c,0x65,0x20,0x56,0x55,0x2d,0x6d,0xc3,
  0xa8,0x74,0x72,0x65,0x20,0x70,0x61,0x73,0x73,0x65,0x20,0x73,0x75,0x72,0x20,0x22,
  0x4f,0x6e,0x22,0x20,0x6d,0x61,0x72,0x71,0x75,0x65,0x20,0x65,0x74,0x20,0x61,0x72,
  0x72,0xc3,0xaa,0x74,0x65,0x20,0x71,0x75,0x61,0x6e,0x64,0x20,0x69,0x6c,0x20,0x74,
  0x6f,0x6d,0x62,0x65,0x20,0x65,0x6e,0x20,0x64,0x65,0x73,0x73,0x6f,0x75,0x73,0x20,
  0x64,0x65,0x20,0x6c,0x61,0x20,0x6d,0x61,0x72,0x71,0x75,0x65,0x20,0xc2,0xab,0x6f,
  0x66,0x66,0xc2,0xbb,0x2e,0x20,0x4c,0x61,0x20,0x74,0x6f,0x75,0x63,0x68,0x65,0x20,
  0x70,0x72,0x65,0x73,0x73,0xc3,0xa9,0x65,0x20,0x65,0x73,0x74,0x20,0x72,0x65,0x63,
  0x6f,0x6e,0x6e,0x75,0x20,0x61,0x75,0x74,0x6f,0x6d,0x61,0x74,0x69,0x71,0x75,0x65,
  0x6d,0x65,0x6e,0x74,0x2e,0x20,0x41,0x75,0x2d,0x64,0x65,0x73,0x73,0x75,0x73,0x20,
  0x64,0x65,0x73,0x20,0x74,0x6f,0x75,0x63,0x68,0x65,0x73,0x2c,0x20,0x76,0x6f,0x75,
  0x73,0x20,0x76,0x65,0x72,0x72,0x65,0x7a,0x20,0x6c,0x65,0x20,0x73,0x70,0x65,0x63,
  0x74,0x72,0x65,0x20,0x64,0x65,0x20,0x66,0x72,0xc3,0xa9,0x71,0x75,0x65,0x6e,0x63,
  0x65,0x20,0x61,0x76,0x65,0x63,0x20,0x6c,0x65,0x73,0x20,0x70,0x61,0x72,0x74,0x69,
  0x65,0x6c,0x73,0x20,0x63,0x6f,0x6d,0x6d,0x65,0x20,0x75,0x6e,0x65,0x20,0x6c,0x69,
  0x67,0x6e,0x65,0x20,0x72,0x6f,0x75,0x67,0x65,0x2e,0x3c,0x2f,0x70,0x3e,0xa,0x3c,
  0x70,0x20,0x6c,0x61,0x6e,0x67,0x3d,0x22,0x66,0x72,0x2d,0x46,0x52,0x22,0x3e,0x53,
  0x27,0x69,0x6c,0x20,0x76,0x6f,0x75,0x73,0x20,0x70,0x6c,0x61,0xc3,0xae,0x74,0x20,
  0x67,0x61,0x72,0x64,0x65,0x72,0x20,0x6c,0x61,0x20,0x74,0x6f,0x75,0x63,0x68,0x65,
  0x20,0x64,0x65,0x20,0x70,0x69,0x61,0x6e,0x6f,0x20,0x65,0x6e,0x66,0x6f,0x6e,0x63,
  0xc3,0xa9,0x65,0x20,0x6a,0x75,0x73,0x71,0x75,0x27,0xc3,0xa0,0x20,0x63,0x65,0x20,
  0x71,0x75,0x65,0x20,0x6c,0x65,0x20,0x72,0x6f,0x75,0x67,0x65,0x20,0x73,0x79,0x6d,
  0x62,0x6f,0x6c,0x65,0x20,0x64,0x27,0x65,0x6e,0x72,0x65,0x67,0x69,0x73,0x74,0x72,
  0x65,0x6d,0x65,0x6e,0x74,0x20,0x64,0x69,0x73,0x70,0x61,0x72,0x61,0x69,0x73,0x73,
  0x65,0x20,0x65,0x74,0x20,0x61,0x74,0x74,0x65,0x6e,0x64,0x72,0x65,0x20,0x6a,0x75,
  0x73,0x71,0x75,0x27,0xc3,0xa0,0x20,0x63,0x65,0x20,0x71,0x75,0x65,0x20,0x6c,0x65,
  0x73,0x20,0x64,0x6f,0x6e,0x6e,0xc3,0xa9,0x65,0x73,0x20,0x61,0x69,0x74,0x20,0xc3,
  0xa9,0x74,0xc3,0xa9,0x20,0x74,0x72,0x61,0x69,0x74,0xc3,0xa9,0x65,0x73,0x2e,0x20,
  0x53,0x69,0x20,0x76,0x6f,0x75,0x73,0x20,0x75,0x74,0x69,0x6c,0x69,0x73,0x65,0x7a,
  0x20,0x75,0x6e,0x20,0x63,0x61,0x73,0x71,0x75,0x65,0x20,0x75,0x6e,0x20,0x65,0x6e,
  0x72,0x65,0x67,0x69,0x73,0x74,0x72,0x65,0x6d,0x65,0x6e,0x74,0x20,0x72,0xc3,0xa9,
  0x75,0x73,0x73,0x69,0x20,0x73,0x65,0x72,0x61,0x20,0x72,0x65,0x63,0x6f,0x6e,0x6e,
  0x75,0x20,0x70,0x61,0x72,0x20,0x75,0x6e,0x20,0x62,0x72,0x65,0x66,0x20,0xc3,0xa9,
  0x63,0x68,0x6f,0x20,0x64,0x65,0x20,0x6c,0x61,0x20,0x6d,0xc3,0xaa,0x6d,0x65,0x20,
  0x68,0x61,0x75,0x74,0x65,0x75,0x72,0x2e,0x20,0x4c,0x61,0x20,0x74,0x6f,0x75,0x63,
  0x68,0x65,0x20,0x63,0x6f,0x72,0x72,0x65,0x73,0x70,0x6f,0x6e,0x64,0x61,0x6e,0x74,
  0x65,0x20,0x73,0x65,0x72,0x61,0x20,0x6d,0x61,0x72,0x71,0x75,0xc3,0xa9,0x65,0x20,
  0x70,0x61,0x72,0x20,0x75,0x6e,0x20,0x63,0x6f,0x63,0x68,0x65,0x20,0x76,0x65,0x72,
  0x74,0x2e,0x3c,0x2f,0x70,0x3e,0xa,0x3c,0x70,0x20,0x6c,0x61,0x6e,0x67,0x3d,0x22,
  0x66,0x72,0x2d,0x46,0x52,0x22,0x3e,0x53,0x69,0x20,0x76,0x6f,0x75,0x73,0x20,0x64,
  0xc3,0xa9,0x63,0x69,0x64,0x65,0x7a,0x20,0x64,0x27,0x65,0x6e,0x72,0x65,0x67,0x69,
  0x73,0x74,0x72,0x65,0x72,0xc3,0xa0,0x20,0x6e,0x6f,0x75,0x76,0x65,0x61,0x75,0x20,
  0x75,0x6e,0x65,0x20,0x63,0x65,0x72,0x74,0x61,0x69,0x6e,0x65,0x20,0x6e,0x6f,0x74,
  0x65,0x20,0x73,0xc3,0xa9,0x6c,0x65,0x63,0x74,0x69,0x6f,0x6e,0x6e,0x65,0x72,0x20,
  0x6c,0x61,0x20,0x74,0x6f,0x75,0x63,0x68,0x65,0x20,0x63,0x6f,0x72,0x72,0x65,0x73,
  0x70,0x6f,0x6e,0x64,0x61,0x6e,0x74,0x65,0x20,0x70,0x61,0x72,0x20,0x75,0x6e,0x20,
  0x63,0x6c,0x69,0x63,0x20,0x64,0x65,0x20,0x73,0x6f,0x75,0x72,0x69,0x73,0x20,0x6f,
  0x75,0x20,0x65,0x6e,0x20,0x75,0x74,0x69,0x6c,0x69,0x73,0x61,0x6e,0x74,0x20,0x6c,
  0x65,0x73,0x20,0x74,0x6f,0x75,0x63,0x68,0x65,0x73,0x20,0x66,0x6c,0xc3,0xa9,0x63,
  0x68,0xc3,0xa9,0x65,0x73,0x2e,0x20,0x53,0x69,0x20,0x6c,0x61,0x20,0x74,0x6f,0x75,
  0x63,0x68,0x65,0x20,0x6e,0x27,0x65,0x73,0x74,0x20,0x70,0x61,0x73,0x20,0x63,0x6f,
  0x72,0x72,0x65,0x63,0x74,0x65,0x6d,0x65,0x6e,0x74,0x20,0x72,0x65,0x63,0x6f,0x6e,
  0x6e,0x75,0x65,0x2c,0x20,0x70,0x61,0x72,0x20,0x65,0x78,0x65,0x6d,0x70,0x6c,0x65,
  0x20,0x64,0x61,0x6e,0x73,0x20,0x6c,0x65,0x73,0x20,0x62,0x61,0x73,0x73,0x65,0x20,
  0x6f,0x75,0x20,0x64,0x61,0x6e,0x73,0x20,0x6c,0x65,0x73,0x20,0x61,0x69,0x67,0x75,
  0x73,0x2c,0x20,0x69,0x6c,0x20,0x65,0x73,0x74,0x20,0x70,0x6f,0x73,0x73,0x69,0x62,
  0x6c,0x65,0x20,0x64,0x65,0x20,0x66,0x6f,0x72,0x63,0x65,0x72,0x20,0x6c,0x61,0x20,
  0x72,0x65,0x63,0x6f,0x6e,0x6e,0x61,0x69,0x73,0x73,0x61,0x6e,0x63,0x65,0x20,0x65,
  0x6e,0x20,0x63,0x6c,0x69,0x71,0x75,0x61,0x6e,0x74,0x20,0x64,0x65,0x75,0x78,0x20,
  0x66,0x6f,0x69,0x73,0x20,0x73,0x75,0x72,0x20,0x6c,0x61,0x20,0x74,0x6f,0x75,0x63,
  0x68,0x65,0x20,0x6f,0x75,0x20,0x65,0x6e,0x20,0x61,0x70,0x70,0x75,0x79,0x61,0x6e,
  0x74,0x20,0x73,0x75,0x72,0x20,0x6c,0x61,0x20,0x74,0x6f,0x75,0x63,0x68,0x65,0x20,
  0x45,0x6e,0x74,0x72,0xc3,0xa9,0x65,0x2e,0x3c,0x2f,0x70,0x3e,0xa,0x3c,0x70,0x20,
  0x6c,0x61,0x6e,0x67,0x3d,0x22,0x66,0x72,0x2d,0x46,0x52,0x22,0x3e,0x41,0x70,0x72,
  0xc3,0xa8,0x73,0x20,0x63,0x68,0x61,0x71,0x75,0x65,0x20,0x65,0x6e,0x72,0x65,0x67,
  0x69,0x73,0x74,0x72,0x65,0x6d,0x65,0x6e,0x74,0x20,0x64,0x65,0x20,0x6c,0x27,0x45,
  0x50,0x54,0x20,0x61,0x66,0x66,0x69,0x63,0x68,0x65,0x20,0x6c,0x61,0x20,0x71,0x75,
  0x61,0x6c,0x69,0x74,0xc3,0xa9,0x20,0x64,0x75,0x20,0x73,0x69,0x67,0x6e,0x61,0x6c,
  0x20,0x65,0x6e,0x72,0x65,0x67,0x69,0x73,0x74,0x72,0xc3,0xa9,0x2e,0x20,0x49,0x6c,
  0x20,0x6e,0x27,0x79,0x20,0x61,0x20,0x70,0x61,0x73,0x20,0x62,0x65,0x73,0x6f,0x69,
  0x6e,0x20,0x71,0x75,0x65,0x20,0x63,0x65,0x74,0x74,0x65,0x20,0x71,0x75,0x61,0x6c,
  0x69,0x74,0xc3,0xa9,0x20,0x73,0x6f,0x69,0x74,0x20,0x6d,0x61,0x78,0x69,0x6d,0x61,
  0x6c,0x65,0x2c,0x20,0x6d,0x61,0x69,0x73,0x20,0x65,0x6c,0x6c,0x65,0x20,0x64,0x65,
  0x76,0x72,0x61,0x69,0x74,0x20,0x76,0x61,0x72,0x69,0x65,0x72,0x20,0x65,0x6e,0x20,
  0x6c,0xc3,0xa9,0x67,0xc3,0xa8,0x72,0x65,0x6d,0x65,0x6e,0x74,0x20,0x64,0x27,0x75,
  0x6e,0x65,0x20,0x74,0x6f,0x75,0x63,0x68,0x65,0x20,0xc3,0xa0,0x20,0x6c,0x27,0x61,
  0x75,0x74,0x72,0x65,0x2e,0x20,0x50,0x6f,0x75,0x72,0x20,0x6c,0x65,0x73,0x20,0x6e,
  0x6f,0x74,0x65,0x73,0x20,0x61,0x76,0x65,0x63,0x20,0x70,0x6c,0x75,0x73,0x69,0x65,
  0x75,0x72,0x73,0x20,0x63,0x6f,0x72,0x64,0x65,0x73,0x2c,0x20,0x69,0x6c,0x20,0x65,
  0x73,0x74,0x20,0x72,0x65,0x63,0x6f,0x6d,0x6d,0x61,0x6e,0x64,0xc3,0xa9,0x20,0x64,
  0x27,0x65,0x6e,0x72,0x65,0x67,0x69,0x73,0x74,0x72,0x65,0x72,0x20,0x75,0x6e,0x65,
  0x20,0x73,0x65,0x75,0x6c,0x65,0x20,0x63,0x6f,0x72,0x64,0x65,0x20,0x65,0x6e,0x20,
  0x6d,0x65,0x74,0x74,0x61,0x6e,0x74,0x20,0x65,0x6e,0x20,0x73,0x6f,0x75,0x72,0x64,
  0x69,0x6e,0x65,0x20,0x6c,0x65,0x73,0x20,0x61,0x75,0x74,0x72,0x65,0x73,0x2e,0x3c,
  0x2f,0x70,0x3e,0xa,0x3c,0x70,0x20,0x6c,0x61,0x6e,0x67,0x3d,0x22,0x66,0x72,0x2d,
  0x46,0x52,0x22,0x3e,0x50,0x65,0x6e,0x64,0x61,0x6e,0x74,0x20,0x6c,0x27,0x65,0x6e,
  0x72,0x65,0x67,0x69,0x73,0x74,0x72,0x65,0x6d,0x65,0x6e,0x74,0x20,0x64,0x65,0x20,
  0x64,0x65,0x75,0x78,0x20,0x63,0x6f,0x75,0x72,0x62,0x65,0x73,0x20,0x61,0x70,0x70,
  0x61,0x72,0x61,0xc3,0xae,0x74,0x72,0x6f,0x6e,0x74,0x20,0x61,0x75,0x2d,0x64,0x65,
  0x73,0x73,0x75,0x73,0x20,0x64,0x75,0x20,0x73,0x70,0x65,0x63,0x74,0x72,0x65,0x2e,
  0x20,0x4c,0x65,0x73,0x20,0x6d,0x61,0x72,0x71,0x75,0x65,0x75,0x72,0x73,0x20,0x62,
  0x6c,0x65,0x75,0x73,0x20,0x6d,0x65,0x73,0x75,0x72,0x65,0x6e,0x74,0x20,0x6c,0x61,
  0x20,0x68,0x61,0x75,0x74,0x65,0x75,0x72,0x20,0x70,0x61,0x72,0x20,0x72,0x61,0x70,
  0x70,0x6f,0x72,0x74,0x20,0x61,0x75,0x20,0x74,0x65,0x6d,0x70,0xc3,0xa9,0x72,0x61,
  0x6d,0x65,0x6e,0x74,0x20,0xc3,0xa9,0x67,0x61,0x6c,0x2e,0x20,0x41,0x75,0x20,0x63,
  0x6f,0x6e,0x74,0x72,0x61,0x69,0x72,0x65,0x2c,0x20,0x6c,0x65,0x73,0x20,0x6d,0x61,
  0x72,0x71,0x75,0x65,0x75,0x72,0x73,0x20,0x67,0x72,0x69,0x73,0x20,0x71,0x75,0x61,
  0x6e,0x74,0x69,0x66,0x69,0x65,0x6e,0x74,0x20,0x6c,0x27,0x69,0x6e,0x68,0x61,0x72,
  0x6d,0x6f,0x6e,0x69,0x63,0x69,0x74,0xc3,0xa9,0x20,0x74,0x72,0x61,0x63,0xc3,0xa9,
  0x65,0x20,0xc3,0xa0,0x20,0x6c,0x27,0x65,0x6e,0x76,0x65,0x72,0x73,0x2e,0x20,0x4d,
  0x69,0x73,0x20,0xc3,0xa0,0x20,0x70,0x61,0x72,0x74,0x20,0x75,0x6e,0x20,0x73,0x61,
  0x75,0x74,0x20,0x65,0x6e,0x74,0x72,0x65,0x20,0x6c,0x65,0x73,0x20,0x64,0x65,0x75,
  0x78,0x20,0x73,0x65,0x63,0x74,0x69,0x6f,0x6e,0x73,0x20,0x64,0x65,0x20,0x63,0x6f,
  0x72,0x64,0x65,0x73,0x20,0x64,0x69,0x61,0x67,0x6f,0x6e,0x61,0x6c,0x65,0x73,0x2c,
  0x20,0x6c,0x65,0x73,0x20,0x6e,0x69,0x76,0x65,0x61,0x75,0x78,0x20,0x64,0x65,0x20,
  0x69,0x6e,0x68,0x61,0x72,0x6d,0x6f,0x6e,0x69,0x63,0x69,0x74,0xc3,0xa9,0x20,0x64,
  0x65,0x76,0x72,0x61,0x69,0x65,0x6e,0x74,0x20,0x76,0x61,0x72,0x69,0x65,0x72,0x20,
  0x65,0x6e,0x20,0x64,0x6f,0x75,0x63,0x65,0x75,0x72,0x2e,0x20,0x4c,0x27,0x69,0x6e,
  0x68,0x61,0x72,0x6d,0x6f,0x6e,0x69,0x63,0x69,0x74,0xc3,0xa9,0x20,0x6e,0x65,0x20,
  0x73,0x65,0x20,0x6d,0x65,0x73,0x75,0x72,0x65,0x20,0x70,0x61,0x73,0x20,0x64,0x61,
  0x6e,0x73,0x20,0x6c,0x61,0x20,0x70,0x6c,0x75,0x73,0x20,0x68,0x61,0x75,0x74,0x65,
  0x20,0x6f,0x63,0x74,0x61,0x76,0x65,0x2e,0x3c,0x2f,0x70,0x3e,0xa,0x3c,0x70,0x20,
  0x6c,0x61,0x6e,0x67,0x3d,0x22,0x66,0x72,0x2d,0x46,0x52,0x22,0x3e,0x55,0x6e,0x65,
  0x20,0x66,0x6f,0x69,0x73,0x20,0x71,0x75,0x65,0x20,0x74,0x6f,0x75,0x74,0x65,0x73,
  0x20,0x6c,0x65,0x73,0x20,0x74,0x6f,0x75,0x63,0x68,0x65,0x73,0x20,0x73,0x6f,0x6e,
  0x74,0x20,0x6d,0x61,0x72,0x71,0x75,0xc3,0xa9,0x65,0x73,0x20,0x70,0x61,0x72,0x20,
  0x75,0x6e,0x20,0x63,0x6f,0x63,0x68,0x65,0x20,0x76,0x65,0x72,0x74,0x20,0x73,0x27,
  0x69,0x6c,0x20,0x76,0x6f,0x75,0x73,0x20,0x70,0x6c,0x61,0xc3,0xae,0x74,0x20,0x65,
  0x6e,0x72,0x65,0x67,0x69,0x73,0x74,0x72,0x65,0x72,0x20,0x76,0x6f,0x74,0x72,0x65,
  0x20,0x74,0x72,0x61,0x76,0x61,0x69,0x6c,0x20,0x28,0x65,0x6e,0x20,0x75,0x74,0x69,
  0x6c,0x69,0x73,0x61,0x6e,0x74,0x20,0x3c,0x69,0x3e,0x20,0x46,0x69,0x63,0x68,0x69,
  0x65,0x72,0x2d,0x45,0x6e,0x72,0x65,0x67,0x69,0x73,0x74,0x72,0x65,0x72,0x20,0x73,
  0x6f,0x75,0x73,0x20,0x2e,0x2e,0x2e,0x2e,0x20,0x3c,0x2f,0x69,0x3e,0x29,0x2e,0x20,
  0x41,0x76,0x65,0x63,0x20,0x75,0x6e,0x20,0x63,0x6c,0x61,0x76,0x69,0x65,0x72,0x20,
  0x4d,0x49,0x44,0x49,0x2c,0x20,0x69,0x6c,0x20,0x65,0x73,0x74,0x20,0x70,0x6f,0x73,
  0x73,0x69,0x62,0x6c,0x65,0x20,0x64,0x65,0x20,0x76,0xc3,0xa9,0x72,0x69,0x66,0x69,
  0x65,0x72,0x20,0x6c,0x65,0x73,0x20,0x74,0x6f,0x75,0x63,0x68,0x65,0x73,0x20,0x65,
  0x6e,0x72,0x65,0x67,0x69,0x73,0x74,0x72,0xc3,0xa9,0x65,0x73,0x20,0x61,0x63,0x6f,
  0x75,0x73,0x74,0x69,0x71,0x75,0x65,0x6d,0x65,0x6e,0x74,0x2e,0x3c,0x2f,0x70,0x3e,
  0xa,0xa,0x3c,0x70,0x20,0x6c,0x61,0x6e,0x67,0x3d,0x22,0x66,0x72,0x2d,0x46,0x52,
  0x22,0x20,0x73,0x74,0x79,0x6c,0x65,0x3d,0x22,0x6d,0x61,0x72,0x67,0x69,0x6e,0x2d,
  0x74,0x6f,0x70,0x3a,0x20,0x30,0x2e,0x34,0x32,0x63,0x6d,0x3b,0x20,0x70,0x61,0x67,
  0x65,0x2d,0x62,0x72,0x65,0x61,0x6b,0x2d,0x61,0x66,0x74,0x65,0x72,0x3a,0x20,0x61,
  0x76,0x6f,0x69,0x64,0x22,0x3e,0x3c,0x61,0x20,0x6e,0x61,0x6d,0x65,0x3d,0x22,0x63,
  0x61,0x6c,0x63,0x75,0x6c,0x61,0x74,0x69,0x6e,0x67,0x22,0x3e,0x3c,0x2f,0x61,0x3e,
  0xa,0x3c,0x66,0x6f,0x6e,0x74,0x20,0x66,0x61,0x63,0x65,0x3d,0x22,0x41,0x6c,0x62,
  0x61,0x6e,0x79,0x2c,0x20,0x73,0x61,0x6e,0x73,0x2d,0x73,0x65,0x72,0x69,0x66,0x22,
  0x3e,0x3c,0x66,0x6f,0x6e,0x74,0x20,0x73,0x69,0x7a,0x65,0x3d,0x22,0x34,0x22,0x20,
  0x73,0x74,0x79,0x6c,0x65,0x3d,0x22,0x66,0x6f,0x6e,0x74,0x2d,0x73,0x69,0x7a,0x65,
  0x3a,0x20,0x31,0x34,0x70,0x74,0x22,0x3e,0x3c,0x62,0x3e,0x32,0x2e,0x20,0x43,0x61,
  0x6c,0x63,0x75,0x6c,0x3c,0x2f,0x62,0x3e,0x3c,0x2f,0x66,0x6f,0x6e,0x74,0x3e,0x3c,
  0x2f,0x66,0x6f,0x6e,0x74,0x3e,0x3c,0x2f,0x70,0x3e,0xa,0x3c,0x70,0x20,0x6c,0x61,
  0x6e,0x67,0x3d,0x22,0x66,0x72,0x2d,0x46,0x52,0x22,0x3e,0x50,0x61,0x73,0x73,0x65,
  0x7a,0x20,0x64,0x61,0x6e,0x73,0x20,0x65,0x6e,0x20,0x6d,0x6f,0x64,0x65,0x20,0x63,
  0x61,0x6c,0x63,0x75,0x6c,0x2c,0x20,0x73,0xc3,0xa9,0x6c,0x65,0x63,0x74,0x69,0x6f,
  0x6e,0x6e,0x65,0x7a,0x20,0x6c,0x65,0x20,0x6d,0x69,0x6e,0x69,0x6d,0x69,0x73,0x65,
  0x75,0x72,0x20,0x64,0x27,0x65,0x6e,0x74,0x72,0x6f,0x70,0x69,0x65,0x20,0x65,0x74,
  0x20,0x64,0x65,0x20,0x63,0x6f,0x6d,0x6d,0x65,0x6e,0x63,0x65,0x7a,0x20,0x6c,0x65,
  0x20,0x63,0x61,0x6c,0x63,0x75,0x6c,0x2e,0x20,0x44,0x61,0x6e,0x73,0x20,0x6c,0x61,
  0x20,0x66,0x65,0x6e,0xc3,0xaa,0x74,0x72,0x65,0x20,0x64,0x65,0x20,0x63,0x6f,0x75,
  0x72,0x62,0x65,0x20,0x64,0x27,0x61,0x63,0x63,0x6f,0x72,0x64,0x2c,0x20,0x76,0x6f,
  0x75,0x73,0x20,0x70,0x6f,0x75,0x76,0x65,0x7a,0x20,0x73,0x75,0x72,0x76,0x65,0x69,
  0x6c,0x6c,0x65,0x72,0x20,0x6c,0x61,0x20,0x66,0x61,0xc3,0xa7,0x6f,0x6e,0x20,0x64,
  0x6f,0x6e,0x74,0x20,0x6c,0x65,0x20,0x70,0x72,0x6f,0x63,0x65,0x73,0x73,0x75,0x73,
  0x20,0x64,0x65,0x20,0x72,0xc3,0xa9,0x67,0x6c,0x61,0x67,0x65,0x20,0xc3,0xa9,0x76,
  0x6f,0x6c,0x75,0x65,0x2e,0x20,0x43,0x6f,0x6d,0x6d,0x65,0x20,0x76,0x6f,0x75,0x73,
  0x20,0x70,0x6f,0x75,0x76,0x65,0x7a,0x20,0x6c,0x65,0x20,0x76,0x6f,0x69,0x72,0x2c,
  0x20,0x6c,0x27,0x61,0x6c,0x67,0x6f,0x72,0x69,0x74,0x68,0x6d,0x65,0x20,0x63,0x72,
  0xc3,0xa9,0x65,0x20,0x75,0x6e,0x20,0x61,0x63,0x63,0x6f,0x72,0x64,0x61,0x67,0x65,
  0x20,0x72,0x65,0x70,0x72,0xc3,0xa9,0x73,0x65,0x6e,0x74,0xc3,0xa9,0x20,0x70,0x61,
  0x72,0x20,0x6d,0x61,0x72,0x71,0x75,0x65,0x75,0x72,0x73,0x20,0x76,0x65,0x72,0x74,
  0x73,0x2e,0x20,0x53,0x27,0x69,0x6c,0x20,0x6e,0x27,0x79,0x20,0x61,0x20,0x70,0x6c,
  0x75,0x73,0x20,0x64,0x65,0x20,0x67,0x72,0x61,0x6e,0x64,0x73,0x20,0x63,0x68,0x61,
  0x6e,0x67,0x65,0x6d,0x65,0x6e,0x74,0x73,0x20,0x76,0x6f,0x75,0x73,0x20,0x70,0x6f,
  0x75,0x76,0x65,0x7a,0x20,0x61,0x72,0x72,0xc3,0xaa,0x74,0x65,0x72,0x20,0x6c,0x65,
  0x20,0x70,0x72,0x6f,0x63,0x65,0x73,0x73,0x75,0x73,0x20,0x64,0x65,0x20,0x63,0x61,
  0x6c,0x63,0x75,0x6c,0x2e,0x3c,0x2f,0x70,0x3e,0xa,0x3c,0x70,0x20,0x6c,0x61,0x6e,
  0x67,0x3d,0x22,0x66,0x72,0x2d,0x46,0x52,0x22,0x3e,0x4d,0x61,0x69,0x6e,0x74,0x65,
  0x6e,0x61,0x6e,0x74,0x2c,0x20,0x69,0x6c,0x20,0x65,0x73,0x74,0x20,0x70,0x6f,0x73,
  0x73,0x69,0x62,0x6c,0x65,0x20,0x64,0x65,0x20,0x74,0x65,0x73,0x74,0x65,0x72,0x20,
  0x6c,0x27,0x61,0x63,0x63,0x6f,0x72,0x64,0x20,0x63,0x61,0x6c,0x63,0x75,0x6c,0xc3,
  0xa9,0x20,0x65,0x6e,0x20,0x6a,0x6f,0x75,0x61,0x6e,0x74,0x20,0x73,0x75,0x72,0x20,
  0x6c,0x65,0x20,0x63,0x6c,0x61,0x76,0x69,0x65,0x72,0x20,0x4d,0x49,0x44,0x49,0x2e,
  0x20,0x4c,0x27,0x45,0x50,0x54,0x20,0x73,0x79,0x6e,0x74,0x68,0xc3,0xa9,0x74,0x69,
  0x73,0x65,0x20,0x64,0x65,0x73,0x20,0x73,0x6f,0x6e,0x73,0x20,0x61,0x72,0x74,0x69,
  0x66,0x69,0x63,0x69,0x65,0x6c,0x73,0x20,0x73,0x65,0x6c,0x6f,0x6e,0x20,0x63,0x65,
  0x75,0x78,0x20,0x65,0x6e,0x72,0x65,0x67,0x69,0x73,0x74,0x72,0xc3,0xa9,0x73,0x2c,
  0x20,0x65,0x6e,0x20,0x70,0x72,0x65,0x6e,0x61,0x6e,0x74,0x20,0x65,0x6e,0x20,0x63,
  0x6f,0x6d,0x70,0x74,0x65,0x20,0x69,0x6e,0x68,0x61,0x72,0x6d,0x6f,0x6e,0x69,0x63,
  0x69,0x74,0xc3,0xa9,0x2e,0x20,0x53,0x69,0x20,0x76,0x6f,0x75,0x73,0x20,0x74,0x72,
  0x6f,0x75,0x76,0x65,0x7a,0x20,0x71,0x75,0x65,0x20,0x63,0x65,0x72,0x74,0x61,0x69,
  0x6e,0x65,0x73,0x20,0x74,0x6f,0x75,0x63,0x68,0x65,0x73,0x20,0x73,0x6f,0x6e,0x74,
  0x20,0x63,0x6c,0x61,0x69,0x72,0x65,0x6d,0x65,0x6e,0x74,0x20,0x64,0xc3,0xa9,0x73,
  0x61,0x63,0x63,0x6f,0x72,0x64,0xc3,0xa9,0x65,0x73,0x2c,0x20,0x76,0x6f,0x75,0x73,
  0x20,0x70,0x6f,0x75,0x76,0x65,0x7a,0x20,0x6c,0x65,0x73,0x20,0x63,0x6f,0x72,0x72,
  0x69,0x67,0x65,0x72,0x20,0x65,0x6e,0x20,0x64,0xc3,0xa9,0x70,0x6c,0x61,0xc3,0xa7,
  0x61,0x6e,0x74,0x20,0x6c,0x65,0x73,0x20,0x6d,0x61,0x72,0x71,0x75,0x65,0x75,0x72,
  0x73,0x20,0x76,0x65,0x72,0x74,0x73,0x20,0xc3,0xa0,0x20,0x6c,0x27,0x61,0x69,0x64,
  0x65,0x20,0x64,0x65,0x20,0x6c,0x61,0x20,0x73,0x6f,0x75,0x72,0x69,0x73,0x2e,0x3c,
  0x2f,0x70,0x3e,0xa,0x3c,0x70,0x20,0x6c,0x61,0x6e,0x67,0x3d,0x22,0x66,0x72,0x2d,
  0x46,0x52,0x22,0x3e,0x41,0x70,0x72,0xc3,0xa8,0x73,0x20,0x75,0x6e,0x20,0x63,0x61,
  0x6c,0x63,0x75,0x6c,0x20,0x72,0xc3,0xa9,0x75,0x73,0x73,0x69,0x2c,0x20,0x76,0x6f,
  0x75,0x73,0x20,0x64,0x65,0x76,0x72,0x69,0x65,0x7a,0x20,0xc3,0xa0,0x20,0x6e,0x6f,
  0x75,0x76,0x65,0x61,0x75,0x20,0x65,0x6e,0x72,0x65,0x67,0x69,0x73,0x74,0x72,0x65,
  0x72,0x20,0x76,0x6f,0x74,0x72,0x65,0x20,0x70,0x72,0x6f,0x6a,0x65,0x74,0x2e,0x3c,
  0x2f,0x70,0x3e,0xa,0x3c,0x70,0x20,0x6c,0x61,0x6e,0x67,0x3d,0x22,0x66,0x72,0x2d,
  0x46,0x52,0x22,0x20,0x73,0x74,0x79,0x6c,0x65,0x3d,0x22,0x6d,0x61,0x72,0x67,0x69,
  0x6e,0x2d,0x74,0x6f,0x70,0x3a,0x20,0x30,0x2e,0x34,0x32,0x63,0x6d,0x3b,0x20,0x70,
  0x61,0x67,0x65,0x2d,0x62,0x72,0x65,0x61,0x6b,0x2d,0x61,0x66,0x74,0x65,0x72,0x3a,
  0x20,0x61,0x76,0x6f,0x69,0x64,0x22,0x3e,0x3c,0x61,0x20,0x6e,0x61,0x6d,0x65,0x3d,
  0x22,0x74,0x75,0x6e,0x69,0x6e,0x67,0x22,0x3e,0x3c,0x2f,0x61,0x3e,0xa,0x3c,0x66,
  0x6f,0x6e,0x74,0x20,0x66,0x61,0x63,0x65,0x3d,0x22,0x41,0x6c,0x62,0x61,0x6e,0x79,
  0x2c,0x20,0x73,0x61,0x6e,0x73,0x2d,0x73,0x65,0x72,0x69,0x66,0x22,0x3e,0x3c,0x66,
  0x6f,0x6e,0x74,0x20,0x73,0x69,0x7a,0x65,0x3d,0x22,0x34,0x22,0x20,0x73,0x74,0x79,
  0x6c,0x65,0x3d,0x22,0x66,0x6f,0x6e,0x74,0x2d,0x73,0x69,0x7a,0x65,0x3a,0x20,0x31,
  0x34,0x70,0x74,0x22,0x3e,0x3c,0x62,0x3e,0x33,0x2e,0x20,0x41,0x63,0x63,0x6f,0x72,
  0x64,0x3c,0x2f,0x62,0x3e,0x3c,0x2f,0x66,0x6f,0x6e,0x74,0x3e,0x3c,0x2f,0x66,0x6f,
  0x6e,0x74,0x3e,0x3c,0x2f,0x70,0x3e,0xa,0x3c,0x70,0x20,0x6c,0x61,0x6e,0x67,0x3d,
  0x22,0x66,0x72,0x2d,0x46,0x52,0x22,0x3e,0x4d,0x61,0x69,0x6e,0x74,0x65,0x6e,0x61,
  0x6e,0x74,0x20,0x70,0x61,0x73,0x73,0x65,0x7a,0x20,0x61,0x75,0x20,0x6d,0x6f,0x64,
  0x65,0x20,0x64,0x27,0x61,0x63,0x63,0x6f,0x72,0x64,0x61,0x67,0x65,0x2e,0x20,0x49,
  0x63,0x69,0x20,0x6c,0x27,0x45,0x50,0x54,0x20,0x66,0x6f,0x6e,0x63,0x74,0x69,0x6f,
  0x6e,0x6e,0x65,0x20,0x64,0x65,0x20,0x6c,0x61,0x20,0x6d,0xc3,0xaa,0x6d,0x65,0x20,
  0x6d,0x61,0x6e,0x69,0xc3,0xa8,0x72,0x65,0x20,0x71,0x75,0x27,0x75,0x6e,0x20,0x64,
  0x69,0x73,0x70,0x6f,0x73,0x69,0x74,0x69,0x66,0x20,0x64,0x27,0x61,0x63,0x63,0x6f,
  0x72,0x64,0x20,0x6f,0x72,0x64,0x69,0x6e,0x61,0x69,0x72,0x65,0x2e,0x20,0x54,0x6f,
  0x75,0x74,0x65,0x66,0x6f,0x69,0x73,0x2c,0x20,0xc3,0xa9,0x74,0x61,0x6e,0x74,0x20,
  0x64,0x6f,0x6e,0x6e,0xc3,0xa9,0x20,0x71,0x75,0x65,0x20,0x6c,0x27,0x69,0x6e,0x68,
  0x61,0x72,0x6d,0x6f,0x6e,0x69,0x63,0x69,0x74,0xc3,0xa9,0x20,0x65,0x73,0x74,0x20,
  0x70,0x72,0x69,0x73,0x65,0x20,0x65,0x6e,0x20,0x63,0x6f,0x6d,0x70,0x74,0x65,0x2c,
  0x20,0x69,0x6c,0x20,0x6e,0x65,0x20,0x66,0x6f,0x6e,0x63,0x74,0x69,0x6f,0x6e,0x6e,
  0x65,0x20,0x71,0x75,0x27,0x61,0x76,0x65,0x63,0x20,0x6c,0x27,0x69,0x6e,0x73,0x74,
  0x72,0x75,0x6d,0x65,0x6e,0x74,0x20,0x71,0x75,0x69,0x20,0x61,0x20,0xc3,0xa9,0x74,
  0xc3,0xa9,0x20,0x65,0x6e,0x72,0x65,0x67,0x69,0x73,0x74,0x72,0xc3,0xa9,0x65,0x2e,
  0x3c,0x2f,0x70,0x3e,0xa,0x3c,0x70,0x20,0x6c,0x61,0x6e,0x67,0x3d,0x22,0x66,0x72,
  0x2d,0x46,0x52,0x22,0x3e,0x50,0x6f,0x75,0x72,0x20,0x61,0x63,0x63,0x6f,0x72,0x64,
  0x65,0x72,0x20,0x75,0x6e,0x65,0x20,0x63,0x6f,0x72,0x64,0x65,0x2c,0x20,0x73,0x69,
  0x6d,0x70,0x6c,0x65,0x6d,0x65,0x6e,0x74,0x20,0x65,0x73,0x73,0x61,0x79,0x65,0x7a,
  0x20,0x64,0x27,0x61,0x6d,0x65,0x6e,0x65,0x72,0x20,0x6c,0x65,0x20,0x6d,0x61,0x72,
  0x71,0x75,0x65,0x75,0x72,0x20,0x72,0x65,0x63,0x74,0x61,0x6e,0x67,0x75,0x6c,0x61,
  0x69,0x72,0x65,0x20,0x61,0x75,0x20,0x63,0x65,0x6e,0x74,0x72,0x65,0x20,0x64,0x61,
  0x6e,0x73,0x20,0x6c,0x61,0x20,0x66,0x65,0x6e,0xc3,0xaa,0x74,0x72,0x65,0x20,0x64,
  0x65,0x20,0x6c,0x27,0x61,0x6e,0x61,0x6c,0x79,0x73,0x65,0x75,0x72,0x2e,0x20,0x41,
  0x75,0x74,0x72,0x65,0x6d,0x65,0x6e,0x74,0x2c,0x20,0x65,0x73,0x73,0x61,0x79,0x65,
  0x7a,0x20,0x64,0x65,0x20,0x64,0xc3,0xa9,0x70,0x6c,0x61,0x63,0x65,0x72,0x20,0x6c,
  0x65,0x73,0x20,0x6d,0x61,0x72,0x71,0x75,0x65,0x75,0x72,0x73,0x20,0x72,0x6f,0x75,
  0x67,0x65,0x73,0x20,0x64,0x61,0x6e,0x73,0x20,0x6c,0x61,0x20,0x72,0xc3,0xa9,0x67,
  0x69,0x6f,0x6e,0x20,0x64,0x75,0x20,0x63,0x65,0x6e,0x74,0x72,0x65,0x20,0x71,0x75,
  0x69,0x20,0x65,0x73,0x74,0x20,0x6d,0x69,0x73,0x20,0x65,0x6e,0x20,0xc3,0xa9,0x76,
  0x69,0x64,0x65,0x6e,0x63,0x65,0x20,0x70,0x61,0x72,0x20,0x6c,0x61,0x20,0x63,0x6f,
  0x75,0x6c,0x65,0x75,0x72,0x20,0x76,0x65,0x72,0x74,0x65,0x2e,0x20,0x50,0x6f,0x75,
  0x72,0x20,0x6c,0x65,0x73,0x20,0x74,0x6f,0x75,0x63,0x68,0x65,0x73,0x20,0x61,0x76,
  0x65,0x63,0x20,0x70,0x6c,0x75,0x73,0x69,0x65,0x75,0x72,0x73,0x20,0x63,0x6f,0x72,
  0x64,0x65,0x73,0x20,0x70,0x61,0x72,0x20,0x6e,0x6f,0x74,0x65,0x2c,0x20,0x69,0x6c,
  0x20,0x65,0x73,0x74,0x20,0x72,0x65,0x63,0x6f,0x6d,0x6d,0x61,0x6e,0x64,0xc3,0xa9,
  0x20,0x64,0x65,0x20,0x63,0x6f,0x6d,0x6d,0x65,0x6e,0x63,0x65,0x72,0x20,0x70,0x61,
  0x72,0x20,0x6c,0x27,0x75,0x6e,0x65,0x20,0x64,0x27,0x65,0x6e,0x74,0x72,0x65,0x20,
  0x65,0x6c,0x6c,0x65,0x73,0x2c,0x20,0x70,0x75,0x69,0x73,0x20,0x64,0x65,0x20,0x72,
  0xc3,0xa9,0x67,0x6c,0x65,0x72,0x20,0x6c,0x65,0x73,0x20,0x61,0x75,0x74,0x72,0x65,
  0x73,0x20,0xc3,0xa0,0x20,0x6c,0x27,0x6f,0x72,0x65,0x69,0x6c,0x6c,0x65,0x20,0x70,
  0x61,0x72,0x20,0x72,0x61,0x70,0x70,0x6f,0x72,0x74,0x20,0xc3,0xa0,0x20,0x6c,0x61,
  0x20,0x70,0x72,0x65,0x6d,0x69,0xc3,0xa8,0x72,0x65,0x2e,0x3c,0x2f,0x70,0x3e,0xa,
  0x3c,0x70,0x20,0x6c,0x61,0x6e,0x67,0x3d,0x22,0x66,0x72,0x2d,0x46,0x52,0x22,0x3e,
  0x44,0x61,0x6e,0x73,0x20,0x6c,0x65,0x20,0x6d,0x6f,0x64,0x65,0x20,0x64,0x65,0x20,
  0x72,0xc3,0xa9,0x67,0x6c,0x61,0x67,0x65,0x20,0x64,0x65,0x20,0x6c,0x27,0x45,0x50,
  0x54,0x20,0x72,0x65,0x63,0x6f,0x6e,0x6e,0x61,0xc3,0xae,0x74,0x20,0x6c,0x61,0x20,
  0x74,0x6f,0x75,0x63,0x68,0x65,0x20,0x61,0x63,0x63,0x6f,0x72,0x64,0xc3,0xa9,0x65,
  0x20,0x61,0x75,0x74,0x6f,0x6d,0x61,0x74,0x69,0x71,0x75,0x65,0x6d,0x65,0x6e,0x74,
  0x2e,0x20,0x45,0x6e,0x20,0x6d,0xc3,0xaa,0x6d,0x65,0x20,0x74,0x65,0x6d,0x70,0x73,
  0x2c,0x20,0x75,0x6e,0x20,0x73,0x6f,0x6e,0x20,0x64,0x65,0x20,0x73,0x79,0x6e,0x74,
  0x68,0xc3,0xa8,0x73,0x65,0x20,0x65,0x73,0x74,0x20,0x67,0xc3,0xa9,0x6e,0xc3,0xa9,
  0x72,0xc3,0xa9,0x20,0x64,0x61,0x6e,0x73,0x20,0x6c,0x65,0x20,0x63,0x61,0x73,0x71,
  0x75,0x65,0x20,0x71,0x75,0x69,0x20,0x64,0x65,0x76,0x72,0x61,0x69,0x74,0x20,0x63,
  0x6f,0xc3,0xaf,0x6e,0x63,0x69,0x64,0x65,0x72,0x20,0x61,0x76,0x65,0x63,0x20,0x6c,
  0x65,0x20,0x73,0x6f,0x6e,0x20,0x64,0x65,0x20,0x6c,0x61,0x20,0x63,0x6f,0x72,0x64,
  0x65,0x2e,0x20,0x4c,0xc3,0xa0,0x20,0x65,0x6e,0x63,0x6f,0x72,0x65,0x2c,0x20,0x69,
  0x6c,0x20,0x65,0x73,0x74,0x20,0x70,0x6f,0x73,0x73,0x69,0x62,0x6c,0x65,0x20,0x64,
  0x65,0x20,0x73,0xc3,0xa9,0x6c,0x65,0x63,0x74,0x69,0x6f,0x6e,0x6e,0x65,0x72,0x20,
  0x75,0x6e,0x65,0x20,0x74,0x6f,0x75,0x63,0x68,0x65,0x20,0x70,0x61,0x72,0x74,0x69,
  0x63,0x75,0x6c,0x69,0xc3,0xa8,0x72,0x65,0x20,0x65,0x74,0x20,0x64,0x65,0x20,0x66,
  0x6f,0x72,0x63,0x65,0x72,0x20,0x73,0x61,0x20,0x72,0x65,0x63,0x6f,0x6e,0x6e,0x61,
  0x69,0x73,0x73,0x61,0x6e,0x63,0x65,0x2e,0x3c,0x2f,0x70,0x3e,0xa,0x3c,0x70,0x20,
  0x6c,0x61,0x6e,0x67,0x3d,0x22,0x66,0x72,0x2d,0x46,0x52,0x22,0x20,0x73,0x74,0x79,
  0x6c,0x65,0x3d,0x22,0x6d,0x61,0x72,0x67,0x69,0x6e,0x2d,0x74,0x6f,0x70,0x3a,0x20,
  0x30,0x2e,0x34,0x32,0x63,0x6d,0x3b,0x20,0x70,0x61,0x67,0x65,0x2d,0x62,0x72,0x65,
  0x61,0x6b,0x2d,0x61,0x66,0x74,0x65,0x72,0x3a,0x20,0x61,0x76,0x6f,0x69,0x64,0x22,
  0x3e,0x3c,0x61,0x20,0x6e,0x61,0x6d,0x65,0x3d,0x22,0x6c,0x69,0x63,0x65,0x6e,0x73,
  0x65,0x22,0x3e,0x3c,0x2f,0x61,0x3e,0xa,0x3c,0x66,0x6f,0x6e,0x74,0x20,0x66,0x61,
  0x63,0x65,0x3d,0x22,0x41,0x6c,0x62,0x61,0x6e,0x79,0x2c,0x20,0x73,0x61,0x6e,0x73,
  0x2d,0x73,0x65,0x72,0x69,0x66,0x22,0x3e,0x3c,0x66,0x6f,0x6e,0x74,0x20,0x73,0x69,
  0x7a,0x65,0x3d,0x22,0x34,0x22,0x20,0x73,0x74,0x79,0x6c,0x65,0x3d,0x22,0x66,0x6f,
  0x6e,0x74,0x2d,0x73,0x69,0x7a,0x65,0x3a,0x20,0x31,0x34,0x70,0x74,0x22,0x3e,0x3c,
  0x62,0x3e,0x4c,0x69,0x63,0x65,0x6e,0x63,0x65,0x20,0x2f,0x20,0x41,0x76,0x65,0x72,
  0x74,0x69,0x73,0x73,0x65,0x6d,0x65,0x6e,0x74,0x3c,0x2f,0x62,0x3e,0x3c,0x2f,0x66,
  0x6f,0x6e,0x74,0x3e,0x3c,0x2f,0x66,0x6f,0x6e,0x74,0x3e,0x3c,0x2f,0x70,0x3e,0xa,
  0x3c,0x70,0x3e,0x3c,0x73,0x70,0x61,0x6e,0x20,0x6c,0x61,0x6e,0x67,0x3d,0x22,0x66,
  0x72,0x2d,0x46,0x52,0x22,0x3e,0x4c,0x65,0x20,0x45,0x6e,0x74,0x72,0x6f,0x70,0x79,
  0x20,0x50,0x69,0x61,0x6e,0x6f,0x20,0x54,0x75,0x6e,0x65,0x72,0x20,0x65,0x73,0x74,
  0x20,0x63,0x6f,0x6d,0x70,0x6c,0xc3,0xa8,0x74,0x65,0x6d,0x65,0x6e,0x74,0x20,0x3c,
  0x62,0x3e,0x67,0x72,0x61,0x74,0x75,0x69,0x74,0x3c,0x2f,0x62,0x3e,0x20,0x65,0x74,
  0x20,0x70,0x65,0x75,0x74,0x20,0xc3,0xaa,0x74,0x72,0x65,0x20,0x75,0x74,0x69,0x6c,
  0x69,0x73,0xc3,0xa9,0x20,0x70,0x6f,0x75,0x72,0x20,0x75,0x6e,0x20,0x75,0x73,0x61,
  0x67,0x65,0x20,0x70,0x72,0x69,0x76,0xc3,0xa9,0x20,0x61,0x69,0x6e,0x73,0x69,0x20,
  0x71,0x75,0x27,0xc3,0xa0,0x20,0x64,0x65,0x73,0x20,0x66,0x69,0x6e,0x73,0x20,0x70,
  0x72,0x6f,0x66,0x65,0x73,0x73,0x69,0x6f,0x6e,0x6e,0x65,0x6c,0x6c,0x65,0x73,0x2e,
  0xa,0x49,0x6c,0x20,0x65,0x73,0x74,0x20,0x70,0x75,0x62,0x6c,0x69,0xc3,0xa9,0x20,
  0x63,0x6f,0x6d,0x6d,0x65,0x20,0x75,0x6e,0x20,0x3c,0x73,0x70,0x61,0x6e,0x20,0x73,
  0x74,0x79,0x6c,0x65,0x3d,0x22,0x66,0x6f,0x6e,0x74,0x2d,0x77,0x65,0x69,0x67,0x68,
  0x74,0x3a,0x20,0x6e,0x6f,0x72,0x6d,0x61,0x6c,0x22,0x3e,0x6c,0x6f,0x67,0x69,0x63,
  0x69,0x65,0x6c,0x20,0x6c,0x69,0x62,0x72,0x65,0x3c,0x2f,0x73,0x70,0x61,0x6e,0x3e,
  0x20,0x73,0x6f,0x75,0x73,0x20,0x6c,0x61,0x20,0x3c,0x61,0x20,0x68,0x72,0x65,0x66,
  0x3d,0x22,0x68,0x74,0x74,0x70,0x73,0x3a,0x2f,0x2f,0x67,0x6e,0x75,0x2e,0x6f,0x72,
  0x67,0x2f,0x6c,0x69,0x63,0x65,0x6e,0x73,0x65,0x73,0x2f,0x67,0x70,0x6c,0x2e,0x68,
  0x74,0x6d,0x6c,0x22,0x3e,0x6c,0x69,0x63,0x65,0x6e,0x63,0x65,0x20,0x47,0x4e,0x55,
  0x2d,0x47,0x50,0x4c,0x3c,0x2f,0x61,0x3e,0x2e,0x3c,0x2f,0x73,0x70,0x61,0x6e,0x3e,
  0xa,0x3c,0x66,0x6f,0x6e,0x74,0x20,0x63,0x6f,0x6c,0x6f,0x72,0x3d,0x22,0x23,0x38,
  0x30,0x30,0x30,0x30,0x30,0x22,0x3e,0x3c,0x73,0x70,0x61,0x6e,0x20,0x6c,0x61,0x6e,
  0x67,0x3d,0x22,0x66,0x72,0x2d,0x46,0x52,0x22,0x3e,0x3c,0x62,0x3e,0x4e,0x6f,0x75,
  0x73,0x20,0x74,0x65,0x6e,0x6f,0x6e,0x73,0x20,0xc3,0xa0,0x20,0x73,0x6f,0x75,0x6c,
  0x69,0x67,0x6e,0x65,0x72,0x20,0x71,0x75,0x65,0x20,0x6c,0x27,0x61,0x63,0x63,0x6f,
  0x72,0x64,0x61,0x67,0x65,0x20,0x64,0x65,0x20,0x70,0x69,0x61,0x6e,0x6f,0x73,0x20,
  0x65,0x73,0x74,0x20,0x75,0x6e,0x65,0x20,0x74,0xc3,0xa2,0x63,0x68,0x65,0x20,0x74,
  0x72,0xc3,0xa8,0x73,0x20,0x73,0x6f,0x70,0x68,0x69,0x73,0x74,0x69,0x71,0x75,0xc3,
  0xa9,0x20,0x71,0x75,0x69,0x20,0x6e,0xc3,0xa9,0x63,0x65,0x73,0x73,0x69,0x74,0x65,
  0x20,0x64,0x65,0x20,0x6e,0x6f,0x6d,0x62,0x72,0x65,0x75,0x73,0x65,0x73,0x20,0x61,
  0x6e,0x6e,0xc3,0xa9,0x65,0x73,0x20,0x64,0x65,0x20,0x66,0x6f,0x72,0x6d,0x61,0x74,
  0x69,0x6f,0x6e,0x20,0x70,0x72,0x6f,0x66,0x65,0x73,0x73,0x69,0x6f,0x6e,0x6e,0x65,
  0x6c,0x6c,0x65,0x20,0x63,0x6f,0x6d,0x70,0x6c,0xc3,0xa8,0x74,0x65,0x2e,0x20,0x4c,
  0x27,0x61,0x63,0x63,0x6f,0x72,0x64,0x20,0x69,0x6e,0x63,0x6f,0x72,0x72,0x65,0x63,
  0x74,0x20,0x70,0x65,0x75,0x74,0x20,0x63,0x61,0x75,0x73,0x65,0x72,0x20,0x64,0x65,
  0x73,0x20,0x64,0x6f,0x6d,0x6d,0x61,0x67,0x65,0x73,0x20,0x67,0x72,0x61,0x76,0x65,
  0x73,0x20,0xc3,0xa0,0x20,0x76,0x6f,0x74,0x72,0x65,0x20,0x69,0x6e,0x73,0x74,0x72,
  0x75,0x6d,0x65,0x6e,0x74,0x2e,0x20,0x53,0x27,0x69,0x6c,0x20,0x76,0x6f,0x75,0x73,
  0x20,0x70,0x6c,0x61,0xc3,0xae,0x74,0x20,0x6e,0x6f,0x74,0x65,0x72,0x20,0x71,0x75,
  0x65,0x20,0x76,0x6f,0x75,0x73,0x20,0x75,0x74,0x69,0x6c,0x69,0x73,0x65,0x7a,0x20,
  0x63,0x65,0x20,0x70,0x72,0x6f,0x67,0x72,0x61,0x6d,0x6d,0x65,0x20,0xc3,0xa0,0x20,
  0x76,0x6f,0x73,0x20,0x70,0x72,0x6f,0x70,0x72,0x65,0x73,0x20,0x72,0x69,0x73,0x71,
  0x75,0x65,0x73,0x2e,0x3c,0x2f,0x62,0x3e,0x3c,0x2f,0x73,0x70,0x61,0x6e,0x3e,0x3c,
  0x2f,0x66,0x6f,0x6e,0x74,0x3e,0xa,0x3c,0x2f,0x70,0x3e,0xa,0x3c,0x70,0x20,0x6c,
  0x61,0x6e,0x67,0x3d,0x22,0x66,0x72,0x2d,0x46,0x52,0x22,0x20,0x73,0x74,0x79,0x6c,
  0x65,0x3d,0x22,0x6d,0x61,0x72,0x67,0x69,0x6e,0x2d,0x74,0x6f,0x70,0x3a,0x20,0x30,
  0x2e,0x34,0x32,0x63,0x6d,0x3b,0x20,0x70,0x61,0x67,0x65,0x2d,0x62,0x72,0x65,0x61,
  0x6b,0x2d,0x61,0x66,0x74,0x65,0x72,0x3a,0x20,0x61,0x76,0x6f,0x69,0x64,0x22,0x3e,
  0x3c,0x66,0x6f,0x6e,0x74,0x20,0x66,0x61,0x63,0x65,0x3d,0x22,0x41,0x6c,0x62,0x61,
  0x6e,0x79,0x2c,0x20,0x73,0x61,0x6e,0x73,0x2d,0x73,0x65,0x72,0x69,0x66,0x22,0x3e,
  0x3c,0x66,0x6f,0x6e,0x74,0x20,0x73,0x69,0x7a,0x65,0x3d,0x22,0x34,0x22,0x20,0x73,
  0x74,0x79,0x6c,0x65,0x3d,0x22,0x66,0x6f,0x6e,0x74,0x2d,0x73,0x69,0x7a,0x65,0x3a,
  0x20,0x31,0x34,0x70,0x74,0x22,0x3e,0x3c,0x62,0x3e,0x43,0x6f,0x6d,0x6d,0x65,0x6e,
  0x74,0x61,0x69,0x72,0x65,0x73,0x3c,0x2f,0x62,0x3e,0x3c,0x2f,0x66,0x6f,0x6e,0x74,
  0x3e,0x3c,0x2f,0x66,0x6f,0x6e,0x74,0x3e,0x3c,0x2f,0x70,0x3e,0xa,0x3c,0x70,0x3e,
  0x3c,0x73,0x70,0x61,0x6e,0x20,0x6c,0x61,0x6e,0x67,0x3d,0x22,0x66,0x72,0x2d,0x46,
  0x52,0x22,0x3e,0xa,0x53,0x69,0x20,0x76,0x6f,0x75,0x73,0x20,0x61,0x76,0x65,0x7a,
  0x20,0x64,0x65,0x73,0x20,0x71,0x75,0x65,0x73,0x74,0x69,0x6f,0x6e,0x73,0x20,0x6f,
  0x75,0x20,0x64,0x65,0x73,0x20,0x63,0x6f,0x6d,0x6d,0x65,0x6e,0x74,0x61,0x69,0x72,
  0x65,0x73,0x20,0x73,0x27,0x69,0x6c,0x20,0x76,0x6f,0x75,0x73,0x20,0x70,0x6c,0x61,
  0xc3,0xae,0x74,0x20,0x65,0x6e,0x76,0x6f,0x79,0x65,0x7a,0x2d,0x6e,0x6f,0x75,0x73,
  0x20,0x75,0x6e,0x20,0x65,0x2d,0x6d,0x61,0x69,0x6c,0x20,0xc3,0xa0,0x20,0x3c,0x62,
  0x3e,0x69,0x6e,0x66,0x6f,0x20,0x61,0x74,0x20,0x70,0x69,0x61,0x6e,0x6f,0x2d,0x74,
  0x75,0x6e,0x65,0x72,0x2e,0x6f,0x72,0x67,0x3c,0x2f,0x62,0x3e,0x3c,0x73,0x70,0x61,
  0x6e,0x20,0x73,0x74,0x79,0x6c,0x65,0x3d,0x22,0x66,0x6f,0x6e,0x74,0x2d,0x77,0x65,
  0x69,0x67,0x68,0x74,0x3a,0x20,0x6e,0x6f,0x72,0x6d,0x61,0x6c,0x22,0x3e,0x20,0x6f,
  0x75,0x20,0x75,0x74,0x69,0x6c,0x69,0x73,0x65,0x7a,0x20,0x6c,0x65,0x20,0x3c,0x61,
  0x20,0x68,0x72,0x65,0x66,0x3d,0x22,0x68,0x74,0x74,0x70,0x3a,0x2f,0x2f,0x70,0x69,
  0x61,0x6e,0x6f,0x2d,0x74,0x75,0x6e,0x65,0x72,0x2e,0x6f,0x72,0x67,0x2f,0x66,0x72,
  0x2f,0x63,0x6f,0x6e,0x74,0x61,0x63,0x74,0x22,0x3e,0x66,0x6f,0x72,0x6d,0x75,0x6c,
  0x61,0x69,0x72,0x65,0x20,0x64,0x65,0x20,0x63,0x6f,0x6e,0x74,0x61,0x63,0x74,0x3c,
  0x2f,0x61,0x3e,0x20,0x73,0x75,0x72,0x20,0x6e,0x6f,0x74,0x72,0x65,0x20,0x73,0x69,
  0x74,0x65,0x20,0x77,0x65,0x62,0x2e,0x3c,0x2f,0x73,0x70,0x61,0x6e,0x3e,0x3c,0x2f,
  0x73,0x70,0x61,0x6e,0x3e,0x3c,0x2f,0x70,0x3e,0xa,0x3c,0x62,0x72,0x2f,0x3e,0xa,
  0x3c,0x62,0x72,0x2f,0x3e,0xa,0x3c,0x2f,0x62,0x6f,0x64,0x79,0x3e,0xa,0x3c,0x2f,
  0x68,0x74,0x6d,0x6c,0x3e,0xa,
    // tutorial_de.html
  0x0,0x0,0x30,0x6e,
  0x3c,
  0x21,0x44,0x4f,0x43,0x54,0x59,0x50,0x45,0x20,0x48,0x54,0x4d,0x4c,0x20,0x50,0x55,
  0x42,0x4c,0x49,0x43,0x20,0x22,0x2d,0x2f,0x2f,0x57,0x33,0x43,0x2f,0x2f,0x44,0x54,
  0x44,0x20,0x48,0x54,0x4d,0x4c,0x20,0x34,0x2e,0x30,0x20,0x54,0x72,0x61,0x6e,0x73,
  0x69,0x74,0x69,0x6f,0x6e,0x61,0x6c,0x2f,0x2f,0x45,0x4e,0x22,0x3e,0xa,0x3c,0x68,
  0x74,0x6d,0x6c,0x3e,0xa,0x3c,0x68,0x65,0x61,0x64,0x3e,0xa,0x9,0x3c,0x6d,0x65,
  0x74,0x61,0x20,0x68,0x74,0x74,0x70,0x2d,0x65,0x71,0x75,0x69,0x76,0x3d,0x22,0x63,
  0x6f,0x6e,0x74,0x65,0x6e,0x74,0x2d,0x74,0x79,0x70,0x65,0x22,0x20,0x63,0x6f,0x6e,
  0x74,0x65,0x6e,0x74,0x3d,0x22,0x74,0x65,0x78,0x74,0x2f,0x68,0x74,0x6d,0x6c,0x3b,
  0x20,0x63,0x68,0x61,0x72,0x73,0x65,0x74,0x3d,0x75,0x74,0x66,0x2d,0x38,0x22,0x2f,
  0x3e,0xa,0x9,0x3c,0x74,0x69,0x74,0x6c,0x65,0x3e,0x3c,0x2f,0x74,0x69,0x74,0x6c,
  0x65,0x3e,0xa,0x9,0x3c,0x6d,0x65,0x74,0x61,0x20,0x6e,0x61,0x6d,0x65,0x3d,0x22,
  0x67,0x65,0x6e,0x65,0x72,0x61,0x74,0x6f,0x72,0x22,0x20,0x63,0x6f,0x6e,0x74,0x65,
  0x6e,0x74,0x3d,0x22,0x4c,0x69,0x62,0x72,0x65,0x4f,0x66,0x66,0x69,0x63,0x65,0x20,
  0x34,0x2e,0x33,0x2e,0x37,0x2e,0x32,0x20,0x28,0x4c,0x69,0x6e,0x75,0x78,0x29,0x22,
  0x2f,0x3e,0xa,0x9,0x3c,0x6d,0x65,0x74,0x61,0x20,0x6e,0x61,0x6d,0x65,0x3d,0x22,
  0x63,0x72,0x65,0x61,0x74,0x65,0x64,0x22,0x20,0x63,0x6f,0x6e,0x74,0x65,0x6e,0x74,
  0x3d,0x22,0x30,0x30,0x3a,0x30,0x30,0x3a,0x30,0x30,0x22,0x2f,0x3e,0xa,0x9,0x3c,
  0x6d,0x65,0x74,0x61,0x20,0x6e,0x61,0x6d,0x65,0x3d,0x22,0x63,0x68,0x61,0x6e,0x67,
  0x65,0x64,0x22,0x20,0x63,0x6f,0x6e,0x74,0x65,0x6e,0x74,0x3d,0x22,0x32,0x30,0x31,
  0x35,0x2d,0x30,0x37,0x2d,0x32,0x30,0x54,0x31,0x35,0x3a,0x31,0x30,0x3a,0x30,0x33,
  0x2e,0x30,0x32,0x30,0x33,0x39,0x33,0x34,0x34,0x30,0x22,0x2f,0x3e,0xa,0x9,0x3c,
  0x73,0x74,0x79,0x6c,0x65,0x20,0x74,0x79,0x70,0x65,0x3d,0x22,0x74,0x65,0x78,0x74,
  0x2f,0x63,0x73,0x73,0x22,0x3e,0xa,0x9,0x9,0x74,0x64,0x20,0x70,0x20,0x7b,0x20,
  0x63,0x6f,0x6c,0x6f,0x72,0x3a,0x20,0x23,0x30,0x30,0x30,0x30,0x30,0x30,0x20,0x7d,
  0xa,0x9,0x9,0x68,0x31,0x20,0x7b,0x20,0x63,0x6f,0x6c,0x6f,0x72,0x3a,0x20,0x23,
  0x30,0x30,0x30,0x30,0x30,0x30,0x20,0x7d,0xa,0x9,0x9,0x70,0x20,0x7b,0x20,0x63,
  0x6f,0x6c,0x6f,0x72,0x3a,0x20,0x23,0x30,0x30,0x30,0x30,0x30,0x30,0x20,0x7d,0xa,
  0x9,0x3c,0x2f,0x73,0x74,0x79,0x6c,0x65,0x3e,0xa,0x3c,0x2f,0x68,0x65,0x61,0x64,
  0x3e,0xa,0x3c,0x62,0x6f,0x64,0x79,0x20,0x6c,0x61,0x6e,0x67,0x3d,0x22,0x64,0x65,
  0x2d,0x44,0x45,0x22,0x20,0x74,0x65,0x78,0x74,0x3d,0x22,0x23,0x30,0x30,0x30,0x30,
  0x30,0x30,0x22,0x20,0x64,0x69,0x72,0x3d,0x22,0x6c,0x74,0x72,0x22,0x20,0x73,0x74,
  0x79,0x6c,0x65,0x3d,0x22,0x62,0x61,0x63,0x6b,0x67,0x72,0x6f,0x75,0x6e,0x64,0x3a,
  0x20,0x74,0x72,0x61,0x6e,0x73,0x70,0x61,0x72,0x65,0x6e,0x74,0x22,0x3e,0xa,0x3c,
  0x68,0x31,0x20,0x61,0x6c,0x69,0x67,0x6e,0x3d,0x22,0x63,0x65,0x6e,0x74,0x65,0x72,
  0x22,0x3e,0x3c,0x69,0x3e,0x45,0x6e,0x74,0x72,0x6f,0x70,0x69,0x65,0x2d,0x50,0x69,
  0x61,0x6e,0x6f,0x2d,0x54,0x75,0x6e,0x65,0x72,0x3c,0x2f,0x69,0x3e,0x3c,0x2f,0x68,
  0x31,0x3e,0xa,0x3c,0x70,0x20,0x61,0x6c,0x69,0x67,0x6e,0x3d,0x22,0x63,0x65,0x6e,
  0x74,0x65,0x72,0x22,0x3e,0x3c,0x66,0x6f,0x6e,0x74,0x20,0x63,0x6f,0x6c,0x6f,0x72,
  0x3d,0x22,0x23,0x38,0x30,0x30,0x30,0x30,0x30,0x22,0x3e,0x3c,0x66,0x6f,0x6e,0x74,
  0x20,0x73,0x69,0x7a,0x65,0x3d,0x22,0x34,0x22,0x20,0x73,0x74,0x79,0x6c,0x65,0x3d,
  0x22,0x66,0x6f,0x6e,0x74,0x2d,0x73,0x69,0x7a,0x65,0x3a,0x20,0x31,0x34,0x70,0x74,
  0x22,0x3e,0x3c,0x69,0x3e,0x3c,0x62,0x3e,0x53,0x63,0x68,0x6e,0x65,0x6c,0x6c,0x65,
  0x69,0x6e,0x73,0x74,0x69,0x65,0x67,0x3c,0x2f,0x62,0x3e,0x3c,0x2f,0x69,0x3e,0x3c,
  0x2f,0x66,0x6f,0x6e,0x74,0x3e,0x3c,0x2f,0x66,0x6f,0x6e,0x74,0x3e,0x3c,0x2f,0x70,
  0x3e,0xa,0x3c,0x70,0x20,0x61,0x6c,0x69,0x67,0x6e,0x3d,0x22,0x63,0x65,0x6e,0x74,
  0x65,0x72,0x22,0x3e,0x3c,0x69,0x3e,0x57,0x69,0x6c,0x6c,0x6b,0x6f,0x6d,0x6d,0x65,
  0x6e,0x20,0x62,0x65,0x69,0x6d,0x20,0x65,0x6e,0x74,0x72,0x6f,0x70,0x69,0x65,0x62,
  0x61,0x73,0x69,0x65,0x72,0x74,0x65,0x6e,0xa,0x4b,0x6c,0x61,0x76,0x69,0x65,0x72,
  0x73,0x74,0x69,0x6d,0x6d,0x65,0x6e,0x2e,0x20,0x4d,0x69,0x74,0x20,0x64,0x65,0x6d,
  0x20,0x45,0x6e,0x74,0x72,0x6f,0x70,0x79,0x2d,0x50,0x69,0x61,0x6e,0x6f,0x2d,0x54,
  0x75,0x6e,0x65,0x72,0x20,0x28,0x45,0x50,0x54,0x29,0x20,0x6b,0xc3,0xb6,0x6e,0x6e,
  0x65,0x6e,0x20,0x53,0x69,0x65,0x20,0x65,0x69,0x6e,0xa,0x3c,0x61,0x20,0x68,0x72,
  0x65,0x66,0x3d,0x22,0x68,0x74,0x74,0x70,0x3a,0x2f,0x2f,0x77,0x77,0x77,0x2e,0x73,
  0x62,0x66,0x69,0x73,0x69,0x63,0x61,0x2e,0x6f,0x72,0x67,0x2e,0x62,0x72,0x2f,0x72,
  0x62,0x65,0x66,0x2f,0x70,0x64,0x66,0x2f,0x33,0x34,0x32,0x33,0x30,0x31,0x2e,0x70,
  0x64,0x66,0x22,0x3e,0x6e,0x65,0x75,0x65,0x73,0xa,0x65,0x6c,0x65,0x6b,0x74,0x72,
  0x6f,0x6e,0x69,0x73,0x63,0x68,0x65,0x73,0x20,0x56,0x65,0x72,0x66,0x61,0x68,0x72,
  0x65,0x6e,0x3c,0x2f,0x61,0x3e,0x20,0x7a,0x75,0x6d,0x20,0x53,0x74,0x69,0x6d,0x6d,
  0x65,0x6e,0x20,0x76,0x6f,0x6e,0x20,0x4b,0x6c,0x61,0x76,0x69,0x65,0x72,0x65,0x6e,
  0x20,0x74,0x65,0x73,0x74,0x65,0x6e,0x2c,0x20,0x6d,0x69,0x74,0xa,0x64,0x65,0x72,
  0x20,0x64,0x69,0x65,0x20,0x55,0x6e,0x6f,0x72,0x64,0x6e,0x75,0x6e,0x67,0x20,0x28,
  0x45,0x6e,0x74,0x72,0x6f,0x70,0x69,0x65,0x29,0x20,0x64,0x65,0x72,0x20,0x46,0x72,
  0x65,0x71,0x75,0x65,0x6e,0x7a,0x73,0x70,0x65,0x6b,0x74,0x72,0x65,0x6e,0x20,0x6d,
  0x69,0x6e,0x69,0x6d,0x69,0x65,0x72,0x74,0x20,0x77,0x69,0x72,0x64,0x2e,0xa,0x44,
  0x69,0x65,0x73,0x65,0x20,0x4b,0x75,0x72,0x7a,0x61,0x6e,0x6c,0x65,0x69,0x74,0x75,
  0x6e,0x67,0x20,0x73,0x6f,0x6c,0x6c,0x20,0x53,0x69,0x65,0x20,0x6d,0x69,0x74,0x20,
  0x64,0x65,0x6e,0x20,0x77,0x69,0x63,0x68,0x74,0x69,0x67,0x73,0x74,0x65,0x6e,0x20,
  0x46,0x75,0x6e,0x6b,0x74,0x69,0x6f,0x6e,0x65,0x6e,0x20,0x76,0x65,0x72,0x74,0x72,
  0x61,0x75,0x74,0xa,0x6d,0x61,0x63,0x68,0x65,0x6e,0x2e,0x20,0x41,0x75,0x73,0x66,
  0xc3,0xbc,0x68,0x72,0x6c,0x69,0x63,0x68,0x65,0x20,0x49,0x6e,0x66,0x6f,0x72,0x6d,
  0x61,0x74,0x69,0x6f,0x6e,0x65,0x6e,0x20,0x66,0x69,0x6e,0x64,0x65,0x6e,0x20,0x53,
  0x69,0x65,0x20,0x69,0x6e,0x20,0x64,0x65,0x72,0xa,0x3c,0x61,0x20,0x68,0x72,0x65,
  0x66,0x3d,0x22,0x68,0x74,0x74,0x70,0x3a,0x2f,0x2f,0x64,0x6f,0x77,0x6e,0x6c,0x6f,
  0x61,0x64,0x2e,0x70,0x69,0x61,0x6e,0x6f,0x2d,0x74,0x75,0x6e,0x65,0x72,0x2e,0x6f,
  0x72,0x67,0x2f,0x52,0x65,0x73,0x6f,0x75,0x72,0x63,0x65,0x73,0x2f,0x50,0x75,0x62,
  0x6c,0x69,0x63,0x2f,0x44,0x6f,0x63,0x75,0x6d,0x65,0x6e,0x74,0x61,0x74,0x69,0x6f,
  0x6e,0x2f,0x6d,0x61,0x6e,0x75,0x61,0x6c,0x5f,0x64,0x65,0x2e,0x70,0x64,0x66,0x22,
  0x3e,0x42,0x65,0x64,0x69,0x65,0x6e,0x75,0x6e,0x67,0x73,0x61,0x6e,0x6c,0x65,0x69,
  0x74,0x75,0x6e,0x67,0x3c,0x2f,0x61,0x3e,0x2e,0x3c,0x2f,0x69,0x3e,0x3c,0x2f,0x70,
  0x3e,0xa,0x3c,0x68,0x72,0x2f,0x3e,0xa,0xa,0x3c,0x74,0x61,0x62,0x6c,0x65,0x20,
  0x77,0x69,0x64,0x74,0x68,0x3d,0x22,0x31,0x30,0x30,0x25,0x22,0x20,0x63,0x65,0x6c,
  0x6c,0x70,0x61,0x64,0x64,0x69,0x6e,0x67,0x3d,0x22,0x38,0x22,0x20,0x63,0x65,0x6c,
  0x6c,0x73,0x70,0x61,0x63,0x69,0x6e,0x67,0x3d,0x22,0x30,0x22,0x3e,0xa,0x9,0x3c,
  0x63,0x6f,0x6c,0x20,0x77,0x69,0x64,0x74,0x68,0x3d,0x22,0x36,0x34,0x2a,0x22,0x3e,
  0xa,0x9,0x3c,0x63,0x6f,0x6c,0x20,0x77,0x69,0x64,0x74,0x68,0x3d,0x22,0x36,0x34,
  0x2a,0x22,0x3e,0xa,0x9,0x3c,0x63,0x6f,0x6c,0x20,0x77,0x69,0x64,0x74,0x68,0x3d,
  0x22,0x36,0x34,0x2a,0x22,0x3e,0xa,0x9,0x3c,0x63,0x6f,0x6c,0x20,0x77,0x69,0x64,
  0x74,0x68,0x3d,0x22,0x36,0x34,0x2a,0x22,0x3e,0xa,0x9,0x3c,0x74,0x72,0x20,0x76,
  0x61,0x6c,0x69,0x67,0x6e,0x3d,0x22,0x74,0x6f,0x70,0x22,0x3e,0xa,0x9,0x9,0x3c,
  0x74,0x64,0x20,0x77,0x69,0x64,0x74,0x68,0x3d,0x22,0x32,0x35,0x25,0x22,0x20,0x73,
  0x74,0x79,0x6c,0x65,0x3d,0x22,0x62,0x6f,0x72,0x64,0x65,0x72,0x3a,0x20,0x6e,0x6f,
  0x6e,0x65,0x3b,0x20,0x70,0x61,0x64,0x64,0x69,0x6e,0x67,0x3a,0x20,0x30,0x63,0x6d,
  0x22,0x3e,0xa,0x9,0x9,0x9,0x3c,0x70,0x20,0x61,0x6c,0x69,0x67,0x6e,0x3d,0x22,
  0x63,0x65,0x6e,0x74,0x65,0x72,0x22,0x20,0x73,0x74,0x79,0x6c,0x65,0x3d,0x22,0x6d,
  0x61,0x72,0x67,0x69,0x6e,0x2d,0x74,0x6f,0x70,0x3a,0x20,0x30,0x2e,0x31,0x63,0x6d,
  0x3b,0x20,0x62,0x61,0x63,0x6b,0x67,0x72,0x6f,0x75,0x6e,0x64,0x3a,0x20,0x74,0x72,
  0x61,0x6e,0x73,0x70,0x61,0x72,0x65,0x6e,0x74,0x22,0x3e,0xa,0x9,0x9,0x9,0x3c,
  0x61,0x20,0x68,0x72,0x65,0x66,0x3d,0x22,0x68,0x74,0x74,0x70,0x3a,0x2f,0x2f,0x77,
  0x77,0x77,0x2e,0x70,0x69,0x61,0x6e,0x6f,0x2d,0x74,0x75,0x6e,0x65,0x72,0x2e,0x6f,
  0x72,0x67,0x2f,0x22,0x20,0x74,0x61,0x72,0x67,0x65,0x74,0x3d,0x22,0x5f,0x74,0x6f,
  0x70,0x22,0x3e,0x3c,0x73,0x70,0x61,0x6e,0x20,0x73,0x74,0x79,0x6c,0x65,0x3d,0x22,
  0x74,0x65,0x78,0x74,0x2d,0x64,0x65,0x63,0x6f,0x72,0x61,0x74,0x69,0x6f,0x6e,0x3a,
  0x20,0x6e,0x6f,0x6e,0x65,0x22,0x3e,0x3c,0x62,0x3e,0x3c,0x73,0x70,0x61,0x6e,0x20,
  0x73,0x74,0x79,0x6c,0x65,0x3d,0x22,0x62,0x61,0x63,0x6b,0x67,0x72,0x6f,0x75,0x6e,
  0x64,0x3a,0x20,0x74,0x72,0x61,0x6e,0x73,0x70,0x61,0x72,0x65,0x6e,0x74,0x22,0x3e,
  0x48,0x6f,0x6d,0x65,0x70,0x61,0x67,0x65,0x3c,0x2f,0x73,0x70,0x61,0x6e,0x3e,0x3c,
  0x2f,0x62,0x3e,0x3c,0x2f,0x73,0x70,0x61,0x6e,0x3e,0x3c,0x2f,0x61,0x3e,0x3c,0x2f,
  0x70,0x3e,0xa,0x9,0x9,0x3c,0x2f,0x74,0x64,0x3e,0xa,0x9,0x9,0x3c,0x74,0x64,
  0x20,0x77,0x69,0x64,0x74,0x68,0x3d,0x22,0x32,0x35,0x25,0x22,0x20,0x73,0x74,0x79,
  0x6c,0x65,0x3d,0x22,0x62,0x6f,0x72,0x64,0x65,0x72,0x3a,0x20,0x6e,0x6f,0x6e,0x65,
  0x3b,0x20,0x70,0x61,0x64,0x64,0x69,0x6e,0x67,0x3a,0x20,0x30,0x63,0x6d,0x22,0x3e,
  0xa,0x9,0x9,0x9,0x3c,0x70,0x20,0x61,0x6c,0x69,0x67,0x6e,0x3d,0x22,0x63,0x65,
  0x6e,0x74,0x65,0x72,0x22,0x20,0x73,0x74,0x79,0x6c,0x65,0x3d,0x22,0x6d,0x61,0x72,
  0x67,0x69,0x6e,0x2d,0x74,0x6f,0x70,0x3a,0x20,0x30,0x2e,0x31,0x63,0x6d,0x3b,0x20,
  0x62,0x61,0x63,0x6b,0x67,0x72,0x6f,0x75,0x6e,0x64,0x3a,0x20,0x74,0x72,0x61,0x6e,
  0x73,0x70,0x61,0x72,0x65,0x6e,0x74,0x22,0x3e,0xa,0x9,0x9,0x9,0x3c,0x61,0x20,
  0x68,0x72,0x65,0x66,0x3d,0x22,0x68,0x74,0x74,0x70,0x73,0x3a,0x2f,0x2f,0x77,0x77,
  0x77,0x2e,0x79,0x6f,0x75,0x74,0x75,0x62,0x65,0x2e,0x63,0x6f,0x6d,0x2f,0x77,0x61,
  0x74,0x63,0x68,0x3f,0x76,0x3d,0x63,0x30,0x30,0x36,0x55,0x32,0x76,0x34,0x79,0x7a,
  0x59,0x22,0x3e,0x3c,0x73,0x70,0x61,0x6e,0x20,0x73,0x74,0x79,0x6c,0x65,0x3d,0x22,
  0x74,0x65,0x78,0x74,0x2d,0x64,0x65,0x63,0x6f,0x72,0x61,0x74,0x69,0x6f,0x6e,0x3a,
  0x20,0x6e,0x6f,0x6e,0x65,0x22,0x3e,0x3c,0x62,0x3e,0x3c,0x73,0x70,0x61,0x6e,0x20,
  0x73,0x74,0x79,0x6c,0x65,0x3d,0x22,0x62,0x61,0x63,0x6b,0x67,0x72,0x6f,0x75,0x6e,
  0x64,0x3a,0x20,0x74,0x72,0x61,0x6e,0x73,0x70,0x61,0x72,0x65,0x6e,0x74,0x22,0x3e,
  0x56,0x69,0x64,0x65,0x6f,0x3c,0x2f,0x73,0x70,0x61,0x6e,0x3e,0x3c,0x2f,0x62,0x3e,
  0x3c,0x2f,0x73,0x70,0x61,0x6e,0x3e,0x3c,0x2f,0x61,0x3e,0x3c,0x2f,0x70,0x3e,0xa,
  0x9,0x9,0x3c,0x2f,0x74,0x64,0x3e,0xa,0x9,0x9,0x3c,0x74,0x64,0x20,0x77,0x69,
  0x64,0x74,0x68,0x3d,0x22,0x32,0x35,0x25,0x22,0x20,0x73,0x74,0x79,0x6c,0x65,0x3d,
  0x22,0x62,0x6f,0x72,0x64,0x65,0x72,0x3a,0x20,0x6e,0x6f,0x6e,0x65,0x3b,0x20,0x70,
  0x61,0x64,0x64,0x69,0x6e,0x67,0x3a,0x20,0x30,0x63,0x6d,0x22,0x3e,0xa,0x9,0x9,
  0x9,0x3c,0x70,0x20,0x61,0x6c,0x69,0x67,0x6e,0x3d,0x22,0x63,0x65,0x6e,0x74,0x65,
  0x72,0x22,0x20,0x73,0x74,0x79,0x6c,0x65,0x3d,0x22,0x6d,0x61,0x72,0x67,0x69,0x6e,
  0x2d,0x74,0x6f,0x70,0x3a,0x20,0x30,0x2e,0x31,0x63,0x6d,0x3b,0x20,0x62,0x61,0x63,
  0x6b,0x67,0x72,0x6f,0x75,0x6e,0x64,0x3a,0x20,0x74,0x72,0x61,0x6e,0x73,0x70,0x61,
  0x72,0x65,0x6e,0x74,0x22,0x3e,0xa,0x9,0x9,0x9,0x3c,0x61,0x20,0x68,0x72,0x65,
  0x66,0x3d,0x22,0x68,0x74,0x74,0x70,0x3a,0x2f,0x2f,0x64,0x6f,0x77,0x6e,0x6c,0x6f,
  0x61,0x64,0x2e,0x70,0x69,0x61,0x6e,0x6f,0x2d,0x74,0x75,0x6e,0x65,0x72,0x2e,0x6f,
  0x72,0x67,0x2f,0x52,0x65,0x73,0x6f,0x75,0x72,0x63,0x65,0x73,0x2f,0x50,0x75,0x62,
  0x6c,0x69,0x63,0x2f,0x44,0x6f,0x63,0x75,0x6d,0x65,0x6e,0x74,0x61,0x74,0x69,0x6f,
  0x6e,0x2f,0x6d,0x61,0x6e,0x75,0x61,0x6c,0x5f,0x64,0x65,0x2e,0x70,0x64,0x66,0x22,
  0x3e,0x3c,0x73,0x70,0x61,0x6e,0x20,0x73,0x74,0x79,0x6c,0x65,0x3d,0x22,0x74,0x65,
  0x78,0x74,0x2d,0x64,0x65,0x63,0x6f,0x72,0x61,0x74,0x69,0x6f,0x6e,0x3a,0x20,0x6e,
  0x6f,0x6e,0x65,0x22,0x3e,0x3c,0x66,0x6f,0x6e,0x74,0x20,0x73,0x69,0x7a,0x65,0x3d,
  0x22,0x33,0x22,0x20,0x73,0x74,0x79,0x6c,0x65,0x3d,0x22,0x66,0x6f,0x6e,0x74,0x2d,
  0x73,0x69,0x7a,0x65,0x3a,0x20,0x31,0x32,0x70,0x74,0x22,0x3e,0x3c,0x62,0x3e,0x3c,
  0x73,0x70,0x61,0x6e,0x20,0x73,0x74,0x79,0x6c,0x65,0x3d,0x22,0x62,0x61,0x63,0x6b,
  0x67,0x72,0x6f,0x75,0x6e,0x64,0x3a,0x20,0x74,0x72,0x61,0x6e,0x73,0x70,0x61,0x72,
  0x65,0x6e,0x74,0x22,0x3e,0x41,0x6e,0x6c,0x65,0x69,0x74,0x75,0x6e,0x67,0x3c,0x2f,
  0x73,0x70,0x61,0x6e,0x3e,0x3c,0x2f,0x62,0x3e,0x3c,0x2f,0x66,0x6f,0x6e,0x74,0x3e,
  0x3c,0x2f,0x73,0x70,0x61,0x6e,0x3e,0x3c,0x2f,0x61,0x3e,0x3c,0x2f,0x70,0x3e,0xa,
  0x9,0x9,0x3c,0x2f,0x74,0x64,0x3e,0xa,0x9,0x9,0x3c,0x74,0x64,0x20,0x77,0x69,
  0x64,0x74,0x68,0x3d,0x22,0x32,0x35,0x25,0x22,0x20,0x73,0x74,0x79,0x6c,0x65,0x3d,
  0x22,0x62,0x6f,0x72,0x64,0x65,0x72,0x3a,0x20,0x6e,0x6f,0x6e,0x65,0x3b,0x20,0x70,
  0x61,0x64,0x64,0x69,0x6e,0x67,0x3a,0x20,0x30,0x63,0x6d,0x22,0x3e,0xa,0x9,0x9,
  0x9,0x3c,0x70,0x20,0x61,0x6c,0x69,0x67,0x6e,0x3d,0x22,0x63,0x65,0x6e,0x74,0x65,
  0x72,0x22,0x20,0x73,0x74,0x79,0x6c,0x65,0x3d,0x22,0x6d,0x61,0x72,0x67,0x69,0x6e,
  0x2d,0x74,0x6f,0x70,0x3a,0x20,0x30,0x2e,0x31,0x63,0x6d,0x3b,0x20,0x62,0x61,0x63,
  0x6b,0x67,0x72,0x6f,0x75,0x6e,0x64,0x3a,0x20,0x74,0x72,0x61,0x6e,0x73,0x70,0x61,
  0x72,0x65,0x6e,0x74,0x22,0x3e,0xa,0x9,0x9,0x9,0x3c,0x61,0x20,0x68,0x72,0x65,
  0x66,0x3d,0x22,0x23,0x6c,0x69,0x63,0x65,0x6e,0x73,0x65,0x22,0x3e,0x3c,0x73,0x70,
  0x61,0x6e,0x20,0x73,0x74,0x79,0x6c,0x65,0x3d,0x22,0x74,0x65,0x78,0x74,0x2d,0x64,
  0x65,0x63,0x6f,0x72,0x61,0x74,0x69,0x6f,0x6e,0x3a,0x20,0x6e,0x6f,0x6e,0x65,0x22,
  0x3e,0x3c,0x62,0x3e,0x3c,0x73,0x70,0x61,0x6e,0x20,0x73,0x74,0x79,0x6c,0x65,0x3d,
  0x22,0x62,0x61,0x63,0x6b,0x67,0x72,0x6f,0x75,0x6e,0x64,0x3a,0x20,0x74,0x72,0x61,
  0x6e,0x73,0x70,0x61,0x72,0x65,0x6e,0x74,0x22,0x3e,0x4c,0x69,0x7a,0x65,0x6e,0x7a,
  0x3c,0x2f,0x73,0x70,0x61,0x6e,0x3e,0x3c,0x2f,0x62,0x3e,0x3c,0x2f,0x73,0x70,0x61,
  0x6e,0x3e,0x3c,0x2f,0x61,0x3e,0x3c,0x2f,0x70,0x3e,0xa,0x9,0x9,0x3c,0x2f,0x74,
  0x64,0x3e,0xa,0x9,0x3c,0x2f,0x74,0x72,0x3e,0xa,0x3c,0x2f,0x74,0x61,0x62,0x6c,
  0x65,0x3e,0xa,0x3c,0x68,0x72,0x2f,0x3e,0xa,0xa,0x3c,0x74,0x61,0x62,0x6c,0x65,
  0x20,0x77,0x69,0x64,0x74,0x68,0x3d,0x22,0x31,0x30,0x30,0x25,0x22,0x20,0x63,0x65,
  0x6c,0x6c,0x70,0x61,0x64,0x64,0x69,0x6e,0x67,0x3d,0x22,0x34,0x22,0x20,0x63,0x65,
  0x6c,0x6c,0x73,0x70,0x61,0x63,0x69,0x6e,0x67,0x3d,0x22,0x30,0x22,0x3e,0xa,0x9,
  0x3c,0x63,0x6f,0x6c,0x20,0x77,0x69,0x64,0x74,0x68,0x3d,0x22,0x36,0x34,0x2a,0x22,
  0x3e,0xa,0x9,0x3c,0x63,0x6f,0x6c,0x20,0x77,0x69,0x64,0x74,0x68,0x3d,0x22,0x36,
  0x34,0x2a,0x22,0x3e,0xa,0x9,0x3c,0x63,0x6f,0x6c,0x20,0x77,0x69,0x64,0x74,0x68,
  0x3d,0x22,0x36,0x34,0x2a,0x22,0x3e,0xa,0x9,0x3c,0x63,0x6f,0x6c,0x20,0x77,0x69,
  0x64,0x74,0x68,0x3d,0x22,0x36,0x34,0x2a,0x22,0x3e,0xa,0x9,0x3c,0x74,0x72,0x20,
  0x76,0x61,0x6c,0x69,0x67,0x6e,0x3d,0x22,0x74,0x6f,0x70,0x22,0x3e,0xa,0x9,0x9,
  0x3c,0x74,0x64,0x20,0x77,0x69,0x64,0x74,0x68,0x3d,0x22,0x32,0x35,0x25,0x22,0x20,
  0x73,0x74,0x79,0x6c,0x65,0x3d,0x22,0x62,0x6f,0x72,0x64,0x65,0x72,0x3a,0x20,0x6e,
  0x6f,0x6e,0x65,0x3b,0x20,0x70,0x61,0x64,0x64,0x69,0x6e,0x67,0x3a,0x20,0x30,0x63,
  0x6d,0x22,0x3e,0xa,0x9,0x9,0x9,0x3c,0x70,0x20,0x61,0x6c,0x69,0x67,0x6e,0x3d,
  0x22,0x63,0x65,0x6e,0x74,0x65,0x72,0x22,0x20,0x73,0x74,0x79,0x6c,0x65,0x3d,0x22,
  0x6d,0x61,0x72,0x67,0x69,0x6e,0x2d,0x74,0x6f,0x70,0x3a,0x20,0x30,0x2e,0x31,0x63,
  0x6d,0x3b,0x20,0x62,0x61,0x63,0x6b,0x67,0x72,0x6f,0x75,0x6e,0x64,0x3a,0x20,0x74,
  0x72,0x61,0x6e,0x73,0x70,0x61,0x72,0x65,0x6e,0x74,0x22,0x3e,0xa,0x9,0x9,0x9,
  0x3c,0x61,0x20,0x68,0x72,0x65,0x66,0x3d,0x22,0x23,0x70,0x72,0x65,0x70,0x61,0x72,
  0x61,0x74,0x69,0x6f,0x6e,0x22,0x3e,0x3c,0x66,0x6f,0x6e,0x74,0x20,0x63,0x6f,0x6c,
  0x6f,0x72,0x3d,0x22,0x23,0x38,0x30,0x30,0x30,0x30,0x30,0x22,0x3e,0x3c,0x73,0x70,
  0x61,0x6e,0x20,0x73,0x74,0x79,0x6c,0x65,0x3d,0x22,0x74,0x65,0x78,0x74,0x2d,0x64,
  0x65,0x63,0x6f,0x72,0x61,0x74,0x69,0x6f,0x6e,0x3a,0x20,0x6e,0x6f,0x6e,0x65,0x22,
  0x3e,0x3c,0x66,0x6f,0x6e,0x74,0x20,0x73,0x69,0x7a,0x65,0x3d,0x22,0x33,0x22,0x20,
  0x73,0x74,0x79,0x6c,0x65,0x3d,0x22,0x66,0x6f,0x6e,0x74,0x2d,0x73,0x69,0x7a,0x65,
  0x3a,0x20,0x31,0x32,0x70,0x74,0x22,0x3e,0x3c,0x62,0x3e,0x3c,0x73,0x70,0x61,0x6e,
  0x20,0x73,0x74,0x79,0x6c,0x65,0x3d,0x22,0x62,0x61,0x63,0x6b,0x67,0x72,0x6f,0x75,
  0x6e,0x64,0x3a,0x20,0x74,0x72,0x61,0x6e,0x73,0x70,0x61,0x72,0x65,0x6e,0x74,0x22,
  0x3e,0x53,0x74,0x61,0x72,0x74,0x3c,0x2f,0x73,0x70,0x61,0x6e,0x3e,0x3c,0x2f,0x62,
  0x3e,0x3c,0x2f,0x66,0x6f,0x6e,0x74,0x3e,0x3c,0x2f,0x73,0x70,0x61,0x6e,0x3e,0x3c,
  0x2f,0x66,0x6f,0x6e,0x74,0x3e,0x3c,0x2f,0x61,0x3e,0x3c,0x2f,0x70,0x3e,0xa,0x9,
  0x9,0x3c,0x2f,0x74,0x64,0x3e,0xa,0x9,0x9,0x3c,0x74,0x64,0x20,0x77,0x69,0x64,
  0x74,0x68,0x3d,0x22,0x32,0x35,0x25,0x22,0x20,0x73,0x74,0x79,0x6c,0x65,0x3d,0x22,
  0x62,0x6f,0x72,0x64,0x65,0x72,0x3a,0x20,0x6e,0x6f,0x6e,0x65,0x3b,0x20,0x70,0x61,
  0x64,0x64,0x69,0x6e,0x67,0x3a,0x20,0x30,0x63,0x6d,0x22,0x3e,0xa,0x9,0x9,0x9,
  0x3c,0x70,0x20,0x61,0x6c,0x69,0x67,0x6e,0x3d,0x22,0x63,0x65,0x6e,0x74,0x65,0x72,
  0x22,0x20,0x73,0x74,0x79,0x6c,0x65,0x3d,0x22,0x6d,0x61,0x72,0x67,0x69,0x6e,0x2d,
  0x74,0x6f,0x70,0x3a,0x20,0x30,0x2e,0x31,0x63,0x6d,0x3b,0x20,0x62,0x61,0x63,0x6b,
  0x67,0x72,0x6f,0x75,0x6e,0x64,0x3a,0x20,0x74,0x72,0x61,0x6e,0x73,0x70,0x61,0x72,
  0x65,0x6e,0x74,0x22,0x3e,0xa,0x9,0x9,0x9,0x3c,0x61,0x20,0x68,0x72,0x65,0x66,
  0x3d,0x22,0x23,0x72,0x65,0x63,0x6f,0x72,0x64,0x69,0x6e,0x67,0x22,0x3e,0x3c,0x66,
  0x6f,0x6e,0x74,0x20,0x63,0x6f,0x6c,0x6f,0x72,0x3d,0x22,0x23,0x38,0x30,0x30,0x30,
  0x30,0x30,0x22,0x3e,0x3c,0x73,0x70,0x61,0x6e,0x20,0x73,0x74,0x79,0x6c,0x65,0x3d,
  0x22,0x74,0x65,0x78,0x74,0x2d,0x64,0x65,0x63,0x6f,0x72,0x61,0x74,0x69,0x6f,0x6e,
  0x3a,0x20,0x6e,0x6f,0x6e,0x65,0x22,0x3e,0x3c,0x62,0x3e,0x3c,0x73,0x70,0x61,0x6e,
  0x20,0x73,0x74,0x79,0x6c,0x65,0x3d,0x22,0x62,0x61,0x63,0x6b,0x67,0x72,0x6f,0x75,
  0x6e,0x64,0x3a,0x20,0x74,0x72,0x61,0x6e,0x73,0x70,0x61,0x72,0x65,0x6e,0x74,0x22,
  0x3e,0x41,0x75,0x66,0x6e,0x61,0x68,0x6d,0x65,0x3c,0x2f,0x73,0x70,0x61,0x6e,0x3e,
  0x3c,0x2f,0x62,0x3e,0x3c,0x2f,0x73,0x70,0x61,0x6e,0x3e,0x3c,0x2f,0x66,0x6f,0x6e,
  0x74,0x3e,0x3c,0x2f,0x61,0x3e,0x3c,0x2f,0x70,0x3e,0xa,0x9,0x9,0x3c,0x2f,0x74,
  0x64,0x3e,0xa,0x9,0x9,0x3c,0x74,0x64,0x20,0x77,0x69,0x64,0x74,0x68,0x3d,0x22,
  0x32,0x35,0x25,0x22,0x20,0x73,0x74,0x79,0x6c,0x65,0x3d,0x22,0x62,0x6f,0x72,0x64,
  0x65,0x72,0x3a,0x20,0x6e,0x6f,0x6e,0x65,0x3b,0x20,0x70,0x61,0x64,0x64,0x69,0x6e,
  0x67,0x3a,0x20,0x30,0x63,0x6d,0x22,0x3e,0xa,0x9,0x9,0x9,0x3c,0x70,0x20,0x61,
  0x6c,0x69,0x67,0x6e,0x3d,0x22,0x63,0x65,0x6e,0x74,0x65,0x72,0x22,0x20,0x73,0x74,
  0x79,0x6c,0x65,0x3d,0x22,0x6d,0x61,0x72,0x67,0x69,0x6e,0x2d,0x74,0x6f,0x70,0x3a,
  0x20,0x30,0x2e,0x31,0x63,0x6d,0x3b,0x20,0x62,0x61,0x63,0x6b,0x67,0x72,0x6f,0x75,
  0x6e,0x64,0x3a,0x20,0x74,0x72,0x61,0x6e,0x73,0x70,0x61,0x72,0x65,0x6e,0x74,0x22,
  0x3e,0xa,0x9,0x9,0x9,0x3c,0x61,0x20,0x68,0x72,0x65,0x66,0x3d,0x22,0x23,0x63,
  0x61,0x6c,0x63,0x75,0x6c,0x61,0x74,0x69,0x6e,0x67,0x22,0x3e,0x3c,0x66,0x6f,0x6e,
  0x74,0x20,0x63,0x6f,0x6c,0x6f,0x72,0x3d,0x22,0x23,0x38,0x30,0x30,0x30,0x30,0x30,
  0x22,0x3e,0x3c,0x73,0x70,0x61,0x6e,0x20,0x73,0x74,0x79,0x6c,0x65,0x3d,0x22,0x74,
  0x65,0x78,0x74,0x2d,0x64,0x65,0x63,0x6f,0x72,0x61,0x74,0x69,0x6f,0x6e,0x3a,0x20,
  0x6e,0x6f,0x6e,0x65,0x22,0x3e,0x3c,0x62,0x3e,0x3c,0x73,0x70,0x61,0x6e,0x20,0x73,
  0x74,0x79,0x6c,0x65,0x3d,0x22,0x62,0x61,0x63,0x6b,0x67,0x72,0x6f,0x75,0x6e,0x64,
  0x3a,0x20,0x74,0x72,0x61,0x6e,0x73,0x70,0x61,0x72,0x65,0x6e,0x74,0x22,0x3e,0x42,
  0x65,0x72,0x65,0x63,0x68,0x6e,0x75,0x6e,0x67,0x3c,0x2f,0x73,0x70,0x61,0x6e,0x3e,
  0x3c,0x2f,0x62,0x3e,0x3c,0x2f,0x73,0x70,0x61,0x6e,0x3e,0x3c,0x2f,0x66,0x6f,0x6e,
  0x74,0x3e,0x3c,0x2f,0x61,0x3e,0x3c,0x2f,0x70,0x3e,0xa,0x9,0x9,0x3c,0x2f,0x74,
  0x64,0x3e,0xa,0x9,0x9,0x3c,0x74,0x64,0x20,0x77,0x69,0x64,0x74,0x68,0x3d,0x22,
  0x32,0x35,0x25,0x22,0x20,0x73,0x74,0x79,0x6c,0x65,0x3d,0x22,0x62,0x6f,0x72,0x64,
  0x65,0x72,0x3a,0x20,0x6e,0x6f,0x6e,0x65,0x3b,0x20,0x70,0x61,0x64,0x64,0x69,0x6e,
  0x67,0x3a,0x20,0x30,0x63,0x6d,0x22,0x3e,0xa,0x9,0x9,0x9,0x3c,0x70,0x20,0x61,
  0x6c,0x69,0x67,0x6e,0x3d,0x22,0x63,0x65,0x6e,0x74,0x65,0x72,0x22,0x20,0x73,0x74,
  0x79,0x6c,0x65,0x3d,0x22,0x6d,0x61,0x72,0x67,0x69,0x6e,0x2d,0x74,0x6f,0x70,0x3a,
  0x20,0x30,0x2e,0x31,0x63,0x6d,0x3b,0x20,0x62,0x61,0x63,0x6b,0x67,0x72,0x6f,0x75,
  0x6e,0x64,0x3a,0x20,0x74,0x72,0x61,0x6e,0x73,0x70,0x61,0x72,0x65,0x6e,0x74,0x22,
  0x3e,0xa,0x9,0x9,0x9,0x3c,0x61,0x20,0x68,0x72,0x65,0x66,0x3d,0x22,0x23,0x74,
  0x75,0x6e,0x69,0x6e,0x67,0x22,0x3e,0x3c,0x66,0x6f,0x6e,0x74,0x20,0x63,0x6f,0x6c,
  0x6f,0x72,0x3d,0x22,0x23,0x38,0x30,0x30,0x30,0x30,0x30,0x22,0x3e,0x3c,0x73,0x70,
  0x61,0x6e,0x20,0x73,0x74,0x79,0x6c,0x65,0x3d,0x22,0x74,0x65,0x78,0x74,0x2d,0x64,
  0x65,0x63,0x6f,0x72,0x61,0x74,0x69,0x6f,0x6e,0x3a,0x20,0x6e,0x6f,0x6e,0x65,0x22,
  0x3e,0x3c,0x62,0x3e,0x3c,0x73,0x70,0x61,0x6e,0x20,0x73,0x74,0x79,0x6c,0x65,0x3d,
  0x22,0x62,0x61,0x63,0x6b,0x67,0x72,0x6f,0x75,0x6e,0x64,0x3a,0x20,0x74,0x72,0x61,
  0x6e,0x73,0x70,0x61,0x72,0x65,0x6e,0x74,0x22,0x3e,0x53,0x74,0x69,0x6d,0x6d,0x65,
  0x6e,0x3c,0x2f,0x73,0x70,0x61,0x6e,0x3e,0x3c,0x2f,0x62,0x3e,0x3c,0x2f,0x73,0x70,
  0x61,0x6e,0x3e,0x3c,0x2f,0x66,0x6f,0x6e,0x74,0x3e,0x3c,0x2f,0x61,0x3e,0x3c,0x2f,
  0x70,0x3e,0xa,0x9,0x9,0x3c,0x2f,0x74,0x64,0x3e,0xa,0x9,0x3c,0x2f,0x74,0x72,
  0x3e,0xa,0x3c,0x2f,0x74,0x61,0x62,0x6c,0x65,0x3e,0xa,0x3c,0x68,0x72,0x2f,0x3e,
  0xa,0xa,0x3c,0x70,0x20,0x73,0x74,0x79,0x6c,0x65,0x3d,0x22,0x6d,0x61,0x72,0x67,
  0x69,0x6e,0x2d,0x74,0x6f,0x70,0x3a,0x20,0x30,0x2e,0x34,0x32,0x63,0x6d,0x22,0x3e,
  0x3c,0x61,0x20,0x6e,0x61,0x6d,0x65,0x3d,0x22,0x69,0x6e,0x73,0x74,0x61,0x6c,0x6c,
  0x61,0x74,0x69,0x6f,0x6e,0x22,0x3e,0x3c,0x2f,0x61,0x3e,0x3c,0x66,0x6f,0x6e,0x74,
  0x20,0x66,0x61,0x63,0x65,0x3d,0x22,0x41,0x6c,0x62,0x61,0x6e,0x79,0x2c,0x20,0x73,
  0x61,0x6e,0x73,0x2d,0x73,0x65,0x72,0x69,0x66,0x22,0x3e,0x3c,0x66,0x6f,0x6e,0x74,
  0x20,0x73,0x69,0x7a,0x65,0x3d,0x22,0x34,0x22,0x20,0x73,0x74,0x79,0x6c,0x65,0x3d,
  0x22,0x66,0x6f,0x6e,0x74,0x2d,0x73,0x69,0x7a,0x65,0x3a,0x20,0x31,0x34,0x70,0x74,
  0x22,0x3e,0x3c,0x62,0x3e,0x3c,0x62,0x72,0x3e,0x54,0x65,0x63,0x68,0x6e,0x69,0x73,
  0x63,0x68,0x65,0xa,0x56,0x6f,0x72,0x61,0x75,0x73,0x73,0x65,0x74,0x7a,0x75,0x6e,
  0x67,0x65,0x6e,0x20,0x75,0x6e,0x64,0x20,0x49,0x6e,0x73,0x74,0x61,0x6c,0x6c,0x61,
  0x74,0x69,0x6f,0x6e,0x3c,0x2f,0x62,0x3e,0x3c,0x2f,0x66,0x6f,0x6e,0x74,0x3e,0x3c,
  0x2f,0x66,0x6f,0x6e,0x74,0x3e,0x3c,0x2f,0x70,0x3e,0xa,0x3c,0x70,0x3e,0x3c,0x62,
  0x3e,0x43,0x6f,0x6d,0x70,0x75,0x74,0x65,0x72,0x3a,0x20,0x3c,0x2f,0x62,0x3e,0x3c,
  0x73,0x70,0x61,0x6e,0x20,0x73,0x74,0x79,0x6c,0x65,0x3d,0x22,0x66,0x6f,0x6e,0x74,
  0x2d,0x77,0x65,0x69,0x67,0x68,0x74,0x3a,0x20,0x6e,0x6f,0x72,0x6d,0x61,0x6c,0x22,
  0x3e,0x44,0x65,0x72,0x20,0x45,0x50,0x54,0x3c,0x2f,0x73,0x70,0x61,0x6e,0x3e,0xa,
  0x3c,0x73,0x70,0x61,0x6e,0x20,0x73,0x74,0x79,0x6c,0x65,0x3d,0x22,0x66,0x6f,0x6e,
  0x74,0x2d,0x77,0x65,0x69,0x67,0x68,0x74,0x3a,0x20,0x6e,0x6f,0x72,0x6d,0x61,0x6c,
  0x22,0x3e,0x6c,0xc3,0xa4,0x75,0x66,0x74,0x20,0x61,0x75,0x66,0x20,0x66,0x61,0x73,
  0x74,0x20,0x61,0x6c,0x6c,0x65,0x6e,0x20,0x67,0xc3,0xa4,0x6e,0x67,0x69,0x67,0x65,
  0x6e,0xa,0x4c,0x61,0x70,0x74,0x6f,0x70,0x73,0x20,0x75,0x6e,0x64,0x20,0x54,0x61,
  0x62,0x6c,0x65,0x74,0x73,0x20,0x75,0x6e,0x64,0x20,0x73,0x6f,0x67,0x61,0x72,0x20,
  0x61,0x75,0x66,0x20,0x4d,0x6f,0x62,0x69,0x6c,0x74,0x65,0x6c,0x65,0x66,0x6f,0x6e,
  0x65,0x6e,0x2e,0x20,0x3c,0x2f,0x73,0x70,0x61,0x6e,0x3e,0xa,0x3c,0x2f,0x70,0x3e,
  0xa,0x3c,0x70,0x3e,0x3c,0x62,0x3e,0x4d,0x69,0x6b,0x72,0x6f,0x66,0x6f,0x6e,0x3a,
  0x3c,0x2f,0x62,0x3e,0x20,0x46,0xc3,0xbc,0x72,0x20,0x64,0x65,0x6e,0x20,0x45,0x69,
  0x6e,0x73,0x61,0x74,0x7a,0x20,0x64,0x65,0x73,0x20,0x45,0x50,0x54,0x73,0x20,0x62,
  0x65,0x6e,0xc3,0xb6,0x74,0x69,0x67,0x65,0x6e,0x20,0x53,0x69,0x65,0x20,0x65,0x69,
  0x6e,0xa,0x71,0x75,0x61,0x6c,0x69,0x74,0x61,0x74,0x69,0x76,0x20,0x67,0x75,0x74,
  0x65,0x73,0x20,0x4d,0x69,0x6b,0x72,0x6f,0x66,0x6f,0x6e,0x2e,0x20,0x5a,0x75,0x20,
  0x65,0x6d,0x70,0x66,0x65,0x68,0x6c,0x65,0x6e,0x20,0x69,0x73,0x74,0x20,0x65,0x69,
  0x6e,0x20,0x72,0x61,0x75,0x73,0x63,0x68,0x61,0x72,0x6d,0x65,0x73,0xa,0x4b,0x6f,
  0x6e,0x64,0x65,0x6e,0x73,0x61,0x74,0x6f,0x72,0x6d,0x69,0x6b,0x72,0x6f,0x66,0x6f,
  0x6e,0x20,0x6d,0x69,0x74,0x20,0x6c,0x69,0x6e,0x65,0x61,0x72,0x65,0x6d,0x20,0x46,
  0x72,0x65,0x71,0x75,0x65,0x6e,0x7a,0x67,0x61,0x6e,0x67,0x2e,0x20,0x45,0x69,0x6e,
  0x67,0x65,0x62,0x61,0x75,0x74,0x65,0x20,0x4d,0x69,0x6b,0x72,0x6f,0x66,0x6f,0x6e,
  0x65,0xa,0x69,0x6e,0x20,0x48,0x61,0x6e,0x64,0x79,0x73,0x20,0x6f,0x64,0x65,0x72,
  0x20,0x54,0x61,0x62,0x6c,0x65,0x74,0x73,0x20,0x6b,0xc3,0xb6,0x6e,0x6e,0x65,0x6e,
  0x20,0x7a,0x77,0x61,0x72,0x20,0x7a,0x75,0x6d,0x20,0x54,0x65,0x73,0x74,0x65,0x6e,
  0x20,0x64,0x65,0x72,0x20,0x41,0x6e,0x77,0x65,0x6e,0x64,0x75,0x6e,0x67,0xa,0x76,
  0x65,0x72,0x77,0x65,0x6e,0x64,0x65,0x74,0x20,0x77,0x65,0x72,0x64,0x65,0x6e,0x2c,
  0x20,0x76,0x65,0x72,0x73,0x61,0x67,0x65,0x6e,0x20,0x61,0x62,0x65,0x72,0x20,0x6d,
  0xc3,0xb6,0x67,0x6c,0x69,0x63,0x68,0x65,0x72,0x77,0x65,0x69,0x73,0x65,0x20,0x62,
  0x65,0x69,0x20,0x74,0x69,0x65,0x66,0x65,0x6e,0x20,0x75,0x6e,0x64,0x20,0x68,0x6f,
  0x68,0x65,0x6e,0xa,0x46,0x72,0x65,0x71,0x75,0x65,0x6e,0x7a,0x65,0x6e,0x2e,0x3c,
  0x2f,0x70,0x3e,0xa,0x3c,0x70,0x3e,0x3c,0x62,0x3e,0x4b,0x6f,0x70,0x66,0x68,0xc3,
  0xb6,0x72,0x65,0x72,0x3a,0x20,0x3c,0x2f,0x62,0x3e,0x4f,0x70,0x74,0x69,0x6f,0x6e,
  0x61,0x6c,0x20,0x6b,0x61,0x6e,0x6e,0x20,0x65,0x69,0x6e,0x20,0x67,0x65,0x77,0xc3,
  0xb6,0x68,0x6e,0x6c,0x69,0x63,0x68,0x65,0x72,0x20,0x4b,0x6f,0x70,0x66,0x68,0xc3,
  0xb6,0x72,0x65,0x72,0x20,0x7a,0x75,0x6d,0xa,0x45,0x69,0x6e,0x73,0x61,0x74,0x7a,
  0x20,0x6b,0x6f,0x6d,0x6d,0x65,0x6e,0x2c,0x20,0x6d,0x69,0x74,0x20,0x64,0x65,0x6d,
  0x20,0x64,0x69,0x65,0x20,0x61,0x75,0x66,0x67,0x65,0x6e,0x6f,0x6d,0x6d,0x65,0x6e,
  0x65,0x6e,0x20,0x54,0xc3,0xb6,0x6e,0x65,0x20,0xc3,0xbc,0x62,0x65,0x72,0x70,0x72,
  0xc3,0xbc,0x66,0x74,0x20,0x77,0x65,0x72,0x64,0x65,0x6e,0xa,0x6b,0xc3,0xb6,0x6e,
  0x6e,0x65,0x6e,0x2e,0x20,0x57,0x65,0x6e,0x6e,0x20,0x53,0x69,0x65,0x20,0x6b,0x65,
  0x69,0x6e,0x65,0x6e,0x20,0x4b,0x6f,0x70,0x66,0x68,0xc3,0xb6,0x72,0x65,0x72,0x20,
  0x76,0x65,0x72,0x77,0x65,0x6e,0x64,0x65,0x6e,0x2c,0x20,0x73,0x6f,0x6c,0x6c,0x74,
  0x65,0x6e,0x20,0x53,0x69,0x65,0x20,0x64,0x65,0x6e,0xa,0x4c,0x61,0x75,0x74,0x73,
  0x70,0x72,0x65,0x63,0x68,0x65,0x72,0x20,0x49,0x68,0x72,0x65,0x73,0x20,0x47,0x65,
  0x72,0xc3,0xa4,0x74,0x73,0x20,0x73,0x74,0x75,0x6d,0x6d,0x73,0x63,0x68,0x61,0x6c,
  0x74,0x65,0x6e,0x2c,0x20,0x75,0x6d,0x20,0x52,0xc3,0xbc,0x63,0x6b,0x6b,0x6f,0x70,
  0x70,0x6c,0x75,0x6e,0x67,0x65,0x6e,0x20,0xc3,0xbc,0x62,0x65,0x72,0xa,0x64,0x61,
  0x73,0x20,0x4d,0x69,0x6b,0x72,0x6f,0x66,0x6f,0x6e,0x20,0x7a,0x75,0x20,0x76,0x65,
  0x72,0x6d,0x65,0x69,0x64,0x65,0x6e,0x2e,0x3c,0x2f,0x70,0x3e,0xa,0x3c,0x70,0x3e,
  0x3c,0x62,0x3e,0x4d,0x49,0x44,0x49,0x2d,0x4b,0x65,0x79,0x62,0x6f,0x61,0x72,0x64,
  0x3a,0x20,0x3c,0x2f,0x62,0x3e,0x4f,0x70,0x74,0x69,0x6f,0x6e,0x61,0x6c,0x20,0x6b,
  0xc3,0xb6,0x6e,0x6e,0x65,0x6e,0x20,0x53,0x69,0x65,0x20,0x61,0x6e,0x20,0x49,0x68,
  0x72,0x65,0x6d,0x20,0x52,0x65,0x63,0x68,0x6e,0x65,0x72,0x20,0x65,0x69,0x6e,0xa,
  0x4d,0x49,0x44,0x49,0x2d,0x4b,0x65,0x79,0x62,0x6f,0x61,0x72,0x64,0x20,0x61,0x6e,
  0x73,0x63,0x68,0x6c,0x69,0x65,0xc3,0x9f,0x65,0x6e,0x2c,0x20,0x6d,0x69,0x74,0x20,
  0x64,0x65,0x6d,0x20,0x54,0xc3,0xb6,0x6e,0x65,0x20,0x73,0x65,0x6c,0x65,0x6b,0x74,
  0x69,0x65,0x72,0x74,0x20,0x75,0x6e,0x64,0x20,0x69,0x6d,0xa,0x4f,0x72,0x69,0x67,
  0x69,0x6e,0x61,0x6c,0x6b,0x6c,0x61,0x6e,0x67,0x20,0x73,0x69,0x6d,0x75,0x6c,0x69,
  0x65,0x72,0x74,0x20,0x77,0x65,0x72,0x64,0x65,0x6e,0x20,0x6b,0xc3,0xb6,0x6e,0x6e,
  0x65,0x6e,0x2e,0x20,0x45,0x69,0x6e,0x20,0x4d,0x49,0x44,0x49,0x2d,0x4b,0x65,0x79,
  0x62,0x6f,0x61,0x72,0x64,0x20,0x69,0x73,0x74,0x20,0x61,0x62,0x65,0x72,0x20,0x69,
  0x6e,0xa,0x64,0x65,0x72,0x20,0x52,0x65,0x67,0x65,0x6c,0x20,0x7a,0x75,0x6d,0x20,
  0x53,0x74,0x69,0x6d,0x6d,0x65,0x6e,0x20,0x6e,0x69,0x63,0x68,0x74,0x20,0x65,0x72,
  0x66,0x6f,0x72,0x64,0x65,0x72,0x6c,0x69,0x63,0x68,0x2e,0x3c,0x2f,0x70,0x3e,0xa,
  0x3c,0x70,0x3e,0x3c,0x62,0x3e,0x49,0x6e,0x73,0x74,0x61,0x6c,0x6c,0x61,0x74,0x69,
  0x6f,0x6e,0x3a,0x3c,0x2f,0x62,0x3e,0x20,0x44,0x65,0x72,0x20,0x45,0x6e,0x74,0x72,
  0x6f,0x70,0x69,0x65,0x2d,0x50,0x69,0x61,0x6e,0x6f,0x2d,0x54,0x75,0x6e,0x65,0x72,
  0x20,0x69,0x73,0x74,0x20,0x66,0xc3,0xbc,0x72,0x20,0x64,0x69,0x65,0xa,0x42,0x65,
  0x74,0x72,0x69,0x65,0x62,0x73,0x73,0x79,0x73,0x74,0x65,0x6d,0x65,0x20,0x4f,0x53,
  0x2d,0x58,0x2c,0x20,0x49,0x4f,0x53,0x2c,0x20,0x41,0x6e,0x64,0x72,0x6f,0x69,0x64,
  0x2c,0x20,0x57,0x69,0x6e,0x64,0x6f,0x77,0x73,0x20,0x75,0x6e,0x64,0x20,0x4c,0x69,
  0x6e,0x75,0x78,0x20,0x76,0x65,0x72,0x66,0xc3,0xbc,0x67,0x62,0x61,0x72,0x2e,0xa,
  0x48,0x69,0x65,0x72,0x20,0x67,0x65,0x68,0x74,0x20,0x65,0x73,0x20,0x7a,0x75,0x6d,
  0x20,0x3c,0x61,0x20,0x68,0x72,0x65,0x66,0x3d,0x22,0x68,0x74,0x74,0x70,0x3a,0x2f,
  0x2f,0x70,0x69,0x61,0x6e,0x6f,0x2d,0x74,0x75,0x6e,0x65,0x72,0x2e,0x6f,0x72,0x67,
  0x2f,0x64,0x65,0x2f,0x64,0x6f,0x77,0x6e,0x6c,0x6f,0x61,0x64,0x22,0x3e,0x44,0x6f,
  0x77,0x6e,0x6c,0x6f,0x61,0x64,0x3c,0x2f,0x61,0x3e,0x2e,0x3c,0x2f,0x70,0x3e,0xa,
  0x3c,0x70,0x20,0x73,0x74,0x79,0x6c,0x65,0x3d,0x22,0x6d,0x61,0x72,0x67,0x69,0x6e,
  0x2d,0x74,0x6f,0x70,0x3a,0x20,0x30,0x2e,0x34,0x32,0x63,0x6d,0x3b,0x20,0x70,0x61,
  0x67,0x65,0x2d,0x62,0x72,0x65,0x61,0x6b,0x2d,0x61,0x66,0x74,0x65,0x72,0x3a,0x20,
  0x61,0x76,0x6f,0x69,0x64,0x22,0x3e,0x3c,0x61,0x20,0x6e,0x61,0x6d,0x65,0x3d,0x22,
  0x70,0x72,0x65,0x70,0x61,0x72,0x61,0x74,0x69,0x6f,0x6e,0x22,0x3e,0x3c,0x2f,0x61,
  0x3e,0xa,0x3c,0x66,0x6f,0x6e,0x74,0x20,0x66,0x61,0x63,0x65,0x3d,0x22,0x41,0x6c,
  0x62,0x61,0x6e,0x79,0x2c,0x20,0x73,0x61,0x6e,0x73,0x2d,0x73,0x65,0x72,0x69,0x66,
  0x22,0x3e,0x3c,0x66,0x6f,0x6e,0x74,0x20,0x73,0x69,0x7a,0x65,0x3d,0x22,0x34,0x22,
  0x20,0x73,0x74,0x79,0x6c,0x65,0x3d,0x22,0x66,0x6f,0x6e,0x74,0x2d,0x73,0x69,0x7a,
  0x65,0x3a,0x20,0x31,0x34,0x70,0x74,0x22,0x3e,0x3c,0x62,0x3e,0x56,0x6f,0x72,0x62,
  0x65,0x72,0x65,0x69,0x74,0x75,0x6e,0x67,0x3c,0x2f,0x62,0x3e,0x3c,0x2f,0x66,0x6f,
  0x6e,0x74,0x3e,0x3c,0x2f,0x66,0x6f,0x6e,0x74,0x3e,0x3c,0x2f,0x70,0x3e,0xa,0x3c,
  0x70,0x3e,0x53,0x63,0x68,0x6c,0x69,0x65,0xc3,0x9f,0x65,0x6e,0x20,0x53,0x69,0x65,
  0x20,0x64,0x61,0x73,0x20,0x4d,0x69,0x6b,0x72,0x6f,0x66,0x6f,0x6e,0x20,0x61,0x6e,
  0x20,0x49,0x68,0x72,0x65,0x6e,0x20,0x43,0x6f,0x6d,0x70,0x75,0x74,0x65,0x72,0x20,
  0x61,0x6e,0x20,0x75,0x6e,0x64,0x20,0x73,0x74,0x61,0x72,0x74,0x65,0x6e,0x20,0x53,
  0x69,0x65,0xa,0x64,0x65,0x6e,0x20,0x45,0x50,0x54,0x2e,0x20,0x56,0x65,0x72,0x67,
  0x65,0x77,0x69,0x73,0x73,0x65,0x72,0x6e,0x20,0x53,0x69,0x65,0x20,0x73,0x69,0x63,
  0x68,0x2c,0x20,0x64,0x61,0x73,0x73,0x20,0x64,0x61,0x73,0x20,0x41,0x75,0x73,0x73,
  0x74,0x65,0x75,0x65,0x72,0x75,0x6e,0x67,0x73,0x61,0x6e,0x7a,0x65,0x69,0x67,0x65,
  0x20,0x61,0x75,0x66,0x20,0x64,0x61,0x73,0xa,0x4d,0x69,0x6b,0x72,0x6f,0x66,0x6f,
  0x6e,0x20,0x72,0x65,0x61,0x67,0x69,0x65,0x72,0x74,0x20,0x75,0x6e,0x64,0x20,0x73,
  0x69,0x63,0x68,0x20,0x61,0x75,0x74,0x6f,0x6d,0x61,0x74,0x69,0x73,0x63,0x68,0x20,
  0x61,0x6e,0x70,0x61,0x73,0x73,0x74,0x2e,0x20,0x57,0x65,0x6e,0x6e,0x20,0x53,0x69,
  0x65,0x20,0x65,0x69,0x6e,0xa,0x49,0x6e,0x73,0x74,0x72,0x75,0x6d,0x65,0x6e,0x74,
  0x20,0x7a,0x75,0x6d,0x20,0x65,0x72,0x73,0x74,0x65,0x6e,0x20,0x4d,0x61,0x6c,0x20,
  0x73,0x74,0x69,0x6d,0x6d,0x65,0x6e,0x2c,0x20,0x77,0xc3,0xa4,0x68,0x6c,0x65,0x6e,
  0x20,0x53,0x69,0x65,0x20,0x3c,0x69,0x3e,0x44,0x61,0x74,0x65,0x69,0x2d,0x4e,0x65,
  0x75,0x3c,0x2f,0x69,0x3e,0x3c,0x73,0x70,0x61,0x6e,0x20,0x73,0x74,0x79,0x6c,0x65,
  0x3d,0x22,0x66,0x6f,0x6e,0x74,0x2d,0x76,0x61,0x72,0x69,0x61,0x6e,0x74,0x3a,0x20,
  0x6e,0x6f,0x72,0x6d,0x61,0x6c,0x22,0x3e,0x3c,0x73,0x70,0x61,0x6e,0x20,0x73,0x74,
  0x79,0x6c,0x65,0x3d,0x22,0x66,0x6f,0x6e,0x74,0x2d,0x73,0x74,0x79,0x6c,0x65,0x3a,
  0x20,0x6e,0x6f,0x72,0x6d,0x61,0x6c,0x22,0x3e,0x2c,0xa,0x77,0xc3,0xa4,0x68,0x6c,
  0x65,0x6e,0x20,0x53,0x69,0x65,0x20,0x64,0x69,0x65,0x20,0x46,0x72,0x65,0x71,0x75,
  0x65,0x6e,0x7a,0x20,0x64,0x65,0x73,0x20,0x4b,0x61,0x6d,0x6d,0x65,0x72,0x74,0x6f,
  0x6e,0x73,0x3c,0x2f,0x73,0x70,0x61,0x6e,0x3e,0x3c,0x2f,0x73,0x70,0x61,0x6e,0x3e,
  0x20,0x75,0x6e,0x64,0x20,0x67,0x65,0x62,0x65,0x6e,0x20,0x53,0x69,0x65,0xa,0x64,
  0x69,0x65,0x20,0x65,0x72,0x66,0x6f,0x72,0x64,0x65,0x72,0x6c,0x69,0x63,0x68,0x65,
  0x6e,0x20,0x49,0x6e,0x66,0x6f,0x72,0x6d,0x61,0x74,0x69,0x6f,0x6e,0x65,0x6e,0x20,
  0x65,0x69,0x6e,0x2e,0x20,0x20,0xa,0x3c,0x2f,0x70,0x3e,0xa,0x3c,0x70,0x3e,0x4d,
  0x69,0x74,0x20,0x64,0x65,0x6e,0x20,0x53,0x79,0x6d,0x62,0x6f,0x6c,0x65,0x6e,0x20,
  0x61,0x75,0x66,0x20,0x64,0x65,0x72,0x20,0x6c,0x69,0x6e,0x6b,0x65,0x6e,0x20,0x53,
  0x65,0x69,0x74,0x65,0x20,0x6b,0x61,0x6e,0x6e,0x20,0x6d,0x61,0x6e,0x20,0x7a,0x77,
  0x69,0x73,0x63,0x68,0x65,0x6e,0x20,0x64,0x65,0x6e,0xa,0x65,0x69,0x6e,0x7a,0x65,
  0x6c,0x6e,0x65,0x6e,0x20,0x42,0x65,0x74,0x72,0x69,0x65,0x62,0x73,0x61,0x72,0x74,
  0x65,0x6e,0x20,0x75,0x6d,0x73,0x63,0x68,0x61,0x6c,0x74,0x65,0x6e,0x2e,0x20,0x44,
  0x61,0x73,0x20,0x53,0x74,0x69,0x6d,0x6d,0x65,0x6e,0x20,0x65,0x72,0x66,0x6f,0x6c,
  0x67,0x74,0x20,0x69,0x6e,0x20,0x64,0x72,0x65,0x69,0xa,0x53,0x63,0x68,0x72,0x69,
  0x74,0x74,0x65,0x6e,0x3a,0x3c,0x2f,0x70,0x3e,0xa,0x3c,0x75,0x6c,0x3e,0xa,0x9,
  0x3c,0x6c,0x69,0x2f,0x3e,0xa,0x3c,0x70,0x3e,0x41,0x75,0x66,0x6e,0x61,0x68,0x6d,
  0x65,0x20,0x61,0x6c,0x6c,0x65,0x72,0x20,0x54,0xc3,0xb6,0x6e,0x65,0x20,0x64,0x65,
  0x73,0x20,0x4b,0x6c,0x61,0x76,0x69,0x65,0x72,0x73,0x2e,0x3c,0x2f,0x70,0x3e,0xa,
  0x9,0x3c,0x6c,0x69,0x2f,0x3e,0xa,0x3c,0x70,0x3e,0x42,0x65,0x72,0x65,0x63,0x68,
  0x6e,0x75,0x6e,0x67,0x20,0x64,0x65,0x72,0x20,0x45,0x6e,0x74,0x72,0x6f,0x70,0x69,
  0x65,0x2d,0x6f,0x70,0x74,0x69,0x6d,0x69,0x65,0x72,0x74,0x65,0x6e,0x20,0x53,0x74,
  0x69,0x6d,0x6d,0x75,0x6e,0x67,0x2e,0x3c,0x2f,0x70,0x3e,0xa,0x9,0x3c,0x6c,0x69,
  0x2f,0x3e,0xa,0x3c,0x70,0x3e,0x45,0x6c,0x65,0x6b,0x74,0x72,0x6f,0x6e,0x69,0x73,
  0x63,0x68,0x20,0x75,0x6e,0x74,0x65,0x72,0x73,0x74,0xc3,0xbc,0x74,0x7a,0x74,0x65,
  0x73,0x20,0x6d,0x61,0x6e,0x75,0x65,0x6c,0x6c,0x65,0x73,0x20,0x53,0x74,0x69,0x6d,
  0x6d,0x65,0x6e,0x2e,0x3c,0x2f,0x70,0x3e,0xa,0x3c,0x2f,0x75,0x6c,0x3e,0xa,0x3c,
  0x70,0x20,0x73,0x74,0x79,0x6c,0x65,0x3d,0x22,0x6d,0x61,0x72,0x67,0x69,0x6e,0x2d,
  0x74,0x6f,0x70,0x3a,0x20,0x30,0x2e,0x34,0x32,0x63,0x6d,0x3b,0x20,0x70,0x61,0x67,
  0x65,0x2d,0x62,0x72,0x65,0x61,0x6b,0x2d,0x61,0x66,0x74,0x65,0x72,0x3a,0x20,0x61,
  0x76,0x6f,0x69,0x64,0x22,0x3e,0x3c,0x61,0x20,0x6e,0x61,0x6d,0x65,0x3d,0x22,0x72,
  0x65,0x63,0x6f,0x72,0x64,0x69,0x6e,0x67,0x22,0x3e,0x3c,0x2f,0x61,0x3e,0xa,0x3c,
  0x66,0x6f,0x6e,0x74,0x20,0x66,0x61,0x63,0x65,0x3d,0x22,0x41,0x6c,0x62,0x61,0x6e,
  0x79,0x2c,0x20,0x73,0x61,0x6e,0x73,0x2d,0x73,0x65,0x72,0x69,0x66,0x22,0x3e,0x3c,
  0x66,0x6f,0x6e,0x74,0x20,0x73,0x69,0x7a,0x65,0x3d,0x22,0x34,0x22,0x20,0x73,0x74,
  0x79,0x6c,0x65,0x3d,0x22,0x66,0x6f,0x6e,0x74,0x2d,0x73,0x69,0x7a,0x65,0x3a,0x20,
  0x31,0x34,0x70,0x74,0x22,0x3e,0x3c,0x62,0x3e,0x31,0x2e,0xa,0x41,0x75,0x66,0x6e,
  0x61,0x68,0x6d,0x65,0x3c,0x2f,0x62,0x3e,0x3c,0x2f,0x66,0x6f,0x6e,0x74,0x3e,0x3c,
  0x2f,0x66,0x6f,0x6e,0x74,0x3e,0x3c,0x2f,0x70,0x3e,0xa,0x3c,0x70,0x20,0x73,0x74,
  0x79,0x6c,0x65,0x3d,0x22,0x6d,0x61,0x72,0x67,0x69,0x6e,0x2d,0x74,0x6f,0x70,0x3a,
  0x20,0x30,0x2e,0x34,0x32,0x63,0x6d,0x3b,0x20,0x70,0x61,0x67,0x65,0x2d,0x62,0x72,
  0x65,0x61,0x6b,0x2d,0x61,0x66,0x74,0x65,0x72,0x3a,0x20,0x61,0x76,0x6f,0x69,0x64,
  0x22,0x3e,0x4b,0x6c,0x69,0x63,0x6b,0x65,0x6e,0x20,0x53,0x69,0x65,0xa,0x6e,0x75,
  0x6e,0x20,0x61,0x75,0x66,0x20,0xe2,0x80,0x9e,0x41,0x75,0x66,0x6e,0x61,0x68,0x6d,
  0x65,0xe2,0x80,0x9c,0x20,0x75,0x6e,0x64,0x20,0x73,0x63,0x68,0x6c,0x61,0x67,0x65,
  0x6e,0x20,0x53,0x69,0x65,0x20,0x61,0x6c,0x6c,0x65,0x20,0x54,0x61,0x73,0x74,0x65,
  0x6e,0x20,0x64,0x65,0x73,0x20,0x4b,0x6c,0x61,0x76,0x69,0x65,0x72,0x73,0xa,0x6e,
  0x61,0x63,0x68,0x65,0x69,0x6e,0x61,0x6e,0x64,0x65,0x72,0x20,0x76,0x6f,0x6e,0x20,
  0x6c,0x69,0x6e,0x6b,0x73,0x20,0x6e,0x61,0x63,0x68,0x20,0x72,0x65,0x63,0x68,0x74,
  0x73,0x20,0x61,0x6e,0x2c,0x20,0x75,0x6d,0x20,0x64,0x69,0x65,0x20,0x54,0xc3,0xb6,
  0x6e,0x65,0x20,0x61,0x75,0x66,0x7a,0x75,0x6e,0x65,0x68,0x6d,0x65,0x6e,0x2e,0x20,
  0x44,0x69,0x65,0xa,0x41,0x75,0x66,0x6e,0x61,0x68,0x6d,0x65,0x20,0x73,0x74,0x61,
  0x72,0x74,0x65,0x74,0x2c,0x20,0x77,0x65,0x6e,0x6e,0x20,0x64,0x69,0x65,0x20,0x41,
  0x75,0x73,0x73,0x74,0x65,0x75,0x65,0x72,0x75,0x6e,0x67,0x73,0x61,0x6e,0x7a,0x65,
  0x69,0x67,0x65,0x20,0x64,0x69,0x65,0x20,0x6f,0x62,0x65,0x72,0x65,0x20,0x4d,0x61,
  0x72,0x6b,0x65,0xa,0xc3,0xbc,0x62,0x65,0x72,0x73,0x63,0x68,0x72,0x65,0x69,0x74,
  0x65,0x74,0x20,0x75,0x6e,0x64,0x20,0x65,0x6e,0x64,0x65,0x74,0x2c,0x20,0x77,0x65,
  0x6e,0x6e,0x20,0x64,0x69,0x65,0x20,0x75,0x6e,0x74,0x65,0x72,0x65,0x20,0x4d,0x61,
  0x72,0x6b,0x65,0x20,0x75,0x6e,0x74,0x65,0x72,0x73,0x63,0x68,0x72,0x69,0x74,0x74,
  0x65,0x6e,0x20,0x77,0x69,0x72,0x64,0x2e,0xa,0x44,0x69,0x65,0x20,0x61,0x6e,0x67,
  0x65,0x73,0x63,0x68,0x6c,0x61,0x67,0x65,0x6e,0x65,0x20,0x54,0x61,0x73,0x74,0x65,
  0x20,0x77,0x69,0x72,0x64,0x20,0x61,0x75,0x74,0x6f,0x6d,0x61,0x74,0x69,0x73,0x63,
  0x68,0x20,0x65,0x72,0x6b,0x61,0x6e,0x6e,0x74,0x2e,0x20,0xc3,0x9c,0x62,0x65,0x72,
  0x20,0x64,0x65,0x6e,0x20,0x54,0x61,0x73,0x74,0x65,0x6e,0xa,0x65,0x72,0x73,0x63,
  0x68,0x65,0x69,0x6e,0x74,0x20,0x64,0x61,0x73,0x20,0x4f,0x62,0x65,0x72,0x74,0x6f,
  0x6e,0x73,0x70,0x65,0x6b,0x74,0x72,0x75,0x6d,0x20,0x61,0x6c,0x73,0x20,0x72,0x6f,
  0x74,0x65,0x20,0x4c,0x69,0x6e,0x69,0x65,0x2e,0x3c,0x2f,0x70,0x3e,0xa,0x3c,0x70,
  0x20,0x73,0x74,0x79,0x6c,0x65,0x3d,0x22,0x6d,0x61,0x72,0x67,0x69,0x6e,0x2d,0x74,
  0x6f,0x70,0x3a,0x20,0x30,0x2e,0x34,0x32,0x63,0x6d,0x22,0x3e,0x42,0x69,0x74,0x74,
  0x65,0x20,0x68,0x61,0x6c,0x74,0x65,0x6e,0x20,0x53,0x69,0x65,0x20,0x64,0x69,0x65,
  0x20,0x4b,0x6c,0x61,0x76,0x69,0x65,0x72,0x74,0x61,0x73,0x74,0x65,0xa,0x67,0x65,
  0x64,0x72,0xc3,0xbc,0x63,0x6b,0x74,0x2c,0x20,0x62,0x69,0x73,0x20,0x64,0x61,0x73,
  0x20,0x72,0x6f,0x74,0x65,0x20,0x41,0x75,0x66,0x6e,0x61,0x68,0x6d,0x65,0x73,0x79,
  0x6d,0x62,0x6f,0x6c,0x20,0x76,0x65,0x72,0x73,0x63,0x68,0x77,0x69,0x6e,0x64,0x65,
  0x74,0x2c,0x20,0x75,0x6e,0x64,0x20,0x77,0x61,0x72,0x74,0x65,0x6e,0x20,0x53,0x69,
  0x65,0xa,0x61,0x6e,0x73,0x63,0x68,0x6c,0x69,0x65,0xc3,0x9f,0x65,0x6e,0x20,0x64,
  0x69,0x65,0x20,0x56,0x65,0x72,0x61,0x72,0x62,0x65,0x69,0x74,0x75,0x6e,0x67,0x20,
  0x64,0x65,0x73,0x20,0x53,0x69,0x67,0x6e,0x61,0x6c,0x73,0x20,0x61,0x62,0x2e,0x20,
  0x57,0x65,0x6e,0x6e,0x20,0x53,0x69,0x65,0x20,0x65,0x69,0x6e,0x65,0x6e,0xa,0x4b,
  0x6f,0x70,0x66,0x68,0xc3,0xb6,0x72,0x65,0x72,0x20,0x76,0x65,0x72,0x77,0x65,0x6e,
  0x64,0x65,0x6e,0x2c,0x20,0x65,0x72,0x74,0xc3,0xb6,0x6e,0x74,0x20,0x6e,0x61,0x63,
  0x68,0x20,0x6a,0x65,0x64,0x65,0x72,0x20,0x65,0x72,0x66,0x6f,0x6c,0x67,0x72,0x65,
  0x69,0x63,0x68,0x65,0x6e,0x20,0x41,0x75,0x66,0x6e,0x61,0x68,0x6d,0x65,0x20,0x65,
  0x69,0x6e,0xa,0x6b,0x75,0x72,0x7a,0x65,0x72,0x20,0x4b,0x6f,0x6e,0x74,0x72,0x6f,
  0x6c,0x6c,0x74,0x6f,0x6e,0x20,0x69,0x6e,0x20,0x67,0x6c,0x65,0x69,0x63,0x68,0x65,
  0x72,0x20,0x48,0xc3,0xb6,0x68,0x65,0x2e,0x20,0x44,0x69,0x65,0x20,0x54,0x61,0x73,
  0x74,0x65,0x20,0x77,0x69,0x72,0x64,0x20,0x6d,0x69,0x74,0x20,0x65,0x69,0x6e,0x65,
  0x6d,0x20,0x67,0x72,0xc3,0xbc,0x6e,0x65,0x6e,0xa,0x48,0x61,0x6b,0x65,0x6e,0x20,
  0x6d,0x61,0x72,0x6b,0x69,0x65,0x72,0x74,0x2e,0x20,0xa,0x3c,0x2f,0x70,0x3e,0xa,
  0x3c,0x70,0x20,0x73,0x74,0x79,0x6c,0x65,0x3d,0x22,0x6d,0x61,0x72,0x67,0x69,0x6e,
  0x2d,0x74,0x6f,0x70,0x3a,0x20,0x30,0x2e,0x34,0x32,0x63,0x6d,0x22,0x3e,0x57,0x65,
  0x6e,0x6e,0x20,0x53,0x69,0x65,0x20,0x65,0x69,0x6e,0x65,0x6e,0x20,0x54,0x6f,0x6e,
  0x20,0x6e,0x6f,0x63,0x68,0x6d,0x61,0x6c,0x20,0x61,0x75,0x66,0x6e,0x65,0x68,0x6d,
  0x65,0x6e,0xa,0x77,0x6f,0x6c,0x6c,0x65,0x6e,0x2c,0x20,0x73,0x65,0x6c,0x65,0x6b,
  0x74,0x69,0x65,0x72,0x65,0x6e,0x20,0x53,0x69,0x65,0x20,0x64,0x69,0x65,0x20,0x65,
  0x6e,0x74,0x73,0x70,0x72,0x65,0x63,0x68,0x65,0x6e,0x64,0x65,0x20,0x54,0x61,0x73,
  0x74,0x65,0x20,0x64,0x75,0x72,0x63,0x68,0x20,0x65,0x69,0x6e,0x65,0x6e,0x20,0x4d,
  0x61,0x75,0x73,0x6b,0x6c,0x69,0x63,0x6b,0xa,0x6f,0x64,0x65,0x72,0x20,0x64,0x75,
  0x72,0x63,0x68,0x20,0x42,0x65,0x74,0xc3,0xa4,0x74,0x69,0x67,0x75,0x6e,0x67,0x20,
  0x64,0x65,0x72,0x20,0x52,0x69,0x63,0x68,0x74,0x75,0x6e,0x67,0x73,0x74,0x61,0x73,
  0x74,0x65,0x6e,0x2e,0x20,0x57,0x65,0x6e,0x6e,0x20,0x64,0x69,0x65,0x20,0x54,0x61,
  0x73,0x74,0x65,0x20,0x6e,0x69,0x63,0x68,0x74,0xa,0x6b,0x6f,0x72,0x72,0x65,0x6b,
  0x74,0x20,0x65,0x72,0x6b,0x61,0x6e,0x6e,0x74,0x20,0x77,0x69,0x72,0x64,0x2c,0x20,
  0x7a,0x2e,0x42,0x2e,0x20,0x62,0x65,0x69,0x20,0x64,0x65,0x6e,0x20,0x73,0x65,0x68,
  0x72,0x20,0x74,0x69,0x65,0x66,0x65,0x6e,0x20,0x75,0x6e,0x64,0x20,0x73,0x65,0x68,
  0x72,0x20,0x68,0x6f,0x68,0x65,0x6e,0x20,0x54,0xc3,0xb6,0x6e,0x65,0x6e,0x2c,0xa,
  0x6b,0x61,0x6e,0x6e,0x20,0x64,0x69,0x65,0x20,0x45,0x72,0x6b,0x65,0x6e,0x6e,0x75,
  0x6e,0x67,0x20,0x61,0x75,0x63,0x68,0x20,0x64,0x75,0x72,0x63,0x68,0x20,0x65,0x69,
  0x6e,0x65,0x6e,0x20,0x7a,0x77,0x65,0x69,0x66,0x61,0x63,0x68,0x65,0x6e,0x20,0x4d,
  0x61,0x75,0x73,0x6b,0x6c,0x69,0x63,0x6b,0x20,0x65,0x72,0x7a,0x77,0x75,0x6e,0x67,
  0x65,0x6e,0xa,0x77,0x65,0x72,0x64,0x65,0x6e,0x2e,0x3c,0x2f,0x70,0x3e,0xa,0x3c,
  0x70,0x20,0x73,0x74,0x79,0x6c,0x65,0x3d,0x22,0x6d,0x61,0x72,0x67,0x69,0x6e,0x2d,
  0x74,0x6f,0x70,0x3a,0x20,0x30,0x2e,0x34,0x32,0x63,0x6d,0x22,0x3e,0x44,0x65,0x72,
  0x20,0x45,0x54,0x50,0x20,0x7a,0x65,0x69,0x74,0x20,0x6f,0x62,0x65,0x6e,0x20,0x72,
  0x65,0x63,0x68,0x74,0x73,0x20,0x64,0x69,0x65,0x20,0x51,0x75,0x61,0x6c,0x69,0x74,
  0xc3,0xa4,0x74,0xa,0x64,0x65,0x73,0x20,0x61,0x75,0x66,0x67,0x65,0x6e,0x6f,0x6d,
  0x6d,0x65,0x6e,0x65,0x6e,0x20,0x53,0x69,0x67,0x6e,0x61,0x6c,0x73,0x20,0x61,0x6e,
  0x2e,0x20,0x44,0x69,0x65,0x73,0x65,0x20,0x6d,0x75,0x73,0x73,0x20,0x6e,0x69,0x63,
  0x68,0x74,0x20,0x6d,0x61,0x78,0x69,0x6d,0x61,0x6c,0x20,0x73,0x65,0x69,0x6e,0x2c,
  0x20,0x73,0x6f,0x6c,0x6c,0x74,0x65,0xa,0x61,0x62,0x65,0x72,0x20,0x76,0x6f,0x6e,
  0x20,0x54,0x61,0x73,0x74,0x65,0x20,0x7a,0x75,0x20,0x54,0x61,0x73,0x74,0x65,0x20,
  0x67,0x6c,0x65,0x69,0x63,0x68,0x6d,0xc3,0xa4,0xc3,0x9f,0x69,0x67,0x20,0x76,0x61,
  0x72,0x69,0x69,0x65,0x72,0x65,0x6e,0x2e,0x20,0x45,0x73,0x20,0x65,0x6d,0x70,0x66,
  0x69,0x65,0x68,0x6c,0x74,0x20,0x73,0x69,0x63,0x68,0x2c,0xa,0x6e,0x75,0x72,0x20,
  0x65,0x69,0x6e,0x65,0x20,0x53,0x61,0x69,0x74,0x65,0x20,0x70,0x72,0x6f,0x20,0x54,
  0x6f,0x6e,0x20,0x61,0x75,0x66,0x7a,0x75,0x6e,0x65,0x68,0x6d,0x65,0x6e,0x20,0x75,
  0x6e,0x64,0x20,0x64,0x69,0x65,0x20,0x61,0x6e,0x64,0x65,0x72,0x65,0x6e,0x20,0x7a,
  0x75,0x20,0x64,0xc3,0xa4,0x6d,0x70,0x66,0x65,0x6e,0x2e,0x3c,0x2f,0x70,0x3e,0xa,
  0x3c,0x70,0x20,0x73,0x74,0x79,0x6c,0x65,0x3d,0x22,0x6d,0x61,0x72,0x67,0x69,0x6e,
  0x2d,0x74,0x6f,0x70,0x3a,0x20,0x30,0x2e,0x34,0x32,0x63,0x6d,0x22,0x3e,0x4f,0x62,
  0x65,0x72,0x68,0x61,0x6c,0x62,0x20,0x64,0x65,0x73,0x20,0x53,0x70,0x65,0x6b,0x74,
  0x72,0x75,0x6d,0x73,0x20,0x65,0x6e,0x74,0x73,0x74,0x65,0x68,0x65,0x6e,0x20,0x7a,
  0x77,0x65,0x69,0xa,0x4b,0x75,0x72,0x76,0x65,0x6e,0x2e,0x20,0x44,0x69,0x65,0x20,
  0x62,0x6c,0x61,0x75,0x65,0x6e,0x20,0x4d,0x61,0x72,0x6b,0x69,0x65,0x72,0x75,0x6e,
  0x67,0x65,0x6e,0x20,0x67,0x65,0x62,0x65,0x6e,0x20,0x64,0x69,0x65,0x20,0x67,0x65,
  0x6d,0x65,0x73,0x73,0x65,0x6e,0x65,0x20,0x54,0x6f,0x6e,0x68,0xc3,0xb6,0x68,0x65,
  0x20,0x69,0x6e,0x20,0x43,0x65,0x6e,0x74,0xa,0x72,0x65,0x6c,0x61,0x74,0x69,0x76,
  0x20,0x7a,0x75,0x72,0x20,0x67,0x6c,0x65,0x69,0x63,0x68,0x74,0x65,0x6d,0x70,0x65,
  0x72,0x69,0x65,0x72,0x74,0x65,0x6e,0x20,0x53,0x74,0x69,0x6d,0x6d,0x75,0x6e,0x67,
  0x20,0x61,0x6e,0x2e,0x20,0x44,0x69,0x65,0x20,0x67,0x72,0x61,0x75,0x65,0x6e,0x20,
  0x4d,0x61,0x72,0x6b,0x69,0x65,0x72,0x75,0x6e,0x67,0x65,0x6e,0xa,0x73,0x69,0x6e,
  0x64,0x20,0x65,0x69,0x6e,0x20,0x4d,0x61,0xc3,0x9f,0x20,0x66,0xc3,0xbc,0x72,0x20,
  0x64,0x69,0x65,0x20,0x49,0x6e,0x68,0x61,0x72,0x6d,0x6f,0x6e,0x69,0x7a,0x69,0x74,
  0xc3,0xa4,0x74,0x2c,0x20,0x64,0x69,0x65,0x20,0x68,0x69,0x65,0x72,0x20,0x61,0x75,
  0x66,0x20,0x4b,0x6f,0x70,0x66,0x20,0x64,0x61,0x72,0x67,0x65,0x73,0x74,0x65,0x6c,
  0x6c,0x74,0xa,0x77,0x69,0x72,0x64,0x2e,0x20,0x44,0x69,0x65,0x20,0x49,0x6e,0x68,
  0x61,0x72,0x6d,0x6f,0x6e,0x69,0x7a,0x69,0x74,0xc3,0xa4,0x74,0x73,0x6d,0x61,0x72,
  0x6b,0x69,0x65,0x72,0x75,0x6e,0x67,0x65,0x6e,0x20,0x73,0x6f,0x6c,0x6c,0x74,0x65,
  0x6e,0x20,0x6b,0x65,0x69,0x6e,0x65,0x20,0x67,0x72,0x75,0x6e,0x64,0x6c,0x6f,0x73,
  0x65,0x6e,0xa,0x53,0x70,0x72,0xc3,0xbc,0x6e,0x67,0x65,0x20,0x61,0x75,0x66,0x77,
  0x65,0x69,0x73,0x65,0x6e,0x2e,0x20,0x49,0x6e,0x20,0x64,0x65,0x72,0x20,0x6f,0x62,
  0x65,0x72,0x73,0x74,0x65,0x6e,0x20,0x4f,0x6b,0x74,0x61,0x76,0x65,0x20,0x66,0x69,
  0x6e,0x64,0x65,0x74,0x20,0x6b,0x65,0x69,0x6e,0x65,0xa,0x49,0x6e,0x68,0x61,0x72,
  0x6d,0x6f,0x6e,0x69,0x7a,0x69,0x74,0xc3,0xa4,0x74,0x73,0x62,0x65,0x73,0x74,0x69,
  0x6d,0x6d,0x75,0x6e,0x67,0x20,0x73,0x74,0x61,0x74,0x74,0x2e,0x3c,0x2f,0x70,0x3e,
  0xa,0x3c,0x70,0x20,0x73,0x74,0x79,0x6c,0x65,0x3d,0x22,0x6d,0x61,0x72,0x67,0x69,
  0x6e,0x2d,0x74,0x6f,0x70,0x3a,0x20,0x30,0x2e,0x34,0x32,0x63,0x6d,0x22,0x3e,0x57,
  0x65,0x6e,0x6e,0x20,0x61,0x6c,0x6c,0x65,0x20,0x54,0x61,0x73,0x74,0x65,0x6e,0x20,
  0x6d,0x69,0x74,0x20,0x65,0x69,0x6e,0x65,0x6d,0x20,0x67,0x72,0xc3,0xbc,0x6e,0x65,
  0x6e,0xa,0x48,0x61,0x6b,0x65,0x6e,0x20,0x76,0x65,0x72,0x73,0x65,0x68,0x65,0x6e,
  0x20,0x73,0x69,0x6e,0x64,0x2c,0x20,0x73,0x70,0x65,0x69,0x63,0x68,0x65,0x72,0x6e,
  0x20,0x53,0x69,0x65,0x20,0x64,0x69,0x65,0x20,0x44,0x61,0x74,0x65,0x6e,0x20,0x61,
  0x62,0x20,0x28,0x44,0x61,0x74,0x65,0x69,0x2d,0x53,0x70,0x65,0x69,0x63,0x68,0x65,
  0x72,0x6e,0xa,0x61,0x6c,0x73,0x2e,0x2e,0x2e,0x29,0x2e,0x20,0x4d,0x69,0x74,0x20,
  0x65,0x69,0x6e,0x65,0x6d,0x20,0x4d,0x49,0x44,0x49,0x20,0x4b,0x65,0x79,0x62,0x6f,
  0x61,0x72,0x64,0x20,0x6b,0xc3,0xb6,0x6e,0x6e,0x65,0x6e,0x20,0x53,0x69,0x65,0x20,
  0x64,0x69,0x65,0x20,0x61,0x75,0x66,0x67,0x65,0x6e,0x6f,0x6d,0x6d,0x65,0x6e,0x65,
  0x6e,0x20,0x54,0xc3,0xb6,0x6e,0x65,0xa,0x61,0x6b,0x75,0x73,0x74,0x69,0x73,0x63,
  0x68,0x20,0xc3,0xbc,0x62,0x65,0x72,0x70,0x72,0xc3,0xbc,0x66,0x65,0x6e,0x2e,0x3c,
  0x2f,0x70,0x3e,0xa,0x3c,0x70,0x20,0x73,0x74,0x79,0x6c,0x65,0x3d,0x22,0x6d,0x61,
  0x72,0x67,0x69,0x6e,0x2d,0x74,0x6f,0x70,0x3a,0x20,0x30,0x2e,0x34,0x32,0x63,0x6d,
  0x3b,0x20,0x70,0x61,0x67,0x65,0x2d,0x62,0x72,0x65,0x61,0x6b,0x2d,0x61,0x66,0x74,
  0x65,0x72,0x3a,0x20,0x61,0x76,0x6f,0x69,0x64,0x22,0x3e,0x3c,0x61,0x20,0x6e,0x61,
  0x6d,0x65,0x3d,0x22,0x63,0x61,0x6c,0x63,0x75,0x6c,0x61,0x74,0x69,0x6e,0x67,0x22,
  0x3e,0x3c,0x2f,0x61,0x3e,0xa,0x3c,0x66,0x6f,0x6e,0x74,0x20,0x66,0x61,0x63,0x65,
  0x3d,0x22,0x41,0x6c,0x62,0x61,0x6e,0x79,0x2c,0x20,0x73,0x61,0x6e,0x73,0x2d,0x73,
  0x65,0x72,0x69,0x66,0x22,0x3e,0x3c,0x66,0x6f,0x6e,0x74,0x20,0x73,0x69,0x7a,0x65,
  0x3d,0x22,0x34,0x22,0x20,0x73,0x74,0x79,0x6c,0x65,0x3d,0x22,0x66,0x6f,0x6e,0x74,
  0x2d,0x73,0x69,0x7a,0x65,0x3a,0x20,0x31,0x34,0x70,0x74,0x22,0x3e,0x3c,0x62,0x3e,
  0x32,0x2e,0xa,0x42,0x65,0x72,0x65,0x63,0x68,0x6e,0x75,0x6e,0x67,0x3c,0x2f,0x62,
  0x3e,0x3c,0x2f,0x66,0x6f,0x6e,0x74,0x3e,0x3c,0x2f,0x66,0x6f,0x6e,0x74,0x3e,0x3c,
  0x2f,0x70,0x3e,0xa,0x3c,0x70,0x20,0x73,0x74,0x79,0x6c,0x65,0x3d,0x22,0x6d,0x61,
  0x72,0x67,0x69,0x6e,0x2d,0x74,0x6f,0x70,0x3a,0x20,0x30,0x2e,0x34,0x32,0x63,0x6d,
  0x3b,0x20,0x70,0x61,0x67,0x65,0x2d,0x62,0x72,0x65,0x61,0x6b,0x2d,0x61,0x66,0x74,
  0x65,0x72,0x3a,0x20,0x61,0x76,0x6f,0x69,0x64,0x22,0x3e,0x47,0x65,0x68,0x65,0x6e,
  0x20,0x53,0x69,0x65,0x20,0x69,0x6e,0xa,0x64,0x65,0x6e,0x20,0x42,0x65,0x72,0x65,
  0x63,0x68,0x6e,0x75,0x6e,0x67,0x73,0x6d,0x6f,0x64,0x75,0x73,0x20,0x75,0x6e,0x64,
  0x20,0x73,0x74,0x61,0x72,0x74,0x65,0x6e,0x20,0x53,0x69,0x65,0x20,0x64,0x69,0x65,
  0x20,0x42,0x65,0x72,0x65,0x63,0x68,0x6e,0x75,0x6e,0x67,0x2e,0x20,0x49,0x6d,0xa,
  0x53,0x74,0x69,0x6d,0x6d,0x6b,0x75,0x72,0x76,0x65,0x6e,0x66,0x65,0x6e,0x73,0x74,
  0x65,0x72,0x20,0x6b,0x61,0x6e,0x6e,0x20,0x6d,0x61,0x6e,0x20,0x64,0x65,0x6e,0x20,
  0x42,0x65,0x72,0x65,0x63,0x68,0x6e,0x75,0x6e,0x67,0x73,0x76,0x6f,0x72,0x67,0x61,
  0x6e,0x67,0x20,0x6d,0x69,0x74,0x76,0x65,0x72,0x66,0x6f,0x6c,0x67,0x65,0x6e,0x2c,
  0xa,0x77,0x6f,0x62,0x65,0x69,0x20,0x65,0x69,0x6e,0x65,0x20,0x53,0x74,0x69,0x6d,
  0x6d,0x6b,0x75,0x72,0x76,0x65,0x20,0x65,0x6e,0x74,0x73,0x74,0x65,0x68,0x74,0x2c,
  0x20,0x64,0x69,0x65,0x20,0x64,0x75,0x72,0x63,0x68,0x20,0x64,0x69,0x65,0x20,0x64,
  0x75,0x6e,0x6b,0x65,0x6c,0x67,0x72,0xc3,0xbc,0x6e,0x65,0x6e,0x20,0x4d,0x61,0x72,
  0x6b,0x65,0x72,0xa,0x72,0x65,0x70,0x72,0xc3,0xa4,0x73,0x65,0x6e,0x74,0x69,0x65,
  0x72,0x74,0x20,0x77,0x69,0x72,0x64,0x2e,0x20,0x57,0x65,0x6e,0x6e,0x20,0x6b,0x65,
  0x69,0x6e,0x65,0x20,0x77,0x65,0x73,0x65,0x6e,0x74,0x6c,0x69,0x63,0x68,0x65,0x6e,
  0x20,0xc3,0x84,0x6e,0x64,0x65,0x72,0x75,0x6e,0x67,0x65,0x6e,0x20,0x6d,0x65,0x68,
  0x72,0xa,0x73,0x74,0x61,0x74,0x74,0x66,0x69,0x6e,0x64,0x65,0x6e,0x20,0x75,0x6e,
  0x64,0x20,0x53,0x69,0x65,0x20,0x64,0x69,0x65,0x20,0x53,0x74,0x69,0x6d,0x6d,0x6b,
  0x75,0x72,0x76,0x65,0x20,0x66,0xc3,0xbc,0x72,0x20,0x70,0x6c,0x61,0x75,0x73,0x69,
  0x62,0x65,0x6c,0x20,0x68,0x61,0x6c,0x74,0x65,0x6e,0x2c,0x20,0x6b,0xc3,0xb6,0x6e,
  0x6e,0x65,0x6e,0x20,0x53,0x69,0x65,0xa,0x64,0x65,0x6e,0x20,0x42,0x65,0x72,0x65,
  0x63,0x68,0x6e,0x75,0x6e,0x67,0x73,0x76,0x6f,0x72,0x67,0x61,0x6e,0x67,0x20,0x61,
  0x62,0x62,0x72,0x65,0x63,0x68,0x65,0x6e,0x2e,0x20,0xa,0x3c,0x2f,0x70,0x3e,0xa,
  0x3c,0x70,0x20,0x73,0x74,0x79,0x6c,0x65,0x3d,0x22,0x6d,0x61,0x72,0x67,0x69,0x6e,
  0x2d,0x74,0x6f,0x70,0x3a,0x20,0x30,0x2e,0x34,0x32,0x63,0x6d,0x22,0x3e,0x53,0x69,
  0x65,0x20,0x6b,0xc3,0xb6,0x6e,0x6e,0x65,0x6e,0x20,0x61,0x6e,0x73,0x63,0x68,0x6c,
  0x69,0x65,0xc3,0x9f,0x65,0x6e,0x64,0x20,0x6d,0x69,0x74,0x20,0x65,0x69,0x6e,0x65,
  0x6d,0xa,0x4d,0x49,0x44,0x49,0x2d,0x4b,0x65,0x79,0x62,0x6f,0x61,0x72,0x64,0x20,
  0x64,0x69,0x65,0x20,0x6e,0x65,0x75,0x20,0x62,0x65,0x72,0x65,0x63,0x68,0x6e,0x65,
  0x74,0x65,0x20,0x53,0x74,0x69,0x6d,0x6d,0x75,0x6e,0x67,0x20,0x61,0x75,0x73,0x70,
  0x72,0x6f,0x62,0x69,0x65,0x72,0x65,0x6e,0x2e,0x20,0x44,0x61,0x62,0x65,0x69,0xa,
  0x69,0x6d,0x69,0x74,0x69,0x65,0x72,0x74,0x20,0x64,0x65,0x72,0x20,0x73,0x79,0x6e,
  0x74,0x68,0x65,0x74,0x69,0x73,0x63,0x68,0x20,0x65,0x72,0x7a,0x65,0x75,0x67,0x74,
  0x65,0x20,0x4b,0x6c,0x61,0x6e,0x67,0x20,0x64,0x69,0x65,0x20,0x67,0x65,0x6d,0x65,
  0x73,0x73,0x65,0x6e,0x65,0x20,0x49,0x6e,0x68,0x61,0x72,0x6d,0x6f,0x6e,0x69,0x7a,
  0x69,0x74,0xc3,0xa4,0x74,0x2e,0xa,0x53,0x6f,0x6c,0x6c,0x74,0x65,0x6e,0x20,0x65,
  0x69,0x6e,0x7a,0x65,0x6c,0x6e,0x65,0x20,0x65,0x72,0x6b,0x65,0x6e,0x6e,0x62,0x61,
  0x72,0x20,0x66,0x61,0x6c,0x73,0x63,0x68,0x20,0x67,0x65,0x73,0x74,0x69,0x6d,0x6d,
  0x74,0x65,0x20,0x54,0xc3,0xb6,0x6e,0x65,0x20,0x64,0x61,0x62,0x65,0x69,0x20,0x73,
  0x65,0x69,0x6e,0x2c,0x20,0x69,0x73,0x74,0x20,0x65,0x73,0xa,0x6d,0xc3,0xb6,0x67,
  0x6c,0x69,0x63,0x68,0x2c,0x20,0x64,0x69,0x65,0x20,0x65,0x6e,0x74,0x73,0x70,0x72,
  0x65,0x63,0x68,0x65,0x6e,0x64,0x65,0x6e,0x20,0x64,0x75,0x6e,0x6b,0x65,0x6c,0x67,
  0x72,0xc3,0xbc,0x6e,0x65,0x6e,0x20,0x4d,0x61,0x72,0x6b,0x69,0x65,0x72,0x75,0x6e,
  0x67,0x65,0x6e,0x20,0x69,0x6e,0x20,0x64,0x65,0x72,0xa,0x53,0x74,0x69,0x6d,0x6d,
  0x6b,0x75,0x72,0x76,0x65,0x20,0x6d,0x69,0x74,0x20,0x48,0x69,0x6c,0x66,0x65,0x20,
  0x64,0x65,0x72,0x20,0x4d,0x61,0x75,0x73,0x20,0x7a,0x75,0x20,0x76,0x65,0x72,0x73,
  0x63,0x68,0x69,0x65,0x62,0x65,0x6e,0x2e,0x3c,0x2f,0x70,0x3e,0xa,0x3c,0x70,0x20,
  0x73,0x74,0x79,0x6c,0x65,0x3d,0x22,0x6d,0x61,0x72,0x67,0x69,0x6e,0x2d,0x74,0x6f,
  0x70,0x3a,0x20,0x30,0x2e,0x34,0x32,0x63,0x6d,0x22,0x3e,0x4e,0x61,0x63,0x68,0x20,
  0x65,0x72,0x66,0x6f,0x6c,0x67,0x72,0x65,0x69,0x63,0x68,0x65,0x72,0x20,0x42,0x65,
  0x72,0x65,0x63,0x68,0x6e,0x75,0x6e,0x67,0x20,0x73,0x70,0x65,0x69,0x63,0x68,0x65,
  0x72,0x6e,0xa,0x53,0x69,0x65,0x20,0x64,0x61,0x73,0x20,0x50,0x72,0x6f,0x6a,0x65,
  0x6b,0x74,0x2e,0x3c,0x2f,0x70,0x3e,0xa,0x3c,0x70,0x20,0x73,0x74,0x79,0x6c,0x65,
  0x3d,0x22,0x6d,0x61,0x72,0x67,0x69,0x6e,0x2d,0x74,0x6f,0x70,0x3a,0x20,0x30,0x2e,
  0x34,0x32,0x63,0x6d,0x3b,0x20,0x70,0x61,0x67,0x65,0x2d,0x62,0x72,0x65,0x61,0x6b,
  0x2d,0x61,0x66,0x74,0x65,0x72,0x3a,0x20,0x61,0x76,0x6f,0x69,0x64,0x22,0x3e,0x3c,
  0x61,0x20,0x6e,0x61,0x6d,0x65,0x3d,0x22,0x74,0x75,0x6e,0x69,0x6e,0x67,0x22,0x3e,
  0x3c,0x2f,0x61,0x3e,0xa,0x3c,0x66,0x6f,0x6e,0x74,0x20,0x66,0x61,0x63,0x65,0x3d,
  0x22,0x41,0x6c,0x62,0x61,0x6e,0x79,0x2c,0x20,0x73,0x61,0x6e,0x73,0x2d,0x73,0x65,
  0x72,0x69,0x66,0x22,0x3e,0x3c,0x66,0x6f,0x6e,0x74,0x20,0x73,0x69,0x7a,0x65,0x3d,
  0x22,0x34,0x22,0x20,0x73,0x74,0x79,0x6c,0x65,0x3d,0x22,0x66,0x6f,0x6e,0x74,0x2d,
  0x73,0x69,0x7a,0x65,0x3a,0x20,0x31,0x34,0x70,0x74,0x22,0x3e,0x3c,0x62,0x3e,0x33,
  0x2e,0xa,0x53,0x74,0x69,0x6d,0x6d,0x65,0x6e,0x3c,0x2f,0x62,0x3e,0x3c,0x2f,0x66,
  0x6f,0x6e,0x74,0x3e,0x3c,0x2f,0x66,0x6f,0x6e,0x74,0x3e,0x3c,0x2f,0x70,0x3e,0xa,
  0x3c,0x70,0x20,0x73,0x74,0x79,0x6c,0x65,0x3d,0x22,0x6d,0x61,0x72,0x67,0x69,0x6e,
  0x2d,0x74,0x6f,0x70,0x3a,0x20,0x30,0x2e,0x34,0x32,0x63,0x6d,0x3b,0x20,0x70,0x61,
  0x67,0x65,0x2d,0x62,0x72,0x65,0x61,0x6b,0x2d,0x61,0x66,0x74,0x65,0x72,0x3a,0x20,
  0x61,0x76,0x6f,0x69,0x64,0x22,0x3e,0x5a,0x75,0x6d,0x20,0x53,0x74,0x69,0x6d,0x6d,
  0x65,0x6e,0xa,0x67,0x65,0x68,0x65,0x6e,0x20,0x53,0x69,0x65,0x20,0x69,0x6e,0x20,
  0x64,0x65,0x6e,0x20,0x53,0x74,0x69,0x6d,0x6d,0x6d,0x6f,0x64,0x75,0x73,0x2e,0x20,
  0x44,0x65,0x72,0x20,0x45,0x50,0x54,0x20,0x61,0x72,0x62,0x65,0x69,0x74,0x65,0x74,
  0x20,0x68,0x69,0x65,0x72,0x20,0x77,0x69,0x65,0x20,0x65,0x69,0x6e,0xa,0x6b,0x6f,
  0x6e,0x76,0x65,0x6e,0x74,0x69,0x6f,0x6e,0x65,0x6c,0x6c,0x65,0x73,0x20,0x53,0x74,
  0x69,0x6d,0x6d,0x67,0x65,0x72,0xc3,0xa4,0x74,0x2e,0x20,0x41,0x6c,0x6c,0x65,0x72,
  0x64,0x69,0x6e,0x67,0x73,0x20,0x61,0x72,0x62,0x65,0x69,0x74,0x65,0x74,0x20,0x64,
  0x69,0x65,0xa,0x46,0x72,0x65,0x71,0x75,0x65,0x6e,0x7a,0x65,0x72,0x6b,0x65,0x6e,
  0x6e,0x75,0x6e,0x67,0x20,0x6e,0x75,0x72,0x20,0x64,0x61,0x6e,0x6e,0x20,0x66,0x65,
  0x68,0x6c,0x65,0x72,0x66,0x72,0x65,0x69,0x2c,0x20,0x77,0x65,0x6e,0x6e,0x20,0x64,
  0x69,0x65,0x20,0x61,0x75,0x66,0x67,0x65,0x6e,0x6f,0x6d,0x6d,0x65,0x6e,0x65,0x6e,
  0x20,0x54,0xc3,0xb6,0x6e,0x65,0xa,0x74,0x61,0x74,0x73,0xc3,0xa4,0x63,0x68,0x6c,
  0x69,0x63,0x68,0x20,0x76,0x6f,0x6e,0x20,0x64,0x65,0x6d,0x20,0x7a,0x75,0x20,0x73,
  0x74,0x69,0x6d,0x6d,0x65,0x6e,0x64,0x65,0x6e,0x20,0x49,0x6e,0x73,0x74,0x72,0x75,
  0x6d,0x65,0x6e,0x74,0x20,0x73,0x74,0x61,0x6d,0x6d,0x65,0x6e,0x2e,0x3c,0x2f,0x70,
  0x3e,0xa,0x3c,0x70,0x20,0x73,0x74,0x79,0x6c,0x65,0x3d,0x22,0x6d,0x61,0x72,0x67,
  0x69,0x6e,0x2d,0x74,0x6f,0x70,0x3a,0x20,0x30,0x2e,0x34,0x32,0x63,0x6d,0x22,0x3e,
  0x42,0x72,0x69,0x6e,0x67,0x65,0x6e,0x20,0x53,0x69,0x65,0x20,0x7a,0x75,0x6d,0x20,
  0x53,0x74,0x69,0x6d,0x6d,0x65,0x6e,0x20,0x64,0x69,0x65,0x20,0x72,0x65,0x63,0x68,
  0x74,0x65,0x63,0x6b,0x69,0x67,0x65,0xa,0x4d,0x61,0x72,0x6b,0x69,0x65,0x72,0x75,
  0x6e,0x67,0x20,0x69,0x6e,0x20,0x64,0x69,0x65,0x20,0x4d,0x69,0x74,0x74,0x65,0x20,
  0x64,0x65,0x73,0x20,0x53,0x69,0x67,0x6e,0x61,0x6c,0x61,0x6e,0x61,0x6c,0x79,0x73,
  0x61,0x74,0x6f,0x72,0x73,0x20,0x62,0x7a,0x77,0x2e,0x20,0x64,0x69,0x65,0x20,0x72,
  0x6f,0x74,0x65,0xa,0x4d,0x61,0x72,0x6b,0x69,0x65,0x72,0x75,0x6e,0x67,0x20,0x69,
  0x6e,0x20,0x64,0x65,0x6e,0x20,0x67,0x72,0xc3,0xbc,0x6e,0x20,0x68,0x69,0x6e,0x74,
  0x65,0x72,0x6c,0x65,0x67,0x74,0x65,0x6e,0x20,0x42,0x65,0x72,0x65,0x69,0x63,0x68,
  0x2e,0x20,0x42,0x65,0x69,0x20,0x6d,0x65,0x68,0x72,0x65,0x72,0x65,0x6e,0x20,0x53,
  0x61,0x69,0x74,0x65,0x6e,0x20,0x70,0x72,0x6f,0xa,0x54,0x6f,0x6e,0x20,0x65,0x6d,
  0x70,0x66,0x69,0x65,0x68,0x6c,0x74,0x20,0x65,0x73,0x20,0x73,0x69,0x63,0x68,0x2c,
  0x20,0x7a,0x75,0x65,0x72,0x73,0x74,0x20,0x65,0x69,0x6e,0x65,0x20,0x53,0x61,0x69,
  0x74,0x65,0x20,0x7a,0x75,0x20,0x73,0x74,0x69,0x6d,0x6d,0x65,0x6e,0x20,0x75,0x6e,
  0x64,0x20,0x64,0x61,0x6e,0x6e,0x20,0x64,0x69,0x65,0xa,0x6a,0x65,0x77,0x65,0x69,
  0x6c,0x73,0x20,0x61,0x6e,0x64,0x65,0x72,0x65,0x6e,0x20,0x72,0x65,0x6c,0x61,0x74,
  0x69,0x76,0x20,0x64,0x61,0x7a,0x75,0x20,0x6e,0x61,0x63,0x68,0x20,0x47,0x65,0x68,
  0xc3,0xb6,0x72,0x20,0x7a,0x75,0x20,0x73,0x74,0x69,0x6d,0x6d,0x65,0x6e,0x2e,0x3c,
  0x2f,0x70,0x3e,0xa,0x3c,0x70,0x20,0x73,0x74,0x79,0x6c,0x65,0x3d,0x22,0x6d,0x61,
  0x72,0x67,0x69,0x6e,0x2d,0x74,0x6f,0x70,0x3a,0x20,0x30,0x2e,0x34,0x32,0x63,0x6d,
  0x22,0x3e,0x44,0x65,0x72,0x20,0x61,0x6b,0x74,0x75,0x65,0x6c,0x6c,0x20,0x67,0x65,
  0x73,0x74,0x69,0x6d,0x6d,0x74,0x65,0x20,0x54,0x6f,0x6e,0x20,0x77,0x69,0x72,0x64,
  0x20,0x69,0x6d,0xa,0x53,0x74,0x69,0x6d,0x6d,0x6d,0x6f,0x64,0x75,0x73,0x20,0x61,
  0x75,0x74,0x6f,0x6d,0x61,0x74,0x69,0x73,0x63,0x68,0x20,0x65,0x72,0x6b,0x61,0x6e,
  0x6e,0x74,0x2e,0x20,0x49,0x6d,0x20,0x4b,0x6f,0x70,0x66,0x68,0xc3,0xb6,0x72,0x65,
  0x72,0x20,0x65,0x6e,0x74,0x73,0x74,0x65,0x68,0x74,0x20,0x64,0x61,0x62,0x65,0x69,
  0x20,0x65,0x69,0x6e,0xa,0x73,0x79,0x6e,0x74,0x68,0x65,0x74,0x69,0x73,0x63,0x68,
  0x20,0x65,0x72,0x7a,0x65,0x75,0x67,0x74,0x65,0x72,0x20,0x4b,0x6c,0x61,0x6e,0x67,
  0x2c,0x20,0x64,0x65,0x72,0x20,0x6d,0x69,0x74,0x20,0x64,0x65,0x72,0x20,0x7a,0x75,
  0x20,0x73,0x74,0x69,0x6d,0x6d,0x65,0x6e,0x64,0x65,0x6e,0x20,0x53,0x61,0x69,0x74,
  0x65,0xa,0xc3,0xbc,0x62,0x65,0x72,0x65,0x69,0x6e,0x73,0x74,0x69,0x6d,0x6d,0x65,
  0x6e,0x20,0x73,0x6f,0x6c,0x6c,0x74,0x65,0x20,0x75,0x6e,0x64,0x20,0x62,0x65,0x69,
  0x20,0x53,0x63,0x68,0x77,0x65,0x62,0x75,0x6e,0x67,0x65,0x6e,0x20,0x65,0x69,0x6e,
  0x65,0x20,0x41,0x62,0x77,0x65,0x69,0x63,0x68,0x75,0x6e,0x67,0x20,0x61,0x6e,0x7a,
  0x65,0x69,0x67,0x74,0x2e,0xa,0x44,0x75,0x72,0x63,0x68,0x20,0x41,0x6e,0x6b,0x6c,
  0x69,0x63,0x6b,0x65,0x6e,0x20,0x6b,0x61,0x6e,0x6e,0x20,0x61,0x75,0x63,0x68,0x20,
  0x65,0x69,0x6e,0x65,0x20,0x54,0x61,0x73,0x74,0x65,0x20,0x66,0x65,0x73,0x74,0x20,
  0x76,0x6f,0x72,0x67,0x65,0x67,0x65,0x62,0x65,0x6e,0x20,0x77,0x65,0x72,0x64,0x65,
  0x6e,0x2e,0x3c,0x2f,0x70,0x3e,0xa,0x3c,0x70,0x20,0x73,0x74,0x79,0x6c,0x65,0x3d,
  0x22,0x6d,0x61,0x72,0x67,0x69,0x6e,0x2d,0x74,0x6f,0x70,0x3a,0x20,0x30,0x2e,0x34,
  0x32,0x63,0x6d,0x3b,0x20,0x70,0x61,0x67,0x65,0x2d,0x62,0x72,0x65,0x61,0x6b,0x2d,
  0x61,0x66,0x74,0x65,0x72,0x3a,0x20,0x61,0x76,0x6f,0x69,0x64,0x22,0x3e,0x3c,0x61,
  0x20,0x6e,0x61,0x6d,0x65,0x3d,0x22,0x6c,0x69,0x63,0x65,0x6e,0x73,0x65,0x22,0x3e,
  0x3c,0x2f,0x61,0x3e,0xa,0x3c,0x66,0x6f,0x6e,0x74,0x20,0x66,0x61,0x63,0x65,0x3d,
  0x22,0x41,0x6c,0x62,0x61,0x6e,0x79,0x2c,0x20,0x73,0x61,0x6e,0x73,0x2d,0x73,0x65,
  0x72,0x69,0x66,0x22,0x3e,0x3c,0x66,0x6f,0x6e,0x74,0x20,0x73,0x69,0x7a,0x65,0x3d,
  0x22,0x34,0x22,0x20,0x73,0x74,0x79,0x6c,0x65,0x3d,0x22,0x66,0x6f,0x6e,0x74,0x2d,
  0x73,0x69,0x7a,0x65,0x3a,0x20,0x31,0x34,0x70,0x74,0x22,0x3e,0x3c,0x62,0x3e,0x4c,
  0x69,0x7a,0x65,0x6e,0x7a,0xa,0x2f,0x20,0x48,0x61,0x66,0x74,0x75,0x6e,0x67,0x73,
  0x61,0x75,0x73,0x73,0x63,0x68,0x6c,0x75,0x73,0x73,0x3c,0x2f,0x62,0x3e,0x3c,0x2f,
  0x66,0x6f,0x6e,0x74,0x3e,0x3c,0x2f,0x66,0x6f,0x6e,0x74,0x3e,0x3c,0x2f,0x70,0x3e,
  0xa,0x3c,0x70,0x20,0x73,0x74,0x79,0x6c,0x65,0x3d,0x22,0x6d,0x61,0x72,0x67,0x69,
  0x6e,0x2d,0x74,0x6f,0x70,0x3a,0x20,0x30,0x2e,0x34,0x32,0x63,0x6d,0x3b,0x20,0x70,
  0x61,0x67,0x65,0x2d,0x62,0x72,0x65,0x61,0x6b,0x2d,0x61,0x66,0x74,0x65,0x72,0x3a,
  0x20,0x61,0x76,0x6f,0x69,0x64,0x22,0x3e,0x44,0x65,0x72,0xa,0x45,0x6e,0x74,0x72,
  0x6f,0x70,0x69,0x65,0x2d,0x50,0x69,0x61,0x6e,0x6f,0x2d,0x54,0x75,0x6e,0x65,0x72,
  0x20,0x28,0x45,0x50,0x54,0x29,0x20,0x69,0x73,0x74,0x20,0x3c,0x62,0x3e,0x6b,0x6f,
  0x73,0x74,0x65,0x6e,0x6c,0x6f,0x73,0x3c,0x2f,0x62,0x3e,0x20,0x65,0x72,0x68,0xc3,
  0xa4,0x6c,0x74,0x6c,0x69,0x63,0x68,0x20,0x75,0x6e,0x64,0x20,0x64,0x61,0x72,0x66,
  0xa,0x66,0xc3,0xbc,0x72,0x20,0x70,0x72,0x69,0x76,0x61,0x74,0x65,0x20,0x75,0x6e,
  0x64,0x20,0x67,0x65,0x77,0x65,0x72,0x62,0x6c,0x69,0x63,0x68,0x65,0x20,0x5a,0x77,
  0x65,0x63,0x6b,0x65,0x20,0x76,0x65,0x72,0x77,0x65,0x6e,0x64,0x65,0x74,0x20,0x77,
  0x65,0x72,0x64,0x65,0x6e,0x2e,0x20,0x45,0x73,0x20,0x68,0x61,0x6e,0x64,0x65,0x6c,
  0x74,0x20,0x73,0x69,0x63,0x68,0xa,0x75,0x6d,0x20,0x65,0x69,0x6e,0x65,0x20,0x3c,
  0x73,0x70,0x61,0x6e,0x20,0x73,0x74,0x79,0x6c,0x65,0x3d,0x22,0x66,0x6f,0x6e,0x74,
  0x2d,0x77,0x65,0x69,0x67,0x68,0x74,0x3a,0x20,0x6e,0x6f,0x72,0x6d,0x61,0x6c,0x22,
  0x3e,0x71,0x75,0x65,0x6c,0x6c,0x6f,0x66,0x66,0x65,0x6e,0x65,0x3c,0x2f,0x73,0x70,
  0x61,0x6e,0x3e,0xa,0x53,0x6f,0x66,0x74,0x77,0x61,0x72,0x65,0x2c,0x20,0x64,0x69,
  0x65,0x20,0x75,0x6e,0x74,0x65,0x72,0x20,0x64,0x65,0x72,0x20,0x3c,0x61,0x20,0x68,
  0x72,0x65,0x66,0x3d,0x22,0x68,0x74,0x74,0x70,0x73,0x3a,0x2f,0x2f,0x67,0x6e,0x75,
  0x2e,0x6f,0x72,0x67,0x2f,0x6c,0x69,0x63,0x65,0x6e,0x73,0x65,0x73,0x2f,0x67,0x70,
  0x6c,0x2e,0x68,0x74,0x6d,0x6c,0x22,0x3e,0x47,0x4e,0x55,0x2d,0x47,0x50,0x4c,0x2d,
  0x4c,0x69,0x7a,0x65,0x6e,0x7a,0x3c,0x2f,0x61,0x3e,0xa,0x76,0x65,0x72,0xc3,0xb6,
  0x66,0x66,0x65,0x6e,0x74,0x6c,0x69,0x63,0x68,0x74,0x20,0x77,0x69,0x72,0x64,0x2e,
  0x20,0x3c,0x66,0x6f,0x6e,0x74,0x20,0x63,0x6f,0x6c,0x6f,0x72,0x3d,0x22,0x23,0x38,
  0x30,0x30,0x30,0x30,0x30,0x22,0x3e,0x3c,0x62,0x3e,0x57,0x69,0x72,0x20,0x77,0x65,
  0x69,0x73,0x65,0x6e,0xa,0x61,0x75,0x73,0x64,0x72,0xc3,0xbc,0x63,0x6b,0x6c,0x69,
  0x63,0x68,0x20,0x64,0x61,0x72,0x61,0x75,0x66,0x20,0x68,0x69,0x6e,0x2c,0x20,0x64,
  0x61,0x73,0x73,0x20,0x64,0x61,0x73,0x20,0x53,0x74,0x69,0x6d,0x6d,0x65,0x6e,0x20,
  0x76,0x6f,0x6e,0x20,0x4b,0x6c,0x61,0x76,0x69,0x65,0x72,0x65,0x6e,0x20,0x65,0x69,
  0x6e,0x65,0xa,0x61,0x6e,0x73,0x70,0x72,0x75,0x63,0x68,0x73,0x76,0x6f,0x6c,0x6c,
  0x65,0x20,0x54,0xc3,0xa4,0x74,0x69,0x67,0x6b,0x65,0x69,0x74,0x20,0x69,0x73,0x74,
  0x2c,0x20,0x64,0x69,0x65,0x20,0x65,0x69,0x6e,0x65,0x20,0x75,0x6d,0x66,0x61,0x73,
  0x73,0x65,0x6e,0x64,0x65,0x20,0x6d,0x65,0x68,0x72,0x6a,0xc3,0xa4,0x68,0x72,0x69,
  0x67,0x65,0xa,0x42,0x65,0x72,0x75,0x66,0x73,0x61,0x75,0x73,0x62,0x69,0x6c,0x64,
  0x75,0x6e,0x67,0x20,0x65,0x72,0x66,0x6f,0x72,0x64,0x65,0x72,0x74,0x2e,0x20,0x44,
  0x75,0x72,0x63,0x68,0x20,0x75,0x6e,0x73,0x61,0x63,0x68,0x67,0x65,0x6d,0xc3,0xa4,
  0xc3,0x9f,0x65,0x73,0x20,0x53,0x74,0x69,0x6d,0x6d,0x65,0x6e,0x20,0x6b,0x61,0x6e,
  0x6e,0x20,0x49,0x68,0x72,0xa,0x49,0x6e,0x73,0x74,0x72,0x75,0x6d,0x65,0x6e,0x74,
  0x20,0x73,0x63,0x68,0x77,0x65,0x72,0x3c,0x2f,0x62,0x3e,0x3c,0x2f,0x66,0x6f,0x6e,
  0x74,0x3e,0x3c,0x66,0x6f,0x6e,0x74,0x20,0x63,0x6f,0x6c,0x6f,0x72,0x3d,0x22,0x23,
  0x38,0x30,0x30,0x30,0x30,0x30,0x22,0x3e,0x20,0x3c,0x2f,0x66,0x6f,0x6e,0x74,0x3e,
  0x3c,0x66,0x6f,0x6e,0x74,0x20,0x63,0x6f,0x6c,0x6f,0x72,0x3d,0x22,0x23,0x38,0x30,
  0x30,0x30,0x30,0x30,0x22,0x3e,0x3c,0x62,0x3e,0x62,0x65,0x73,0x63,0x68,0xc3,0xa4,
  0x64,0x69,0x67,0x74,0xa,0x77,0x65,0x72,0x64,0x65,0x6e,0x2e,0x20,0x44,0x69,0x65,
  0x20,0x41,0x6e,0x77,0x65,0x6e,0x64,0x75,0x6e,0x67,0x20,0x64,0x65,0x72,0x20,0x53,
  0x6f,0x66,0x74,0x77,0x61,0x72,0x65,0x20,0x67,0x65,0x73,0x63,0x68,0x69,0x65,0x68,
  0x74,0x20,0x61,0x75,0x66,0x20,0x65,0x69,0x67,0x65,0x6e,0x65,0x20,0x47,0x65,0x66,
  0x61,0x68,0x72,0x2e,0x20,0x3c,0x2f,0x62,0x3e,0x3c,0x2f,0x66,0x6f,0x6e,0x74,0x3e,
  0xa,0x3c,0x2f,0x70,0x3e,0xa,0x3c,0x70,0x20,0x73,0x74,0x79,0x6c,0x65,0x3d,0x22,
  0x6d,0x61,0x72,0x67,0x69,0x6e,0x2d,0x74,0x6f,0x70,0x3a,0x20,0x30,0x2e,0x34,0x32,
  0x63,0x6d,0x22,0x3e,0x3c,0x66,0x6f,0x6e,0x74,0x20,0x66,0x61,0x63,0x65,0x3d,0x22,
  0x41,0x6c,0x62,0x61,0x6e,0x79,0x2c,0x20,0x73,0x61,0x6e,0x73,0x2d,0x73,0x65,0x72,
  0x69,0x66,0x22,0x3e,0x3c,0x66,0x6f,0x6e,0x74,0x20,0x73,0x69,0x7a,0x65,0x3d,0x22,
  0x34,0x22,0x20,0x73,0x74,0x79,0x6c,0x65,0x3d,0x22,0x66,0x6f,0x6e,0x74,0x2d,0x73,
  0x69,0x7a,0x65,0x3a,0x20,0x31,0x34,0x70,0x74,0x22,0x3e,0x3c,0x62,0x3e,0x46,0x65,
  0x65,0x64,0x62,0x61,0x63,0x6b,0x3c,0x2f,0x62,0x3e,0x3c,0x2f,0x66,0x6f,0x6e,0x74,
  0x3e,0x3c,0x2f,0x66,0x6f,0x6e,0x74,0x3e,0x3c,0x2f,0x70,0x3e,0xa,0x3c,0x70,0x3e,
  0x57,0x65,0x6e,0x6e,0x20,0x53,0x69,0x65,0x20,0x52,0xc3,0xbc,0x63,0x6b,0x6d,0x65,
  0x6c,0x64,0x75,0x6e,0x67,0x65,0x6e,0x20,0x75,0x6e,0x64,0x20,0x41,0x6e,0x72,0x65,
  0x67,0x75,0x6e,0x67,0x65,0x6e,0x20,0x68,0x61,0x62,0x65,0x6e,0x2c,0x20,0x73,0x63,
  0x68,0x69,0x63,0x6b,0x65,0x6e,0x20,0x53,0x69,0x65,0x20,0x75,0x6e,0x73,0xa,0x62,
  0x69,0x74,0x74,0x65,0x20,0x65,0x69,0x6e,0x65,0x20,0x65,0x2d,0x4d,0x61,0x69,0x6c,
  0x20,0x61,0x6e,0x20,0x3c,0x62,0x3e,0x69,0x6e,0x66,0x6f,0x20,0x61,0x74,0x20,0x70,
  0x69,0x61,0x6e,0x6f,0x2d,0x74,0x75,0x6e,0x65,0x72,0x2e,0x6f,0x72,0x67,0x3c,0x2f,
  0x62,0x3e,0x20,0x6f,0x64,0x65,0x72,0x20,0x62,0x65,0x6e,0x75,0x74,0x7a,0x65,0x6e,
  0x20,0x53,0x69,0x65,0xa,0x64,0x61,0x73,0x20,0x3c,0x61,0x20,0x68,0x72,0x65,0x66,
  0x3d,0x22,0x68,0x74,0x74,0x70,0x3a,0x2f,0x2f,0x70,0x69,0x61,0x6e,0x6f,0x2d,0x74,
  0x75,0x6e,0x65,0x72,0x2e,0x6f,0x72,0x67,0x2f,0x64,0x65,0x2f,0x63,0x6f,0x6e,0x74,
  0x61,0x63,0x74,0x22,0x3e,0x4b,0x6f,0x6e,0x74,0x61,0x6b,0x74,0x66,0x6f,0x72,0x6d,
  0x75,0x6c,0x61,0x72,0x3c,0x2f,0x61,0x3e,0x2e,0x3c,0x2f,0x70,0x3e,0xa,0x3c,0x2f,
  0x62,0x6f,0x64,0x79,0x3e,0xa,0x3c,0x2f,0x68,0x74,0x6d,0x6c,0x3e,
  
};

static const unsigned char qt_resource_name[] = {
  // tutorial
  0x0,0x8,
  0xc,0xb6,0x80,0x1c,
  0x0,0x74,
  0x0,0x75,0x0,0x74,0x0,0x6f,0x0,0x72,0x0,0x69,0x0,0x61,0x0,0x6c,
    // tutorial_en.html
  0x0,0x10,
  0x9,0x14,0x8d,0x5c,
  0x0,0x74,
  0x0,0x75,0x0,0x74,0x0,0x6f,0x0,0x72,0x0,0x69,0x0,0x61,0x0,0x6c,0x0,0x5f,0x0,0x65,0x0,0x6e,0x0,0x2e,0x0,0x68,0x0,0x74,0x0,0x6d,0x0,0x6c,
    // tutorial_zh.html
  0x0,0x10,
  0xd,0xb4,0x8d,0x1c,
  0x0,0x74,
  0x0,0x75,0x0,0x74,0x0,0x6f,0x0,0x72,0x0,0x69,0x0,0x61,0x0,0x6c,0x0,0x5f,0x0,0x7a,0x0,0x68,0x0,0x2e,0x0,0x68,0x0,0x74,0x0,0x6d,0x0,0x6c,
    // tutorial_pt.html
  0x0,0x10,
  0xa,0x74,0x8d,0x3c,
  0x0,0x74,
  0x0,0x75,0x0,0x74,0x0,0x6f,0x0,0x72,0x0,0x69,0x0,0x61,0x0,0x6c,0x0,0x5f,0x0,0x70,0x0,0x74,0x0,0x2e,0x0,0x68,0x0,0x74,0x0,0x6d,0x0,0x6c,
    // tutorial_fr.html
  0x0,0x10,
  0x0,0x54,0x8d,0x5c,
  0x0,0x74,
  0x0,0x75,0x0,0x74,0x0,0x6f,0x0,0x72,0x0,0x69,0x0,0x61,0x0,0x6c,0x0,0x5f,0x0,0x66,0x0,0x72,0x0,0x2e,0x0,0x68,0x0,0x74,0x0,0x6d,0x0,0x6c,
    // tutorial_de.html
  0x0,0x10,
  0x7,0x84,0x8d,0x5c,
  0x0,0x74,
  0x0,0x75,0x0,0x74,0x0,0x6f,0x0,0x72,0x0,0x69,0x0,0x61,0x0,0x6c,0x0,0x5f,0x0,0x64,0x0,0x65,0x0,0x2e,0x0,0x68,0x0,0x74,0x0,0x6d,0x0,0x6c,
  
};

static const unsigned char qt_resource_struct[] = {
  // :
  0x0,0x0,0x0,0x0,0x0,0x2,0x0,0x0,0x0,0x1,0x0,0x0,0x0,0x1,
0x0,0x0,0x0,0x0,0x0,0x0,0x0,0x0,
  // :/tutorial
  0x0,0x0,0x0,0x0,0x0,0x2,0x0,0x0,0x0,0x5,0x0,0x0,0x0,0x2,
0x0,0x0,0x0,0x0,0x0,0x0,0x0,0x0,
  // :/tutorial/tutorial_fr.html
  0x0,0x0,0x0,0x88,0x0,0x0,0x0,0x0,0x0,0x1,0x0,0x0,0x51,0x28,
0x0,0x0,0x1,0x9e,0xb8,0x5e,0x5c,0xa0,
  // :/tutorial/tutorial_de.html
  0x0,0x0,0x0,0xae,0x0,0x0,0x0,0x0,0x0,0x1,0x0,0x0,0x84,0x53,
0x0,0x0,0x1,0x9e,0xb8,0x5e,0x5c,0xa0,
  // :/tutorial/tutorial_en.html
  0x0,0x0,0x0,0x16,0x0,0x4,0x0,0x0,0x0,0x1,0x0,0x0,0x0,0x0,
0x0,0x0,0x1,0x9e,0xb8,0x5e,0x5c,0xa0,
  // :/tutorial/tutorial_pt.html
  0x0,0x0,0x0,0x62,0x0,0x0,0x0,0x0,0x0,0x1,0x0,0x0,0x1e,0x66,
0x0,0x0,0x1,0x9e,0xb8,0x5e,0x5c,0xa0,
  // :/tutorial/tutorial_zh.html
  0x0,0x0,0x0,0x3c,0x0,0x4,0x0,0x0,0x0,0x1,0x0,0x0,0xe,0xdd,
0x0,0x0,0x1,0x9e,0xb8,0x5e,0x5c,0xa0,

};

#ifdef QT_NAMESPACE
#  define QT_RCC_PREPEND_NAMESPACE(name) ::QT_NAMESPACE::name
#  define QT_RCC_MANGLE_NAMESPACE0(x) x
#  define QT_RCC_MANGLE_NAMESPACE1(a, b) a##_##b
#  define QT_RCC_MANGLE_NAMESPACE2(a, b) QT_RCC_MANGLE_NAMESPACE1(a,b)
#  define QT_RCC_MANGLE_NAMESPACE(name) QT_RCC_MANGLE_NAMESPACE2( \
        QT_RCC_MANGLE_NAMESPACE0(name), QT_RCC_MANGLE_NAMESPACE0(QT_NAMESPACE))
#else
#   define QT_RCC_PREPEND_NAMESPACE(name) name
#   define QT_RCC_MANGLE_NAMESPACE(name) name
#endif

#if defined(QT_INLINE_NAMESPACE)
inline namespace QT_NAMESPACE {
#elif defined(QT_NAMESPACE)
namespace QT_NAMESPACE {
#endif

bool qRegisterResourceData(int, const unsigned char *, const unsigned char *, const unsigned char *);
bool qUnregisterResourceData(int, const unsigned char *, const unsigned char *, const unsigned char *);

#if defined(__ELF__) || defined(__APPLE__)
static inline unsigned char qResourceFeatureZstd()
{
    extern const unsigned char qt_resourceFeatureZstd;
    return qt_resourceFeatureZstd;
}
#else
unsigned char qResourceFeatureZstd();
#endif

#ifdef QT_NAMESPACE
}
#endif

int QT_RCC_MANGLE_NAMESPACE(qInitResources_tutorial)();
int QT_RCC_MANGLE_NAMESPACE(qInitResources_tutorial)()
{
    int version = 3;
    QT_RCC_PREPEND_NAMESPACE(qRegisterResourceData)
        (version, qt_resource_struct, qt_resource_name, qt_resource_data);
    return 1;
}

int QT_RCC_MANGLE_NAMESPACE(qCleanupResources_tutorial)();
int QT_RCC_MANGLE_NAMESPACE(qCleanupResources_tutorial)()
{
    int version = 3;
    version += QT_RCC_PREPEND_NAMESPACE(qResourceFeatureZstd());
    QT_RCC_PREPEND_NAMESPACE(qUnregisterResourceData)
       (version, qt_resource_struct, qt_resource_name, qt_resource_data);
    return 1;
}

#ifdef __clang__
#   pragma clang diagnostic push
#   pragma clang diagnostic ignored "-Wexit-time-destructors"
#endif

namespace {
   struct initializer {
       initializer() { QT_RCC_MANGLE_NAMESPACE(qInitResources_tutorial)(); }
       ~initializer() { QT_RCC_MANGLE_NAMESPACE(qCleanupResources_tutorial)(); }
   } dummy;
}

#ifdef __clang__
#   pragma clang diagnostic pop
#endif
